{"type":"FeatureCollection","crs":{"type":"name","properties":{"name":"EPSG:28992"}},"features":[{"type":"Feature","properties":{"name":"'s-Gravenhage","population":568375},"geometry":{"type":"MultiPolygon","coordinates":[[[[82367.816,453762.295],[82215.251,453646.517],[81906.801,453423.926],[81618.192,453160.334],[81681.6,453046.179],[81608.019,452982.056],[81382.612,452785.702],[81356.461,452559.646],[81343.487,452447.674],[81235.16,452453.784],[81183.285,452448.099],[81033.247,452430.852],[80889.017,452414.414],[80252.934,452681.023],[79979.975,452752.394],[80184.839,452317.065],[80000.694,452192.426],[79606.656,451868.892],[79342.663,451652.239],[79174.047,451518.603],[78584.995,452386.429],[78826.901,452549.579],[78779.928,452662.63],[78839.305,452683.364],[79147.259,453011.876],[79107.371,453018.437],[78728.475,453085.374],[78665.44,453096.466],[78520.193,453169.523],[78554.541,453222.129],[78639.957,453275.176],[78778.637,453252.631],[79255.543,453190.938],[79362.903,453158.427],[79929.506,452944.492],[80311.086,452787.474],[80716.752,453137.483],[80863.009,453095.578],[81034.633,453112.888],[81178.481,453183.526],[81382.989,453379.456],[81484.605,453498.465],[81602.824,453636.814],[81910.145,453922.552],[82028.892,454032.974],[82097.265,454096.455],[82367.816,453762.295],[82598.246,453941.872],[82290.9,454233.717],[82421.398,454403.342],[82461.104,454568.283],[82446.422,454685.335],[82434.353,454795.728],[82317.867,455037.724],[82528.997,454912.8],[82665.636,454876.985],[82781.631,454866.621],[83014.167,455030.442],[83430.26,455323.545],[83945.636,455679.078],[83896.925,455743.478],[83775.691,455903.721],[83886.568,455982.865],[83997.651,456062.23],[84161.174,455807.586],[84445.62,456005.84],[84950.138,456357.457],[85004.775,456399.528],[85365.385,456672.54],[85492.084,456773.695],[85395.045,456904.018],[85312.302,456973.275],[84951.142,457470.176],[84864.767,457555.349],[84708.865,457753.559],[84617.962,457869.178],[84493.508,457783.146],[84382.246,457690.309],[84242.187,457748.27],[84172.777,457690.784],[84523.708,457269.301],[84270.31,456991.431],[83987.948,456681.384],[83923.393,456641.134],[83881.513,456614.526],[83597.549,456434.825],[83202.224,456272.38],[82937.919,456059.328],[82576.829,455768.303],[82316.835,455617.144],[82122.82,455504.09],[81941.163,455399.875],[81847.807,455345.108],[81717.812,455514.267],[81653.104,455598.454],[81593.286,455828.116],[81696.8,455900.421],[81637.501,456011.679],[81939.162,456222.89],[82238.854,456432.423],[82569.082,456620.332],[83200.937,457007.03],[83046.918,457265.798],[82662.028,457047.33],[82386.543,456898.342],[81679.024,456475.584],[81427.126,456977.703],[81672.756,457140.599],[81781.066,457212.389],[82059.199,457396.913],[82632.801,457838.583],[82701.406,457891.387],[82682.661,457909.908],[82664.528,457928.143],[82282.97,458314.657],[82146.332,458222.296],[81700.713,457858.522],[81537.321,458097.337],[81353.747,458221.454],[81328.467,458235.46],[81120.776,458349.706],[80721.31,458616.711],[80098.134,458888.005],[80000.123,458925.982],[79815.074,458970.784],[79758.186,458984.831],[79816.104,459240.335],[79704.952,459389.292],[79405.731,459184.134],[77909.72,457518.934],[77866.924,457459.341],[77846.717,457431.223],[77953.721,457313.67],[77999.826,457363.475],[78075.101,457456.116],[78235.047,457653.552],[78311.23,457559.015],[78519.694,457425.5],[78295.36,457172.129],[78150.585,456994.82],[78030.706,456848.065],[78004.733,456792.884],[77999.163,456780.674],[77979.484,456738.082],[77979.532,456665.918],[77791.892,456956.645],[77743.195,456914.56],[77661.67,456844.054],[77721.331,456768.96],[77246.764,456146.253],[77325.859,456064.398],[77364.75,456024.232],[77428.536,455958.362],[77504.473,455919.845],[77899.177,456343.683],[78083.47,456541.628],[78115.843,456498.619],[78549.091,455960.653],[78652.399,455777.742],[78590.146,455737.08],[78582.425,455723.123],[78476.057,455911.98],[78331.395,456097.479],[78192.973,455976.098],[78364.94,455674.169],[78266.085,455631.906],[78071.379,455901.586],[77707.508,455678.554],[77630.5,455723.483],[77135.475,455410.286],[76172.416,454826.895],[76270.072,454602.629],[76059.838,454472.984],[76093.311,454391.443],[75724.033,454188.168],[75637.526,454145.259],[75586.464,454198.541],[75311.225,454112.194],[75258.0,454143.648],[75136.24,454199.07],[74770.996,453687.895],[74854.049,453568.547],[74966.914,453511.593],[75141.489,453205.337],[75251.009,452964.447],[75371.919,452976.142],[75536.84,452399.597],[75640.324,452124.151],[75713.477,451929.364],[75775.244,451764.638],[75889.99,451814.167],[75924.022,451723.604],[76079.49,451433.378],[76390.062,451174.311],[77476.551,452354.493],[77764.696,452630.318],[78024.862,452356.223],[77796.55,452158.516],[77728.504,452101.542],[77876.073,451953.372],[77626.593,451741.646],[76775.022,450906.919],[76961.156,450799.733],[77126.055,450641.756],[77457.846,450160.767],[77724.113,449774.566],[77788.651,449820.245],[78149.732,450075.769],[78302.772,450184.574],[78689.016,450509.35],[79034.929,450800.331],[79663.289,451329.021],[79758.534,451245.683],[79371.586,450920.391],[79439.854,450745.656],[79261.714,450653.222],[79372.284,450378.641],[79249.864,450279.965],[79084.088,450678.181],[78554.97,450232.774],[78722.911,449856.595],[78870.778,449975.4],[79105.676,449428.129],[79322.022,449206.24],[79574.971,448950.035],[79530.935,448904.746],[79481.198,448856.984],[79985.143,448453.683],[79665.034,448268.567],[80060.633,447935.682],[80272.957,448150.646],[80419.465,448251.269],[80337.931,448386.128],[80358.32,448445.633],[80499.634,448350.995],[80622.859,448175.568],[80772.504,448277.656],[80584.385,448665.912],[80693.36,448720.813],[80447.25,449209.307],[80411.031,449282.01],[80287.42,449582.687],[80196.095,449875.039],[79842.864,450756.917],[80059.859,450931.352],[80147.444,451001.696],[80140.579,451101.946],[80174.28,451173.434],[80250.822,451335.913],[80303.783,451369.725],[80313.136,451375.705],[80338.641,451385.893],[80661.151,451514.653],[80669.779,451518.085],[80800.081,451564.936],[80901.035,451601.545],[81138.464,451687.704],[81427.849,451852.502],[81763.816,452016.352],[81921.241,452146.01],[81929.787,452165.08],[81933.368,452173.039],[81985.415,452288.557],[81930.363,452353.903],[82005.403,452404.99],[82152.394,452368.899],[82312.595,452509.267],[82375.894,452564.703],[82831.35,452880.831],[83218.589,453155.254],[82740.349,453786.973],[82467.425,453639.832],[82367.816,453762.295]],[[75462.49,453873.032],[75765.878,454042.619],[76002.449,453447.089],[75707.186,453307.013],[75669.036,453288.871],[75462.49,453873.032]],[[80963.672,457818.478],[81098.082,457615.738],[81208.464,457448.632],[81118.215,457241.22],[81054.129,457109.254],[80953.126,457006.604],[80866.7,457109.764],[80806.844,457181.483],[80602.038,457309.839],[80674.836,457416.576],[80708.688,457466.979],[80778.37,457569.535],[80838.371,457558.459],[80963.672,457818.478]],[[79938.707,458216.022],[80018.813,458275.626],[80133.187,458285.975],[80509.668,458259.512],[80651.8,458167.418],[80678.024,458090.579],[80534.3,457566.397],[80340.207,457672.014],[80239.747,457776.677],[80082.237,458087.671],[80000.095,458165.745],[79938.707,458216.022]],[[76966.306,454264.619],[77017.687,454143.302],[76723.224,453966.767],[76582.926,454078.583],[76426.654,454411.762],[76923.809,454689.805],[77315.821,454934.152],[77535.613,454536.084],[77392.223,454451.857],[77239.573,454705.725],[77206.209,454439.962],[76966.306,454264.619]],[[79330.356,456355.252],[79372.644,456508.281],[79459.662,456695.849],[79512.607,456770.212],[79597.038,456889.499],[79612.973,456912.124],[79476.532,457109.372],[79714.023,457350.8],[79697.271,457400.794],[79704.618,457431.172],[79731.086,457545.386],[79835.282,457613.413],[79862.796,457772.177],[79659.902,457899.209],[79824.536,458112.759],[79919.566,458103.255],[80000.102,458041.339],[80113.06,457804.9],[80069.471,457642.983],[80460.343,457398.422],[80437.747,457347.129],[80622.376,457036.187],[80687.545,456994.43],[80521.401,456883.581],[80540.147,456762.345],[80316.286,456612.92],[80297.737,456491.352],[80061.861,456305.565],[80053.014,456050.433],[80021.401,455981.417],[80003.793,455895.611],[79998.356,455832.823],[79963.574,455796.96],[79769.761,455797.996],[79650.63,455979.843],[79330.356,456355.252]]],[[[74073.187,450848.213],[74242.172,450477.867],[74931.102,450799.24],[74989.132,450690.869],[75558.081,450972.027],[75608.038,450890.332],[75254.284,450555.089],[75415.744,450281.271],[75913.009,450835.35],[75725.265,451006.028],[75613.517,451139.392],[75454.086,451474.653],[74681.509,451151.721],[74073.187,450848.213]]],[[[84556.466,450715.802],[84491.763,450619.243],[84467.922,450491.117],[84481.001,450326.749],[84518.352,450165.599],[84602.423,450039.508],[84851.792,449771.833],[85643.082,450289.189],[85263.7,450645.379],[85396.522,450773.655],[86319.398,451751.114],[86175.331,452069.059],[85922.806,452088.299],[85318.346,451451.56],[85121.998,451672.404],[85301.166,451839.306],[84958.054,452217.994],[84701.713,451876.27],[84598.852,451738.632],[84986.057,451155.171],[84792.85,450958.545],[84556.466,450715.802]]],[[[85886.395,449213.263],[86847.663,449878.728],[86654.044,450172.854],[86571.366,450304.009],[86501.207,450411.961],[86423.303,450645.033],[86396.277,450536.136],[86360.278,450391.2],[86019.899,450157.722],[85896.321,450072.475],[85485.664,449790.492],[85886.395,449213.263]]],[[[87458.992,453261.402],[87411.371,453317.739],[87233.264,453529.462],[87101.293,453686.15],[87027.972,453773.219],[86621.26,453247.463],[86759.197,453065.923],[86979.828,452954.637],[87224.275,452831.298],[87333.51,452776.236],[87436.865,452722.424],[87564.358,452637.632],[87739.805,452354.967],[87954.925,452314.569],[87901.129,452448.207],[87843.552,452591.188],[87704.933,452936.832],[87638.353,453026.86],[87540.274,453158.486],[87458.992,453261.402]]],[[[87685.938,453591.532],[87819.992,453064.186],[87884.182,452992.441],[87967.935,452898.847],[88180.168,452821.276],[88540.285,452761.49],[88786.682,452742.631],[88683.379,453239.106],[88067.401,454121.661],[88117.08,454193.098],[87730.477,454677.331],[87681.729,454639.323],[87417.295,454170.89],[87367.077,454068.145],[87403.387,453957.159],[87334.629,453814.886],[87503.691,453634.557],[87729.031,453826.901],[87817.738,453758.662],[87685.938,453591.532]]]]}},{"type":"Feature","properties":{"name":"'s-Hertogenbosch","population":107225},"geometry":{"type":"MultiPolygon","coordinates":[[[[149370.918,412518.093],[149262.211,412517.326],[149137.372,412494.496],[148980.241,412437.441],[148879.5,412365.415],[148829.465,412293.773],[148783.341,412227.634],[148738.601,412107.146],[148634.99,412179.424],[148480.26,412200.815],[148369.958,412148.781],[148219.244,412044.515],[147892.83,411807.383],[147726.323,411673.504],[147595.68,411554.709],[147514.935,411447.468],[147372.286,411513.155],[146992.133,411837.604],[146691.422,412094.42],[146900.384,412332.162],[146655.049,412612.644],[146317.582,412903.086],[146233.197,412971.987],[145952.905,412780.681],[145674.578,412411.437],[145654.519,412367.863],[145543.491,412126.984],[145514.877,412039.147],[145520.105,411951.302],[145572.115,411831.996],[145639.067,411771.127],[145815.98,411610.818],[146248.279,411484.888],[146474.761,411383.482],[146839.556,411053.956],[146945.848,410994.821],[147072.169,410939.828],[147228.095,410889.076],[147433.042,410853.163],[147441.503,410846.253],[147577.915,410734.852],[147659.576,410799.649],[147960.61,410732.467],[148230.22,410484.559],[148358.159,410482.608],[148412.381,410511.853],[148486.993,410585.572],[148562.509,410719.146],[148674.997,410974.942],[148738.688,411228.632],[148751.465,411300.375],[148773.881,411422.948],[148819.848,411608.852],[148906.822,411747.034],[148971.802,411824.222],[149049.519,411916.192],[149123.074,411761.24],[148994.608,411612.423],[148871.332,411017.143],[148808.977,410891.225],[148647.699,410657.96],[148692.229,410625.641],[148686.397,410579.812],[148981.676,410739.433],[149051.561,410744.023],[149172.11,410635.688],[149511.097,410752.012],[149882.647,410808.472],[149969.5,410840.648],[150052.963,410941.973],[150090.684,411012.805],[150124.178,411075.185],[150181.844,411142.605],[150244.159,411193.055],[150550.362,411252.185],[150690.978,411260.129],[150786.613,411224.836],[150850.667,411169.156],[150870.598,411104.669],[150862.079,411003.658],[151405.197,410876.357],[151472.277,411178.474],[151493.834,411254.0],[151655.136,411227.134],[151703.556,411253.858],[151752.536,411508.43],[151688.162,411664.004],[152165.172,411677.064],[152483.959,411635.342],[152363.766,411719.9],[152317.392,411820.164],[152311.234,411876.628],[152321.876,411933.918],[152374.281,411998.807],[152435.634,412056.238],[152536.782,412132.73],[152461.783,412157.966],[152385.521,412209.904],[152347.398,412418.246],[152490.564,412552.456],[152464.149,412675.126],[152426.045,412782.338],[152370.963,412937.454],[152268.548,412856.571],[151888.947,413076.517],[151635.603,412951.297],[151679.008,412837.9],[151431.624,412710.239],[151425.833,412683.821],[151397.434,412553.897],[151429.335,412404.071],[151211.16,412360.619],[150528.432,412219.33],[150350.345,412219.547],[150401.472,411918.615],[150445.905,411739.457],[150264.982,411720.544],[150114.772,411682.082],[150031.403,411661.359],[149844.954,411889.449],[149856.137,411940.392],[149933.364,411975.525],[150038.602,411987.714],[150153.186,412085.617],[150153.444,412209.942],[150153.88,412412.868],[149920.369,412425.837],[149742.562,412455.668],[149370.918,412518.093]]],[[[148959.262,413538.376],[148757.189,413442.722],[148859.419,413191.775],[148913.278,412973.986],[148917.73,412825.012],[149074.794,412865.155],[149182.82,412940.959],[149293.011,412917.526],[149438.362,412965.814],[149431.036,413061.111],[149473.063,413124.59],[149667.953,413128.33],[149691.551,412858.07],[149708.694,412726.105],[149716.188,412621.018],[149842.596,412593.964],[150106.428,412598.763],[150276.978,412646.996],[150655.409,412799.851],[150897.067,412921.916],[150955.845,412951.573],[150998.571,413092.442],[151006.02,413246.912],[151007.463,413280.398],[151009.891,413336.023],[150949.31,413337.239],[150880.529,413368.78],[150860.176,413329.357],[150694.987,413251.395],[150235.141,413035.81],[150255.986,412781.576],[150160.712,412726.04],[150124.521,413045.206],[150157.723,413214.557],[150186.554,413259.921],[150302.326,413443.547],[150474.892,413616.556],[150457.979,413638.655],[150263.946,413901.559],[150214.117,413974.977],[150099.123,414192.811],[150177.907,414231.785],[150326.583,413964.692],[150534.05,413691.209],[150623.843,413587.999],[150897.763,413783.018],[151294.188,414065.74],[151169.151,414267.481],[151042.402,414564.849],[150880.995,414453.502],[150737.213,414354.328],[150643.444,414561.562],[150421.626,414481.656],[150421.788,414737.095],[150261.266,414730.401],[150129.903,414688.639],[150044.331,414661.41],[150002.641,414813.424],[149995.115,414958.561],[150155.334,415124.785],[150157.133,415198.989],[150144.857,415258.578],[150070.934,415334.747],[149936.766,415375.376],[149775.598,415393.341],[149834.742,415464.038],[149841.06,415596.368],[149763.098,415732.122],[149566.113,415967.299],[149416.303,416149.474],[149346.474,416189.214],[149291.0,416185.995],[149156.955,416039.015],[148995.118,416084.208],[148807.106,415991.984],[148619.081,416003.288],[148569.739,416097.528],[148477.288,416107.548],[148390.934,416077.9],[148370.487,416025.805],[148235.937,416067.036],[148234.858,416137.684],[148214.436,416233.668],[148177.168,416284.506],[148068.814,416330.768],[147877.959,416505.091],[147765.598,416545.526],[147404.419,416528.257],[147312.75,416523.279],[147367.283,416316.931],[147470.455,416020.173],[147559.943,416062.038],[147642.103,416078.438],[147737.277,416065.172],[147824.726,416035.731],[147874.885,415967.35],[147938.049,415860.291],[147940.654,415796.65],[147930.249,415741.093],[147930.153,415673.173],[148001.305,415518.987],[148040.811,415485.0],[148122.906,415472.148],[148154.739,415459.811],[148175.851,415438.144],[148257.644,415199.506],[148310.531,415118.387],[148363.44,415079.712],[148437.441,415053.692],[148534.582,415049.339],[148738.697,415001.52],[148951.541,415114.183],[149139.255,415132.206],[149245.514,415065.888],[149466.161,414776.158],[149558.187,414539.866],[149605.404,414299.508],[149477.644,414250.361],[149145.331,414143.71],[149139.946,414327.73],[149087.602,414270.718],[148961.628,414187.705],[148812.186,414131.926],[148893.543,413803.684],[148959.262,413538.376]],[[148959.262,413538.376],[149142.166,413619.319],[149297.556,413208.671],[149184.596,413162.964],[149107.04,413160.495],[149060.626,413279.257],[148959.262,413538.376]]],[[[151218.923,410070.463],[151212.161,410599.756],[151251.845,410772.002],[150654.932,410913.828],[150640.22,410772.938],[150221.564,410880.288],[150278.632,410677.808],[150081.928,410683.948],[150025.806,410645.343],[149815.25,410665.914],[149626.609,410646.197],[149604.863,410422.546],[149662.185,410085.498],[149819.524,409944.042],[149975.443,409861.947],[150144.836,409796.42],[150224.771,409809.916],[150254.363,409834.531],[150259.835,409916.798],[150779.971,409934.859],[150857.749,409937.966],[150849.766,410070.809],[151218.923,410070.463]]]]}},{"type":"Feature","properties":{"name":"Alkmaar","population":98325},"geometry":{"type":"Polygon","coordinates":[[[113443.424,517029.405],[113367.634,516897.296],[113333.783,516805.502],[113250.182,516817.953],[113198.189,516825.741],[113056.435,516786.615],[112944.392,516790.079],[112907.641,516629.6],[112815.829,516581.149],[112734.891,516616.231],[112696.068,516561.762],[112567.283,516622.131],[112591.566,516650.964],[112708.683,516674.154],[112736.62,516816.57],[112741.387,516890.416],[112726.567,517000.875],[112579.137,516955.023],[112610.377,517060.466],[112670.554,517150.136],[112722.983,517283.604],[112724.912,517334.553],[112643.974,517454.095],[112753.833,517532.654],[112905.437,517641.068],[112921.339,517652.449],[113099.154,517779.561],[113044.15,517857.313],[113545.159,518191.663],[113581.224,518334.794],[113658.846,518642.988],[113879.823,519649.297],[113771.633,519821.352],[113535.768,519918.986],[113784.452,520708.681],[113679.488,520746.899],[113638.757,520761.709],[113577.62,520831.052],[113498.637,520805.681],[113427.69,520782.915],[113186.326,520864.089],[113081.885,520899.201],[112722.736,521007.503],[112440.003,521092.8],[112131.409,521185.962],[112056.387,521142.22],[112182.631,520898.583],[112246.81,520630.176],[112238.651,520474.458],[111803.852,519623.773],[111765.799,519524.793],[111792.413,519389.523],[111696.864,519392.147],[111631.789,519393.891],[111643.805,519077.589],[111480.242,518737.307],[111451.499,518636.578],[111521.19,517831.368],[111666.084,517856.234],[111773.759,517874.423],[111868.593,517891.002],[111890.698,517703.472],[111866.775,517592.461],[111828.987,517571.151],[111708.559,517558.192],[111788.042,517065.535],[111803.046,516974.545],[111738.297,516967.049],[111658.457,516956.293],[111570.358,516945.612],[111493.97,516934.883],[111475.812,517058.896],[111442.563,517289.702],[111242.936,517296.6],[111097.046,517423.147],[111076.089,517441.139],[111026.512,517573.615],[110999.653,517688.082],[110959.455,517775.351],[110900.314,517795.913],[110620.76,517943.154],[110482.02,517679.851],[110356.766,517442.134],[110231.984,517205.528],[110133.98,517262.509],[110026.251,517325.422],[109879.729,517053.028],[109912.89,516982.228],[109976.814,517021.144],[110081.423,516945.85],[110043.221,516880.825],[110118.415,516794.007],[109921.769,516512.668],[109795.045,516330.84],[109414.942,515809.747],[109449.072,515755.516],[109627.931,515612.479],[109855.655,515421.483],[109996.122,515313.254],[110084.716,515248.736],[110115.311,515225.087],[110227.013,515139.606],[110362.235,515026.317],[110595.199,514831.915],[110749.059,514703.168],[111067.225,514437.137],[111217.444,514345.381],[111262.197,514316.94],[111442.056,514194.548],[111641.959,514292.59],[111818.966,514191.436],[112409.65,514508.468],[112535.659,514543.484],[112514.598,514743.017],[112832.67,515368.091],[112516.56,515589.98],[112648.093,515992.997],[113169.162,515769.196],[113360.009,515646.002],[113436.693,515506.144],[113484.654,515436.524],[113534.545,515482.671],[113761.369,515685.06],[113833.753,515749.381],[113913.734,515867.998],[113958.236,516059.911],[113947.624,516409.352],[113961.532,516542.099],[114171.343,516896.097],[114245.311,517019.388],[113771.337,517045.886],[113725.431,517044.715],[113762.256,517269.74],[113784.366,517427.678],[113868.165,517689.586],[114132.159,518215.441],[114176.762,518414.644],[113742.844,518115.05],[113527.824,517958.852],[113476.078,517930.47],[113378.294,517693.39],[113430.563,517619.615],[113525.798,517615.692],[113524.29,517437.662],[113488.87,517355.561],[113455.503,517384.053],[113304.067,517513.363],[113184.144,517293.668],[113465.981,517138.933],[113443.424,517029.405]],[[110877.056,515379.076],[110711.369,515489.677],[110568.542,515585.166],[110566.61,515700.688],[110564.564,515807.254],[110697.13,516161.305],[110944.744,515963.003],[110750.201,515650.455],[111048.93,515478.014],[110958.57,515324.429],[110877.056,515379.076]],[[111965.024,515447.017],[112160.691,515381.263],[112444.653,515255.439],[112543.891,515149.422],[112422.881,514990.512],[112367.834,514929.511],[112218.477,514934.206],[112098.64,514953.503],[112002.558,515020.999],[111831.322,515147.746],[111965.024,515447.017]]]}},{"type":"Feature","properties":{"name":"Almelo","population":70695},"geometry":{"type":"Polygon","coordinates":[[[243403.573,489361.876],[243047.334,489565.666],[242982.799,489431.192],[242846.875,489311.192],[242597.138,489184.442],[242275.133,488975.019],[242196.009,488934.112],[242245.059,488663.718],[242248.008,488647.133],[242355.292,488078.965],[242342.757,488082.972],[242082.51,488163.281],[242035.94,488142.927],[241801.32,488129.944],[241686.914,488128.71],[241660.28,487896.21],[241506.052,487869.965],[241567.608,487446.098],[241603.231,487234.891],[241606.615,487189.601],[241494.472,486984.202],[241243.549,487099.719],[241228.657,486714.242],[241302.011,486655.153],[241296.853,486546.893],[240994.794,486610.837],[240794.375,486775.834],[240540.267,486934.064],[240445.774,486971.431],[240269.951,487006.17],[239997.871,487003.199],[239910.323,486991.675],[239809.521,486550.31],[239712.034,486519.923],[239751.282,486394.79],[239804.822,486415.407],[239797.045,486047.254],[240744.914,486005.324],[240835.874,486003.845],[240928.639,486002.344],[240976.473,485806.814],[241016.459,485680.534],[240970.157,485656.97],[240853.866,485596.297],[240711.776,485522.048],[240685.775,485508.465],[240653.314,485480.303],[240638.403,485467.747],[240615.391,485419.384],[240502.867,485183.957],[240254.034,484880.796],[240398.537,484726.383],[240310.539,484606.454],[240163.445,484666.066],[239840.694,484574.039],[239785.968,484857.431],[239636.567,484786.093],[239459.961,484772.885],[239518.232,484556.099],[239563.67,484466.013],[239650.269,484404.344],[239617.608,484299.677],[239620.986,484263.624],[239132.681,484162.521],[239296.703,483646.402],[239490.565,483075.768],[239736.277,483028.621],[240493.03,483029.925],[240494.649,482920.616],[240822.193,482893.525],[240843.768,483260.583],[240919.044,483256.273],[240988.895,483213.086],[241094.355,483550.114],[241295.47,483571.598],[241495.773,484137.428],[241746.094,484130.915],[241657.588,483876.019],[241389.03,483092.761],[241963.612,483178.744],[242071.474,483186.432],[242068.028,483503.702],[242246.232,483479.027],[242256.461,484088.441],[242191.666,484339.413],[242399.234,484423.711],[242247.896,484565.371],[242333.246,484691.855],[242601.154,484724.146],[242608.51,484472.826],[242644.019,484476.906],[242931.202,484426.371],[243096.618,484593.523],[243015.585,484720.947],[243253.806,484999.133],[242993.886,485244.274],[242896.653,485411.529],[242843.951,485523.769],[243005.772,485494.991],[243033.382,485431.383],[243133.057,485297.448],[243500.0,484956.468],[243571.369,485047.111],[243682.456,484956.404],[243785.863,485067.491],[243369.231,485467.155],[243419.529,485487.921],[243357.234,485568.211],[243597.019,485734.934],[243703.188,485907.556],[243640.477,485946.547],[243387.077,486055.569],[243217.785,485946.65],[243139.338,485968.451],[243135.918,486014.964],[243039.408,486042.898],[243022.576,485968.481],[242971.001,485952.704],[243003.557,485859.971],[242793.253,485808.928],[242751.574,486158.182],[242743.696,486198.828],[242457.861,486136.885],[242140.576,486180.904],[242192.356,486422.197],[242614.528,486448.874],[242691.202,486468.766],[242613.518,486814.655],[242686.893,486858.804],[243032.497,486985.929],[243207.924,487060.399],[244284.098,487512.394],[244316.367,487756.198],[244313.189,487792.531],[244882.827,488028.017],[244671.5,488460.697],[244392.913,488377.347],[243996.764,488959.673],[244011.587,489183.518],[243742.267,489209.489],[243688.602,489063.96],[243403.573,489361.876]]]}},{"type":"Feature","properties":{"name":"Almere-Buiten","population":58275},"geometry":{"type":"MultiPolygon","coordinates":[[[[148108.037,489607.003],[147581.916,489225.907],[147408.032,489429.008],[147235.505,489620.152],[147540.955,489821.959],[147814.819,490013.928],[147727.575,490136.225],[147687.198,490193.141],[147575.109,490353.753],[147306.786,490739.753],[146508.031,490188.08],[146252.864,490525.715],[146201.752,490485.862],[145452.872,490117.3],[145365.773,490074.466],[145929.318,489244.027],[146798.378,489803.557],[146908.947,489657.84],[146429.725,489306.719],[146066.796,489040.884],[146564.053,488326.967],[146712.964,488170.443],[146854.762,488133.768],[147063.566,488120.743],[147082.459,488119.822],[147217.973,488175.183],[147419.741,488280.571],[147753.992,488455.365],[148613.392,488892.614],[149477.716,489334.734],[149577.703,489388.53],[150251.092,489748.553],[150447.046,489853.679],[151035.674,490168.326],[151405.788,490367.872],[151121.617,490795.567],[151006.194,490700.083],[150947.8,490775.568],[150907.793,490742.89],[150752.855,490995.481],[150608.233,490896.193],[150387.615,491002.486],[150244.544,491071.384],[150069.538,490945.605],[149819.339,490765.836],[149626.195,490627.13],[148890.098,490159.01],[148761.319,490069.548],[148555.38,489923.723],[148406.205,490165.477],[148073.759,489989.412],[148260.11,489714.663],[148108.037,489607.003]]],[[[149098.927,491368.647],[148953.259,491599.643],[148194.122,491092.99],[147878.335,490869.74],[147666.834,491142.315],[147420.546,490968.337],[147720.625,490544.521],[147714.817,490460.08],[147873.692,490248.444],[147964.29,490114.573],[148475.063,490460.347],[148598.664,490547.861],[148702.86,490525.974],[149327.119,490935.892],[149381.225,490972.325],[149098.927,491368.647]]]]}},{"type":"Feature","properties":{"name":"Almere-Stad","population":111205},"geometry":{"type":"MultiPolygon","coordinates":[[[[147275.033,487461.72],[147361.014,487533.129],[147502.878,487769.571],[147168.918,487876.515],[146791.967,488000.187],[146683.084,488035.585],[146553.464,488107.571],[146437.51,488205.795],[146326.473,488309.132],[146139.62,488521.256],[145917.47,488854.843],[145909.934,488865.872],[145641.453,488713.608],[145313.931,488528.316],[145309.024,488525.766],[145243.153,488473.713],[145190.095,488428.811],[145147.623,488383.945],[145094.535,488308.057],[144994.505,488235.269],[144981.993,488226.337],[144691.094,488031.276],[144650.549,488000.374],[144612.234,487944.877],[144582.542,487862.158],[144567.528,487733.567],[144574.515,487640.646],[144465.8,487640.042],[144206.674,487643.829],[144295.03,487285.084],[144033.73,487223.293],[143972.709,487206.684],[143917.107,487192.51],[143829.008,487172.959],[143709.212,487244.497],[143652.055,487560.732],[143618.724,487811.824],[143749.894,487852.357],[143707.21,488034.707],[143830.566,488054.789],[144140.108,488105.503],[144233.967,488120.541],[144268.628,488231.675],[144220.323,488295.034],[144201.637,488390.096],[144090.574,488427.947],[144215.918,488553.235],[144359.148,488640.657],[144515.506,488709.529],[144543.514,488722.154],[144664.183,488737.199],[144849.047,488685.021],[145135.306,488828.752],[144952.835,489135.155],[144704.49,489552.911],[144614.415,489704.588],[144515.241,489656.008],[144299.853,489550.768],[144163.945,489484.417],[144216.664,489375.262],[144194.233,489312.501],[144210.767,489278.474],[143793.897,489085.69],[143608.807,488499.355],[143380.965,488440.693],[143431.791,488281.687],[143517.02,488231.696],[143428.043,487932.711],[143199.275,488011.194],[143162.105,488155.316],[143106.183,488372.029],[143040.202,488649.239],[142765.12,488580.539],[142721.065,488496.309],[142522.33,488576.64],[142591.212,488894.186],[142352.179,488875.933],[141997.51,488817.772],[141801.006,488756.318],[141583.16,488622.107],[141540.143,488588.455],[141485.901,488545.988],[141741.808,488161.039],[141885.517,487921.434],[142000.443,487981.714],[142660.188,487758.381],[142621.295,487604.765],[142648.097,487539.385],[143040.609,487611.298],[143082.748,487437.678],[142748.903,487370.957],[142690.691,487361.978],[142797.52,486901.408],[142536.916,486874.576],[142457.783,487143.871],[142411.956,487279.342],[142364.266,487417.433],[142133.598,487488.292],[141867.368,487588.687],[141688.111,487816.983],[141659.475,487853.499],[141528.976,487890.905],[141405.086,487916.557],[141318.169,488014.989],[140820.902,487752.581],[140702.053,487602.77],[140808.323,487545.83],[140740.617,487492.84],[140634.198,487288.03],[140490.924,486816.905],[140438.911,486489.27],[140795.691,486518.162],[140876.038,486522.048],[140959.894,486478.472],[141088.28,486380.529],[140967.298,486279.898],[140785.237,486128.874],[140447.18,485829.776],[140372.767,485763.792],[140246.769,485635.544],[140413.188,485104.482],[140410.332,485002.85],[140592.091,485008.826],[140797.009,485096.244],[140955.443,484796.488],[141680.29,485187.526],[141702.237,485191.25],[141668.913,485314.009],[141679.012,485445.831],[141828.066,485954.08],[141949.308,486028.028],[142269.788,485483.329],[142960.331,485844.434],[143010.099,485987.289],[143102.946,486256.438],[143218.404,486472.016],[143279.812,486517.099],[144039.125,486740.279],[144399.209,486693.652],[144532.96,486447.193],[144743.705,486058.992],[144693.891,486032.893],[144718.789,485984.441],[144683.717,485956.197],[145127.195,485359.412],[145645.181,485676.733],[145492.274,485937.385],[145258.194,486337.06],[145287.413,486353.581],[145141.844,486636.482],[145042.276,486740.659],[144976.128,486833.365],[144888.274,486983.808],[145079.487,487040.277],[145133.332,487096.247],[145163.13,487115.102],[145408.309,486701.493],[145569.516,486504.188],[145596.712,486461.188],[145955.404,485823.415],[146147.402,485900.73],[146692.51,486217.778],[146576.255,486405.791],[147080.979,486628.931],[147367.677,486757.491],[147235.053,487111.91],[147094.467,487329.712],[147275.033,487461.72]]],[[[139941.584,490159.645],[139981.298,490059.662],[139799.813,489950.064],[140137.157,489314.707],[140377.085,488870.205],[140566.996,488977.241],[140614.294,488913.737],[140739.872,488693.789],[141009.029,488513.992],[141359.26,488678.298],[141342.504,488736.759],[141123.643,489153.003],[141066.294,489250.633],[140905.818,489169.197],[140847.753,489252.757],[140814.048,489368.07],[140930.903,489443.174],[140560.138,490132.371],[140493.51,490260.579],[140409.257,490422.72],[139941.584,490159.645]]]]}},{"type":"Feature","properties":{"name":"Alphen aan den Rijn","population":74795},"geometry":{"type":"Polygon","coordinates":[[[104246.75,460931.33],[104234.799,460498.789],[104451.519,460437.218],[104632.959,460302.912],[104496.265,460217.845],[104320.691,460124.944],[103951.815,459918.648],[103574.7,459743.174],[103480.976,459647.453],[103333.554,459552.07],[103404.584,459423.875],[103585.695,459183.942],[103711.72,459027.367],[103933.302,458856.627],[103842.413,458757.699],[104045.967,458580.863],[104351.145,458455.962],[104543.627,458413.781],[104708.122,458452.282],[104761.743,458528.402],[104768.717,458655.899],[104777.7,459033.114],[104857.884,459030.524],[104863.319,458890.273],[104873.089,458649.95],[105035.632,458539.661],[105115.606,458488.064],[105361.774,458847.94],[105428.348,458912.422],[105509.168,458990.727],[105558.93,459028.452],[105607.145,459058.793],[105703.63,459097.613],[105826.06,459124.662],[105935.564,459108.781],[106004.642,459087.904],[106100.865,459058.695],[106217.19,459266.455],[106342.085,459465.566],[106296.324,459499.561],[106165.786,459590.634],[106047.542,460571.057],[105987.758,460757.962],[105844.415,461087.171],[105973.807,461169.12],[106063.282,461254.804],[106120.574,461455.243],[106163.267,461441.861],[106536.139,461342.297],[106584.706,461365.968],[106841.6,461734.879],[106876.28,461742.61],[106916.907,461933.206],[107039.895,461870.041],[107092.73,461822.465],[107260.92,462081.377],[107265.149,462485.736],[107229.154,462607.641],[106987.833,462733.92],[106979.889,462736.945],[106562.502,462911.627],[105967.054,463075.137],[105661.888,463158.996],[105572.666,463250.733],[105583.217,463430.603],[104609.861,463536.465],[104564.393,463318.119],[104528.275,463144.797],[104512.373,462974.219],[104665.356,462907.964],[104585.04,462405.905],[104609.452,462170.772],[104620.398,462065.513],[104507.277,462052.197],[104363.007,462035.418],[104394.667,461820.349],[104501.572,461824.323],[104689.917,461829.2],[104978.727,461773.264],[105034.363,461757.46],[105021.835,461621.395],[104995.258,461439.796],[104917.977,461448.03],[104843.031,461470.594],[104770.802,461517.945],[104709.334,461579.987],[104605.228,461643.129],[104463.538,461632.051],[104262.364,461575.074],[104387.173,461232.6],[104638.841,461312.102],[104629.6,460920.646],[104246.75,460931.33]]]}},{"type":"Feature","properties":{"name":"Amersfoort","population":152500},"geometry":{"type":"Polygon","coordinates":[[[156206.829,467783.187],[156412.855,467553.377],[156253.246,467404.578],[156389.756,466918.183],[156231.358,466765.769],[155726.021,467394.235],[155538.185,467213.022],[155492.036,467168.458],[155460.138,467180.749],[155422.15,467235.096],[155410.339,467408.217],[155404.274,467576.164],[155399.305,467714.238],[155330.53,468119.167],[155327.111,468138.248],[155147.447,468282.1],[155008.092,468386.96],[154864.539,468492.66],[154369.72,468710.824],[154325.668,468729.911],[154226.932,468752.845],[154139.978,468707.464],[154088.702,468655.292],[154007.793,468608.188],[153877.909,468579.788],[153716.861,468583.61],[153494.734,468580.278],[153527.498,468065.798],[153544.28,467941.514],[153599.637,467627.409],[153717.946,467333.315],[153780.922,467346.484],[153869.192,467343.292],[154048.906,467302.311],[154203.396,467289.712],[154313.754,467292.867],[154417.788,467311.768],[154530.781,467351.087],[154701.549,467422.17],[154976.579,467437.905],[154965.571,467341.998],[154870.392,467237.415],[154992.238,467090.16],[155056.72,467012.222],[155033.54,466973.614],[155001.641,466887.053],[154826.851,466554.609],[154798.877,466403.908],[154710.684,466266.116],[154874.166,466154.181],[155442.065,465964.78],[155499.812,465432.961],[155342.114,465438.455],[155153.155,465516.494],[155002.402,465544.084],[154796.45,465471.546],[154662.266,465186.782],[154542.245,465114.639],[154237.013,465047.697],[154080.367,464683.902],[154128.244,464622.367],[154192.766,464252.472],[154250.786,464270.932],[154346.735,464229.308],[154369.498,463777.756],[154560.322,463680.495],[154617.694,463651.229],[154800.932,463498.793],[154727.197,463404.615],[154653.391,463310.438],[153863.689,463825.909],[153319.281,464021.157],[152996.048,464064.778],[152650.948,464008.131],[152515.721,463948.505],[152321.988,463821.38],[152247.585,463772.522],[152666.657,463284.656],[152734.299,463205.686],[152813.331,463113.527],[153058.85,462891.462],[153165.664,462853.204],[153294.183,462841.254],[153188.475,462819.261],[152981.626,462734.004],[152686.479,462566.075],[152584.166,462505.431],[151741.267,462008.469],[151597.653,461992.043],[151749.086,461558.308],[152611.302,462000.354],[152781.65,461958.275],[152863.42,461975.596],[153073.7,461995.927],[153251.113,461587.984],[153235.915,461488.245],[153617.443,461844.211],[153771.807,461601.402],[153958.114,461487.597],[153759.118,461218.172],[153590.61,461105.733],[153552.128,460838.777],[153926.796,460836.124],[154142.097,460730.832],[154171.346,460819.946],[154253.537,461054.301],[154527.781,460944.677],[154670.733,460981.549],[154723.532,461286.396],[154953.003,461282.329],[155284.747,461316.995],[155335.574,461341.086],[155521.938,461436.174],[155591.126,461322.864],[155716.3,461097.525],[155929.587,461282.307],[155879.008,461408.299],[155865.345,461440.451],[155740.983,461739.663],[155755.292,461942.158],[155711.373,462004.345],[155357.904,462504.863],[155333.194,462541.299],[155586.799,462546.497],[155854.879,462552.044],[155999.591,462244.661],[156167.489,461944.853],[156396.476,461971.56],[156431.808,462045.836],[156495.672,462148.548],[156790.729,462278.097],[156545.771,462484.734],[156511.455,462790.744],[156876.811,462865.97],[156990.86,462866.015],[156926.151,463045.952],[156839.037,463222.878],[156752.306,463399.026],[157020.383,463544.768],[157240.684,464589.706],[157272.218,464745.819],[156695.886,464876.818],[156824.026,464204.185],[156604.259,464132.679],[156539.044,464495.311],[155914.136,464777.699],[155864.751,464739.917],[155679.311,464597.308],[155864.732,464842.777],[155929.328,464927.959],[156126.432,465124.263],[156636.322,465632.254],[156724.456,465719.735],[156668.037,466095.609],[156625.095,466380.088],[156516.355,466502.328],[156444.218,466583.749],[156588.507,466694.665],[156689.104,466779.924],[156808.411,466830.868],[156901.548,466740.003],[157152.715,466433.973],[157281.726,466288.892],[157437.717,466158.736],[157647.983,466097.541],[157946.691,466140.99],[158099.827,466235.099],[158206.589,466383.255],[158249.792,466462.334],[158341.227,466759.517],[158273.366,466953.398],[158188.561,467186.045],[158358.773,467352.604],[158536.427,467517.283],[158533.709,467636.552],[158416.591,467734.824],[158355.876,467789.857],[156655.689,469223.814],[156538.919,469321.853],[156409.575,468604.959],[156437.536,468596.511],[156413.936,468418.82],[156398.452,468302.214],[156165.443,468020.885],[156318.403,467917.896],[156206.829,467783.187]]]}},{"type":"Feature","properties":{"name":"Amstelveen","population":93540},"geometry":{"type":"Polygon","coordinates":[[[118501.162,481080.862],[118182.371,481144.089],[117767.874,481146.858],[117799.161,480076.947],[117715.877,479836.512],[117960.195,479768.472],[118133.391,479720.502],[118128.253,479530.216],[118096.123,479347.254],[118079.451,479252.188],[118046.254,479200.641],[117887.91,478880.708],[117684.038,478424.875],[117669.742,478392.938],[117154.674,478545.56],[116671.085,478227.273],[116559.818,478084.323],[116444.135,477892.34],[116233.312,477542.437],[116036.513,477217.968],[115685.346,476653.112],[116188.89,476416.978],[116298.887,476374.114],[116864.766,476097.228],[117431.147,475819.514],[117638.062,476706.361],[117680.883,476954.331],[119570.646,476494.764],[119662.932,476830.242],[119733.393,477087.823],[119696.292,477205.919],[119691.221,477341.534],[120000.266,478100.351],[120017.661,478143.177],[120073.173,478279.421],[120059.424,478525.363],[120045.916,478766.519],[119790.078,479019.186],[120193.514,479047.764],[120475.569,479181.088],[120546.625,479373.308],[120616.355,479346.341],[120679.908,480335.012],[120755.128,480609.933],[120675.876,480751.069],[120679.931,480986.316],[120508.786,480993.015],[120508.463,481176.219],[119699.568,481269.05],[119684.792,481477.004],[119690.92,481752.404],[119142.554,481766.976],[119031.244,481775.462],[118814.915,481650.584],[118803.909,481255.831],[118763.71,481078.931],[118501.162,481080.862]]]}},{"type":"Feature","properties":{"name":"Amsterdam","population":903250},"geometry":{"type":"MultiPolygon","coordinates":[[[[115057.485,484008.483],[115103.984,484011.056],[115402.108,484032.859],[115730.201,484057.39],[115728.28,483961.491],[115947.488,483966.263],[116276.552,483866.758],[116677.28,483862.41],[116860.251,483860.438],[116863.538,483968.343],[116879.868,484609.181],[117205.569,484603.285],[117330.607,484598.769],[117546.884,484598.46],[117569.432,484656.038],[117649.468,484877.413],[117716.542,484984.725],[117796.602,485111.469],[117829.418,485198.623],[117661.901,485471.549],[117627.738,485656.458],[117628.052,485796.933],[117655.2,485882.46],[117861.893,486191.23],[117867.287,486355.867],[117879.46,486719.958],[117762.253,487028.555],[117670.846,487153.644],[117644.442,487313.848],[117670.955,487465.141],[117719.796,487520.851],[117789.474,487581.023],[117936.624,487629.152],[117799.255,487771.942],[117750.642,487948.893],[117826.805,488115.945],[117883.428,488148.232],[118057.228,488174.912],[117842.063,488333.64],[117754.933,488517.167],[117631.616,488515.596],[117508.501,488513.748],[116284.464,488495.828],[115838.429,488487.888],[115103.607,488476.806],[114611.99,488469.902],[114212.396,488463.509],[114226.201,487954.723],[114572.974,487958.713],[114563.923,487909.495],[114404.448,487736.277],[114519.116,487481.973],[114972.108,487403.95],[115489.758,487314.992],[115843.787,487253.921],[116154.744,487200.948],[116266.314,487436.964],[116315.463,487625.458],[116603.238,487558.229],[116589.369,487478.112],[116544.126,487400.799],[116703.426,487305.426],[116753.092,487224.315],[116889.095,487294.587],[116995.754,487087.861],[117014.378,487052.112],[116938.408,486867.155],[116980.289,486835.399],[116865.95,486621.699],[116854.531,486373.657],[116622.079,486377.461],[116305.744,485877.549],[116313.73,485636.144],[116235.521,485636.257],[116119.917,485611.24],[116095.86,485605.866],[116007.65,485586.199],[115630.038,485507.356],[115588.698,485637.092],[115468.35,486015.369],[115286.204,486634.71],[115182.44,486601.72],[114965.074,486536.883],[114687.037,486454.247],[114143.108,486299.102],[114067.933,486269.57],[113962.645,486215.088],[113807.244,486098.213],[113739.449,486002.753],[113483.618,485642.603],[113353.075,485673.523],[113225.647,485492.84],[113183.755,485433.442],[113075.418,485279.863],[112858.763,484961.305],[113687.538,484398.733],[114175.473,484067.711],[114346.119,483951.975],[114595.073,484372.589],[114698.721,484547.882],[114769.899,484665.358],[114788.547,484696.139],[114866.747,484768.552],[115173.982,484882.119],[115689.595,485029.871],[116014.279,485122.933],[116375.082,485136.066],[116879.441,485153.79],[116880.897,484980.644],[116306.078,484977.324],[115721.49,484915.288],[115477.939,484847.632],[114936.871,484664.669],[114875.77,484574.981],[115011.216,484459.053],[114915.99,484128.019],[115052.052,484073.953],[115057.485,484008.483]]],[[[118797.613,482610.454],[118820.274,482381.91],[118814.915,481650.584],[119031.244,481775.462],[119142.554,481766.976],[119690.92,481752.404],[120000.066,481764.67],[120562.03,481788.207],[121225.77,481815.562],[121237.317,482023.553],[121107.182,482020.438],[121134.681,482451.578],[121128.494,482876.218],[121117.577,483172.766],[121189.865,483248.1],[121117.44,483301.782],[121029.499,483368.701],[120901.22,483466.387],[120781.643,483535.532],[120587.945,483559.799],[120338.99,483556.921],[120222.163,483555.572],[120096.924,483545.273],[120000.158,483537.612],[119720.189,483515.402],[119613.036,483466.097],[119457.874,483318.668],[119302.952,483309.548],[119064.662,483294.306],[119066.469,483383.419],[119068.119,483455.564],[118863.891,483437.248],[118628.596,483416.331],[118718.349,482988.29],[118797.613,482610.454]]],[[[122348.735,483691.329],[122299.295,483774.383],[122585.346,483974.56],[122468.337,484435.031],[122560.453,484453.952],[122655.995,484475.802],[122758.018,484498.891],[122955.133,484543.45],[123149.307,484597.383],[123298.823,484244.538],[123280.122,484218.788],[123295.138,484137.633],[123136.985,484092.364],[123173.738,484000.554],[123192.853,483952.808],[123346.879,483943.752],[123564.847,483776.739],[123920.7,484145.229],[124004.834,484054.129],[124543.928,484548.251],[124905.218,484158.771],[124371.195,483658.903],[124422.272,483603.343],[124573.339,483460.377],[124624.058,483412.387],[124692.889,483461.2],[124754.491,483504.106],[125075.607,483758.064],[125173.035,483843.651],[125188.28,483857.133],[125140.948,483907.49],[125001.322,484055.208],[125188.559,484247.624],[125311.875,484373.725],[125120.198,484583.452],[124859.446,484837.557],[125065.888,485026.847],[125028.95,485053.385],[124723.716,485275.946],[124623.873,485353.779],[124502.202,485448.772],[124532.044,485504.222],[124604.968,485658.267],[124601.532,485719.819],[124916.649,485698.862],[125010.745,486166.781],[125053.002,486271.839],[125109.673,486383.931],[124941.517,486543.731],[124269.616,486526.894],[124128.912,486518.87],[123996.044,486511.302],[123779.147,486502.098],[123747.565,486473.48],[123617.332,486564.6],[123503.787,486644.378],[123551.733,486707.885],[123222.165,486906.55],[122934.193,487082.991],[122849.507,487083.542],[122730.551,487014.386],[122657.436,487060.707],[122620.132,487084.262],[122591.103,487102.589],[122544.78,487131.879],[122452.068,487190.683],[122404.596,487221.094],[122287.816,487295.748],[122007.598,487579.455],[121830.0,488030.892],[121653.656,488149.134],[121529.072,488232.705],[121391.343,488325.104],[121247.992,488421.106],[121201.158,488452.47],[121146.363,488489.286],[120780.807,488734.762],[120694.777,488792.551],[120633.401,488611.778],[120487.572,488690.85],[120092.547,488724.228],[120000.285,488732.503],[119291.383,488720.67],[118695.177,488707.106],[118061.106,488692.73],[118059.815,488520.439],[118219.454,488521.75],[118384.815,488523.525],[118319.772,488374.184],[118272.828,488319.733],[118057.228,488174.912],[118213.674,488098.192],[118256.365,487992.613],[118244.924,487823.347],[118118.548,487674.466],[117936.624,487629.152],[118085.397,487439.547],[118134.971,487238.392],[118030.927,486981.972],[118174.774,486991.523],[118272.046,486997.976],[118457.235,486354.859],[118399.324,486353.174],[118382.65,486043.025],[118252.703,486028.302],[118227.042,485679.109],[118117.279,485677.424],[118090.046,485529.473],[118009.837,485381.084],[117829.418,485198.623],[117864.726,485110.066],[117869.196,485102.021],[118012.665,484849.199],[118069.664,484576.277],[118019.623,484463.769],[118001.918,484424.401],[117788.315,484265.166],[117848.029,484127.245],[118014.613,483945.128],[118143.189,483873.679],[118197.556,483857.585],[118287.129,483833.163],[118928.188,483869.834],[119013.889,483874.717],[119068.161,483877.938],[119041.959,484023.278],[119398.839,484054.575],[119584.46,484071.545],[119968.862,483929.608],[120071.627,483933.721],[120205.543,483938.951],[120335.385,483946.161],[120361.973,483947.644],[120384.111,483946.042],[120380.005,484264.353],[120418.015,484271.931],[120586.517,484381.522],[120643.78,484301.455],[120720.142,484248.407],[120871.879,484210.638],[120800.515,483849.344],[120895.657,483790.771],[120948.334,483809.824],[121043.455,483812.23],[121145.583,483797.787],[121301.282,483704.148],[121388.702,483616.152],[121487.693,483515.394],[121531.872,483442.103],[121588.58,483271.091],[121597.935,483243.433],[121695.413,483159.157],[121786.519,483079.6],[121840.294,483134.817],[121933.525,483148.212],[121997.59,483157.575],[122142.682,483226.206],[122218.237,483426.486],[122247.098,483492.889],[122410.889,483587.774],[122348.735,483691.329]],[[123298.257,484692.281],[123528.077,484808.032],[123784.441,485061.095],[123908.226,485183.432],[124030.511,485067.557],[124039.147,485059.492],[124236.359,484873.611],[123837.573,484481.78],[123693.489,484390.562],[123611.056,484479.32],[123541.585,484554.145],[123512.657,484585.707],[123298.257,484692.281]],[[118870.461,485423.951],[118904.547,485524.733],[120000.188,486001.977],[120073.51,486034.171],[120188.885,486084.261],[120273.521,485958.043],[120232.757,485867.091],[120111.674,485757.066],[120071.44,485741.717],[120000.467,485714.625],[119774.262,485629.221],[119581.106,485346.646],[119484.722,485311.677],[119344.96,485303.282],[119171.124,485232.883],[118907.512,485259.392],[118870.461,485423.951]]],[[[125092.046,480403.991],[125166.608,480266.404],[125154.227,480288.51],[125151.599,480293.7],[125092.046,480403.991],[124950.216,480323.348],[124719.821,480191.902],[124516.036,480075.601],[124610.916,479894.153],[124806.681,479522.88],[124841.845,479444.946],[125022.855,479486.294],[125129.005,479438.085],[125146.384,479429.969],[125268.492,479374.879],[125219.293,479077.259],[125143.899,479018.242],[125066.243,478957.626],[125245.119,478624.695],[125075.699,478530.473],[125316.709,478066.043],[125511.829,477925.682],[125790.134,477889.037],[125922.098,477965.034],[126296.666,478173.306],[126221.57,478312.101],[125964.322,478788.6],[126261.21,478658.743],[126437.54,478247.205],[126573.681,477943.222],[126722.352,478020.033],[126776.009,477923.315],[126913.241,477992.631],[127158.475,477989.131],[127211.036,478035.901],[127209.715,478074.128],[127214.007,478224.814],[127361.823,478225.265],[127365.97,478149.248],[128105.909,478018.661],[128175.063,478403.264],[128326.681,478407.563],[128340.626,478811.549],[128343.549,478999.572],[128564.058,478999.78],[128566.008,479364.721],[128347.43,479371.791],[127853.637,479363.016],[127216.192,479361.049],[127101.716,479394.238],[127092.567,479320.187],[127065.972,479279.224],[126906.409,479180.823],[126821.769,479135.24],[126833.879,479261.292],[126717.975,479450.438],[126631.792,479480.195],[126609.259,479517.765],[126624.717,479632.225],[126649.61,479679.204],[126518.8,479799.622],[126302.542,479685.879],[126161.506,479606.866],[126059.561,479803.569],[126212.004,479886.295],[126117.839,480089.183],[126057.321,480149.175],[125978.806,480309.136],[125792.684,480700.333],[125894.854,480818.897],[125915.958,480957.856],[126098.775,481051.304],[125959.963,481066.138],[125863.447,481176.804],[125747.026,481391.291],[125766.098,481630.012],[125698.974,481750.744],[125626.322,481881.246],[125569.72,481850.206],[125424.533,481769.959],[125366.698,481738.205],[125108.558,482197.846],[124571.292,481894.084],[124581.002,481350.429],[124749.617,481037.625],[124809.563,480927.327],[124888.22,480781.699],[125032.798,480513.391],[125092.046,480403.991]],[[125561.965,479534.015],[125653.824,479364.121],[125615.195,479435.172],[125561.965,479534.015]]],[[[126911.055,479806.725],[127213.114,479772.417],[127213.343,479794.947],[127257.011,479858.736],[127301.419,479878.181],[127403.517,479865.315],[127570.965,479958.792],[127614.422,479967.063],[127737.471,479944.297],[127818.716,479903.516],[127898.706,479913.703],[128020.499,479947.807],[128065.746,479978.159],[128082.539,479999.709],[128092.972,480030.639],[128090.439,480129.179],[128330.723,480207.6],[128257.927,480688.051],[127737.938,480437.315],[127548.315,480350.686],[127455.072,480537.52],[127115.812,480370.075],[126806.412,480001.313],[126698.043,479936.563],[126850.186,479831.271],[126911.055,479806.725]]],[[[126711.488,482017.558],[126576.607,481941.058],[126488.368,482079.537],[126335.348,482272.747],[126027.649,482102.913],[125881.014,482023.051],[126020.903,481748.902],[125973.387,481523.309],[126093.511,481305.412],[126135.102,481170.926],[126098.775,481051.304],[126244.537,480789.089],[126419.591,480760.535],[126519.986,480609.579],[126577.913,480460.594],[126665.545,480442.566],[127347.496,480751.196],[127435.293,480793.988],[128003.395,481112.301],[127806.409,481572.076],[127775.613,481644.012],[127516.675,481528.95],[127423.529,481698.26],[127646.443,481865.144],[127296.097,482323.623],[127213.577,482341.833],[126711.488,482017.558]]],[[[122237.485,488859.009],[122167.664,489108.992],[122017.87,489080.227],[121957.02,489320.695],[121764.69,489287.716],[121666.193,489208.323],[121842.18,488581.643],[121912.61,488499.889],[122038.073,488369.589],[122118.92,488296.892],[122221.873,488246.08],[122354.874,488336.884],[122382.824,488331.636],[122626.613,488300.323],[122751.773,488296.944],[122851.646,488295.013],[123636.758,488447.015],[123627.152,488542.6],[123738.874,488568.428],[123788.308,488488.503],[123972.954,488520.441],[123879.559,488598.861],[123959.412,488705.397],[124135.443,488586.071],[124172.731,488560.803],[124322.844,488591.356],[124403.396,488537.67],[124816.429,488553.43],[124859.342,488768.359],[124472.91,488906.148],[124385.312,488876.648],[123743.925,489064.762],[123734.354,489069.162],[123756.485,489193.753],[123760.664,489283.91],[123779.739,489286.126],[124021.317,489331.669],[124084.902,489272.409],[124326.917,489207.977],[124520.198,489154.984],[124504.325,489092.661],[124695.069,489179.777],[124973.859,488875.034],[125156.445,488829.086],[125221.695,488828.135],[125897.889,489015.091],[125823.751,489193.391],[126143.378,489334.935],[125899.557,489926.81],[125644.347,490190.191],[125524.637,490271.963],[125462.747,490290.971],[125364.174,490321.326],[124532.066,490932.863],[124272.719,490594.158],[124165.61,490449.232],[124130.561,490471.093],[124050.325,490520.832],[123963.458,490414.004],[123885.379,490287.705],[123838.584,489963.988],[123730.624,489769.451],[123700.164,489737.377],[123672.757,489709.177],[123605.299,489687.464],[123536.459,489684.119],[123529.103,489299.29],[123385.749,489003.677],[123230.067,489101.146],[123061.525,489214.448],[122975.824,489273.086],[123224.57,489700.917],[123275.272,489821.15],[123345.174,489984.988],[123230.809,490077.798],[123183.474,490183.808],[123235.112,490275.605],[123398.351,490678.182],[123476.731,490872.011],[123666.476,490756.139],[123798.367,490675.635],[123997.779,490974.691],[124299.263,491097.426],[123830.129,491517.68],[123672.025,491651.036],[123201.519,492026.686],[123004.38,491769.651],[122727.472,491408.664],[122632.427,491493.851],[122585.314,491629.63],[122589.557,491695.362],[122636.716,491836.197],[122737.237,492136.575],[122774.552,492245.486],[122662.074,492320.661],[122587.83,492379.676],[122525.105,492508.938],[122494.912,492583.075],[122469.53,492680.047],[122402.671,492707.638],[122313.862,492743.721],[122306.941,492746.493],[122178.779,492797.805],[121769.401,492894.792],[121347.182,492717.679],[121275.133,492845.964],[121115.873,492789.975],[120898.118,492706.356],[120926.068,492429.381],[120388.745,492389.896],[120301.903,492356.292],[120207.907,492215.364],[120218.707,492121.266],[121065.311,491462.828],[121342.571,491170.071],[121435.705,491066.402],[121549.155,490846.988],[121873.862,490612.189],[122450.096,490250.68],[122723.802,489526.862],[122690.721,489454.476],[122442.675,489549.016],[122394.837,489577.315],[122343.944,489447.246],[122264.448,489244.152],[122296.154,488954.032],[122237.485,488859.009]],[[121595.197,492042.704],[121691.698,491970.783],[121488.529,491684.53],[121403.954,491679.82],[121412.489,491973.734],[121540.201,492119.797],[121595.197,492042.704]],[[122138.646,492226.707],[122213.587,492190.991],[122250.542,492003.369],[122314.451,491873.205],[122288.247,491707.756],[122166.501,491658.939],[121829.741,492076.059],[121858.506,492099.176],[121965.262,492237.267],[122138.646,492226.707]]]]}},{"type":"Feature","properties":{"name":"Apeldoorn","population":142855},"geometry":{"type":"Polygon","coordinates":[[[196898.29,468791.611],[196350.283,469066.289],[196189.983,469116.304],[195662.571,469151.895],[196009.458,469223.515],[196588.526,469544.115],[196905.064,469449.756],[198016.241,469111.453],[198053.749,469164.854],[198272.805,469476.584],[198321.523,469513.561],[198435.762,469600.292],[198435.688,469651.642],[198435.606,469746.719],[198435.461,469934.759],[198408.929,470127.576],[198330.122,470394.317],[198297.235,470505.687],[198258.28,470627.407],[198146.554,470976.369],[198042.392,471301.867],[197927.735,471215.975],[197901.431,471195.997],[197788.844,471111.183],[197468.034,470865.248],[196970.725,471340.295],[197511.478,471595.424],[197469.811,471753.79],[197310.116,471909.644],[196964.058,471828.869],[197048.792,471560.932],[196834.963,471469.83],[196656.239,471639.509],[196848.896,471866.727],[196830.745,472001.652],[197239.308,472233.774],[197183.871,472374.278],[197002.359,472834.551],[197103.932,472894.33],[197042.846,473073.953],[196583.835,472955.528],[196425.936,473006.722],[196260.475,472678.827],[196662.119,472662.161],[196670.497,472535.108],[196422.625,472479.788],[196128.07,472246.342],[196047.32,472053.236],[195772.084,472135.804],[195737.347,471965.558],[195541.322,472043.95],[195366.865,472070.954],[195285.675,471558.41],[195224.136,470723.13],[195057.716,470494.409],[194915.574,470007.082],[194794.593,470038.711],[194863.405,470787.142],[194994.129,471611.57],[195068.833,472085.058],[194796.539,472071.569],[194789.297,472258.718],[194549.226,472291.733],[194549.94,472766.737],[194226.987,472690.399],[194285.379,473053.091],[194085.338,473090.563],[194104.426,473198.865],[193783.645,473209.861],[193892.989,472679.698],[193943.371,472531.219],[193918.322,472415.694],[193678.438,472417.709],[193598.165,472401.45],[193398.486,472372.082],[193084.192,472292.325],[193045.302,471823.817],[193340.278,471826.091],[193409.037,471403.533],[193229.98,471272.968],[193163.13,471192.341],[192772.77,471127.04],[192518.973,471140.244],[192127.682,471161.053],[192063.499,471164.411],[192135.17,470763.833],[191762.197,470789.426],[191612.956,470799.392],[191625.062,470437.422],[191630.463,470275.348],[191766.087,470265.336],[191924.895,470252.943],[191945.104,470090.534],[191866.536,469623.467],[191903.854,469609.725],[192172.607,469266.642],[192101.348,468997.458],[192091.169,468932.792],[192042.642,468620.941],[191835.884,468565.771],[191472.985,467896.887],[191637.838,467793.68],[191784.669,467761.22],[192047.206,467703.758],[192146.139,467530.924],[192344.711,467693.249],[192815.975,468074.622],[192887.058,467996.778],[193131.673,468122.936],[193254.795,467995.595],[193387.92,467954.732],[193285.233,467560.057],[193117.889,467127.781],[193425.844,467092.883],[193506.225,467018.347],[193540.531,466920.087],[193734.265,467012.055],[193817.497,466814.319],[193882.891,466960.422],[193998.049,466951.924],[194013.641,466695.468],[194232.226,466701.921],[194320.739,466518.421],[193985.546,466476.388],[193875.337,466331.935],[193857.222,465959.777],[193920.983,465923.169],[194097.22,465878.714],[194307.304,465887.995],[194860.96,465918.003],[194866.897,466038.885],[195480.674,466376.54],[195495.735,466793.577],[195242.546,467470.183],[195318.28,468032.748],[195484.715,468059.306],[195626.835,468070.148],[195724.697,467509.335],[195746.305,467326.145],[195800.067,467199.633],[195940.731,467000.457],[196215.787,467076.894],[196291.321,466903.947],[196424.663,466905.059],[196753.354,466121.831],[197303.992,466329.001],[197352.133,466345.99],[197829.651,466750.761],[197890.14,466829.782],[197918.023,466899.231],[197925.116,466917.151],[198018.824,467151.4],[198087.592,467323.459],[198206.293,467783.3],[198201.97,467843.958],[198192.991,468132.951],[197798.374,468333.648],[197862.869,468599.521],[196975.623,468866.202],[196946.658,468766.985],[196898.29,468791.611]]]}},{"type":"Feature","properties":{"name":"Arnhem","population":163480},"geometry":{"type":"MultiPolygon","coordinates":[[[[186618.813,440839.383],[186505.296,440369.317],[186360.032,440418.136],[185728.894,440104.468],[185719.893,439818.754],[186314.277,439843.194],[186834.055,439668.353],[186997.609,439612.99],[187607.578,439449.265],[187764.872,439401.952],[187796.089,439480.65],[188125.269,439405.385],[188218.068,439384.139],[188446.212,439257.49],[188618.079,439095.648],[188649.816,439090.355],[188779.236,439049.617],[188804.26,439528.147],[188804.295,439746.271],[188614.669,440225.022],[188608.517,440286.118],[188604.427,440326.811],[188607.259,440350.417],[188621.412,440469.115],[188424.298,440532.713],[188187.862,440648.682],[188075.272,440703.565],[188162.326,440917.316],[188409.65,441524.496],[188502.043,441752.586],[188565.787,441870.615],[188501.789,441995.242],[188396.152,442082.986],[188351.744,442053.817],[188281.335,441986.703],[188189.917,442009.014],[188093.201,441970.154],[187923.337,442017.819],[187821.595,441990.447],[187757.788,442052.389],[187263.654,441950.317],[187256.138,441810.638],[187171.397,441746.395],[187160.719,441627.501],[187127.828,441638.749],[186895.924,441714.477],[186852.77,441734.617],[186680.883,441078.372],[186618.813,440839.383]]],[[[185987.522,441618.971],[185704.877,441348.422],[185629.802,440735.033],[185631.9,440281.108],[185708.642,440211.43],[185994.211,440347.985],[186334.827,440507.152],[186311.609,440783.542],[186601.907,441169.772],[186691.128,441570.371],[186568.405,441581.499],[186591.751,441764.335],[186452.085,441743.593],[186439.826,441927.595],[186467.134,442136.379],[186258.826,442175.235],[186210.422,441975.555],[186252.907,441748.685],[186209.239,441725.158],[185987.522,441618.971]]],[[[192564.824,445297.905],[192487.934,445169.933],[192418.974,445055.706],[192374.539,445077.903],[192347.365,445088.269],[192274.694,445116.208],[192207.705,445142.021],[192002.62,445164.25],[191790.313,445160.176],[191724.383,445140.553],[191591.864,445644.982],[191538.721,445825.893],[191521.775,445851.692],[191510.177,445869.409],[191492.049,445897.314],[191445.731,445967.459],[191411.78,446074.523],[191357.908,446243.914],[191155.975,446576.841],[191218.309,446815.003],[190727.735,446765.624],[190639.291,446756.98],[190525.36,446745.541],[190316.805,446671.907],[190132.385,446427.054],[190286.259,446088.517],[190453.588,446159.297],[190527.898,446066.478],[190645.696,445918.674],[190715.519,445863.655],[190885.495,445729.081],[190965.555,445840.863],[191101.461,445940.7],[191162.576,445666.551],[191218.463,445588.406],[191263.146,445525.924],[191385.052,445412.881],[191370.969,445276.873],[191152.711,445146.946],[190948.322,445116.208],[190888.626,444979.094],[190813.718,444807.603],[190826.488,444722.469],[190806.506,444683.106],[190759.159,444589.975],[190731.338,444570.972],[190589.633,444473.83],[190547.488,444454.783],[190517.668,444441.275],[190466.561,444325.089],[190303.272,444548.399],[190185.788,444804.359],[190164.84,444857.672],[190098.141,445004.456],[190073.244,445023.807],[189997.263,445025.832],[189987.878,445169.237],[189726.746,445351.159],[189720.604,445355.4],[189691.892,445375.561],[189659.994,445459.007],[189653.767,445475.43],[189550.577,445500.193],[189348.777,445548.032],[189271.615,445783.096],[189269.266,445790.256],[189248.641,445853.366],[189237.346,445888.113],[189175.161,446053.632],[189149.489,446122.215],[189081.609,446061.892],[189071.747,446052.924],[188964.451,445956.675],[188867.734,445869.457],[188846.917,445850.624],[188777.492,445789.016],[188765.753,445778.366],[188724.044,445741.146],[188487.745,445529.439],[188341.831,445371.306],[188406.745,445323.509],[188425.753,445218.384],[188509.343,444757.993],[188567.979,444434.954],[188638.151,444429.752],[188641.65,444409.971],[188638.641,444005.52],[188340.442,443991.614],[188036.737,444035.879],[187970.972,444054.525],[188008.347,443711.424],[188021.957,443679.248],[188550.301,443830.915],[188947.107,444019.903],[189289.514,444068.528],[189546.141,444048.213],[189953.383,443936.339],[190161.374,443926.563],[190297.511,443949.943],[190443.312,443913.593],[190406.993,443745.665],[190360.189,443675.295],[191070.812,443103.216],[191155.327,443240.9],[191193.456,443303.149],[191229.645,443362.825],[191259.755,443474.193],[191474.79,443453.341],[191466.752,443288.616],[191537.121,443174.699],[192585.882,443368.572],[192655.498,443494.322],[192770.603,443468.878],[192784.11,443622.354],[192723.936,443784.34],[192851.224,443863.799],[193320.582,443633.344],[193799.257,443173.529],[193829.753,443144.227],[193963.304,443244.235],[194459.216,443575.742],[194565.502,443411.527],[195264.284,443759.192],[195402.676,443824.398],[195300.006,444061.668],[195186.997,444112.548],[194972.46,444218.248],[194678.552,444363.156],[194598.457,444427.44],[194396.244,444589.672],[194247.178,444764.624],[194139.719,444890.673],[194010.973,445104.455],[193923.36,445281.177],[193854.966,445473.237],[193758.703,445743.799],[193669.301,446034.11],[193582.245,446315.372],[193532.134,446477.538],[193489.5,446547.637],[193317.309,446830.696],[193202.477,446937.626],[193077.658,446869.581],[193081.416,446782.102],[192522.018,446486.633],[192480.492,446575.664],[192197.65,446434.524],[192152.484,446662.718],[191838.608,446497.447],[191740.406,446307.745],[191702.085,446233.696],[191622.241,446090.917],[192228.487,446015.41],[192264.564,445906.421],[192276.514,445740.954],[192370.508,445565.531],[192364.13,445500.117],[192384.633,445412.819],[192564.824,445297.905]],[[192564.824,445297.905],[192663.12,445469.266],[192735.036,445545.356],[192971.942,445297.54],[193246.718,445542.468],[193302.451,445493.217],[193386.002,444997.689],[193606.826,445113.604],[193632.438,444857.456],[193753.387,444664.409],[193818.592,444574.072],[193994.183,444273.7],[194095.68,444120.564],[193491.897,443785.088],[193357.604,444023.433],[193122.174,444467.675],[193227.655,444548.312],[193395.618,444676.496],[193243.471,444922.327],[193152.525,444940.767],[192841.142,445088.598],[192799.122,445195.257],[192646.346,445262.026],[192564.824,445297.905]]],[[[189247.033,440462.295],[189267.398,440354.735],[189279.74,440289.51],[189282.032,439955.802],[189118.038,439862.0],[189128.587,439812.562],[189137.87,439661.479],[189005.501,439450.574],[189541.893,439190.345],[189682.942,439070.161],[190121.361,438817.159],[190343.751,438697.844],[190692.034,439315.92],[190577.292,439389.646],[190484.216,439448.341],[190529.902,439531.387],[190007.213,439796.167],[189973.391,439839.322],[189732.805,440146.5],[189919.127,440421.499],[190095.333,440225.47],[190150.905,440173.791],[190215.855,440113.389],[190413.649,440012.929],[190616.405,439969.811],[190762.527,439938.589],[190907.204,439989.138],[190983.825,440042.594],[191160.292,440212.205],[191192.81,440316.747],[191171.903,440384.13],[191113.872,440456.196],[191029.693,440498.646],[190837.345,440530.751],[190736.42,440545.771],[190808.654,440912.557],[190808.704,441011.023],[190742.548,441077.194],[190449.959,441246.115],[190310.766,441114.843],[190228.591,441172.841],[190379.021,441343.243],[190268.043,441431.188],[190255.89,441473.103],[190261.48,441547.854],[190262.65,441596.204],[190096.81,441721.539],[189503.052,441228.023],[189321.488,441076.961],[189409.549,440951.565],[189175.378,440756.198],[189353.736,440506.419],[189247.033,440462.295]]],[[[191662.562,442266.285],[191461.392,442315.324],[190989.951,442567.858],[190781.088,442628.718],[190259.773,442708.621],[190157.226,442687.092],[190051.255,442663.816],[189995.387,442575.64],[189877.788,442632.505],[189803.254,442476.221],[189749.167,442294.212],[189864.074,442131.627],[189867.032,442037.8],[190202.418,441799.108],[190352.183,441983.078],[190696.575,441791.212],[190538.312,441551.485],[190675.973,441466.741],[190690.776,441424.846],[190670.235,441312.66],[190873.903,441183.388],[190917.423,441335.182],[191044.833,441296.157],[191068.096,441382.385],[190958.277,441441.451],[191037.42,441570.75],[191121.958,441500.043],[191402.641,441367.345],[191544.279,441000.219],[191644.478,441144.201],[191742.549,441249.618],[191844.432,441336.317],[191823.877,441527.756],[191976.322,441746.731],[192001.63,441832.756],[192041.116,441966.951],[192243.829,441948.711],[192174.445,442087.492],[192122.668,442160.205],[192076.503,442213.156],[192026.145,442257.231],[191956.329,442293.263],[191896.534,442224.284],[191662.562,442266.285]]]]}},{"type":"Feature","properties":{"name":"Assen","population":69495},"geometry":{"type":"MultiPolygon","coordinates":[[[[235198.122,557118.148],[235190.578,557358.769],[235226.044,557378.389],[235305.192,557412.145],[235637.934,557328.856],[235995.805,557104.99],[236116.539,557251.926],[235820.46,557435.021],[235689.537,557623.164],[235550.946,557818.807],[235489.526,557906.605],[234746.795,557414.659],[234674.382,557326.429],[234651.203,557259.823],[234606.713,557131.262],[234464.363,557142.503],[234482.516,557198.451],[234476.104,557267.965],[234445.927,557607.163],[234385.409,557929.668],[234338.891,558172.712],[234416.76,558533.606],[234243.348,558576.898],[234335.685,558915.155],[234492.995,558886.961],[234838.426,558825.03],[234885.211,559093.763],[235075.742,559201.87],[235177.261,559342.122],[235219.457,559293.013],[235274.843,559328.936],[235465.366,559143.72],[235441.295,559028.957],[235583.895,558963.267],[236348.715,559068.22],[236402.486,559141.972],[236406.177,559413.447],[236437.927,561046.302],[236298.017,560920.792],[236116.117,560761.858],[235985.699,560647.646],[235856.588,560565.237],[235601.746,560466.711],[235168.383,560226.443],[234906.083,560126.551],[234678.614,560103.6],[234672.972,559973.45],[234671.652,559943.543],[234834.787,559731.306],[234795.629,559584.409],[234658.618,559554.994],[234658.593,559385.202],[234720.586,559205.634],[234410.148,559249.615],[234404.999,559250.477],[234461.837,559934.139],[234463.953,559962.611],[234473.924,560082.926],[234309.063,560082.781],[234144.156,560093.66],[234010.057,560083.845],[233697.663,560076.695],[233426.052,559932.1],[233278.864,559832.884],[233200.96,559763.285],[233104.62,559677.641],[233036.229,559642.145],[233063.939,559588.666],[233103.457,559512.673],[233235.804,559258.148],[233243.667,559243.083],[233380.311,558981.119],[232949.222,558468.07],[232733.661,558630.61],[232694.978,559229.513],[232030.406,558319.19],[231993.765,558183.154],[231999.777,558062.655],[231969.902,557807.023],[231966.404,557651.147],[231915.93,557565.423],[231872.352,557512.531],[231926.47,557466.255],[231997.11,557409.223],[231955.57,557299.878],[231928.34,557228.102],[231980.806,556884.628],[232024.332,556518.865],[231834.051,556401.204],[231848.141,556052.892],[231688.231,555924.645],[231484.097,555761.313],[231586.894,555470.887],[231711.202,555239.682],[231866.682,555021.995],[232245.279,554872.864],[232705.694,555377.457],[232531.526,555531.322],[232302.912,555967.971],[232827.222,556265.524],[232745.071,556640.4],[233161.955,556867.874],[233315.358,556542.961],[233602.548,556705.995],[233602.942,556613.454],[233742.692,556163.954],[233791.981,556071.764],[233848.476,556038.347],[233868.321,555875.615],[233855.046,555799.825],[233812.365,555644.59],[233724.553,555467.808],[233643.607,555304.273],[233560.841,555138.651],[233669.173,555132.34],[233919.08,555211.142],[234117.249,555440.203],[234208.143,556158.799],[234386.988,556151.988],[234333.617,555887.831],[234814.797,555710.642],[234951.818,555638.218],[235096.863,555781.522],[235566.138,556245.696],[235803.448,556482.659],[235799.04,556658.275],[235886.987,556803.045],[235776.823,556884.905],[235557.809,556867.456],[235316.149,556567.324],[235117.397,556566.425],[235050.514,556604.386],[235342.394,556938.616],[235274.022,557117.235],[235240.942,557117.633],[235198.122,557118.148]],[[231913.653,555617.859],[231946.094,555728.06],[232147.631,555758.367],[232055.457,555313.816],[231808.681,555336.999],[231913.653,555617.859]]],[[[229832.893,558201.53],[229877.89,557820.746],[229416.133,557712.958],[229527.609,557240.704],[229639.946,557058.067],[230037.986,557147.302],[230073.077,556999.762],[230193.452,556569.343],[230212.59,556573.814],[230322.168,556599.279],[230392.532,556615.566],[230472.821,556581.033],[230563.084,556596.075],[230782.043,556637.782],[230876.522,556655.789],[230979.582,557209.73],[231186.821,557810.722],[230896.258,558059.256],[231039.944,558092.952],[230891.255,558821.529],[230308.234,558757.442],[230034.797,558715.409],[230165.18,558266.834],[229832.893,558201.53]]]]}},{"type":"Feature","properties":{"name":"Bergen op Zoom","population":54810},"geometry":{"type":"Polygon","coordinates":[[[79390.533,391416.086],[79538.574,391581.39],[79446.032,391814.819],[79631.601,391873.972],[79676.424,391955.921],[79191.263,392216.301],[79082.161,392232.569],[78933.553,392234.801],[78717.779,392221.137],[78528.965,392206.796],[78375.434,392097.183],[78039.461,391975.714],[77896.118,391938.952],[77933.107,391641.525],[77801.422,391634.575],[77710.335,391567.146],[77784.038,391312.161],[78076.14,391355.948],[78081.893,390919.021],[78144.149,390708.612],[77840.191,390600.243],[77555.5,390444.698],[77386.587,390385.419],[77407.669,390279.168],[77517.185,390108.251],[77746.607,390076.984],[77709.561,389765.997],[77950.419,389572.335],[78113.883,389637.501],[78193.245,389692.543],[78242.302,389794.389],[78455.719,389649.903],[78493.809,389486.096],[78304.573,389267.257],[78227.886,389155.37],[78287.114,388954.079],[78363.477,388737.062],[78408.967,388662.547],[78263.055,388606.618],[78032.731,388528.275],[78083.615,388383.743],[77895.894,388348.043],[77641.166,388417.52],[77233.601,388890.144],[77080.762,388806.705],[76844.572,388621.41],[76725.824,388497.009],[76622.257,388357.299],[77537.928,387518.879],[78181.822,387538.727],[78204.73,387798.247],[78332.662,387851.443],[78386.545,387729.512],[78518.714,387784.874],[78506.273,387954.802],[78681.05,387990.887],[78796.523,388006.339],[79001.5,388036.417],[79221.526,388073.956],[79409.103,388095.41],[79516.305,387777.922],[79714.286,387774.141],[79735.624,387573.487],[79997.869,387631.573],[80179.104,387672.176],[80197.716,387676.13],[80193.284,387846.434],[80186.3,388105.012],[80034.144,388100.919],[80018.235,388199.627],[80039.041,388354.203],[80127.634,388446.302],[80155.474,388470.814],[80160.555,388534.829],[79997.676,388453.287],[79872.728,388418.699],[79707.619,388412.027],[79714.863,388749.561],[79890.461,388850.544],[80026.337,388866.166],[80174.99,388658.29],[80288.493,388730.051],[80317.691,388613.624],[80357.528,388540.1],[80410.931,388602.124],[80678.357,388863.509],[80685.036,389003.775],[80691.772,389145.542],[80628.851,389205.771],[80596.278,389236.959],[80377.351,389335.648],[80323.57,389379.335],[80323.338,389467.184],[80336.018,389566.303],[80542.379,389638.759],[80702.806,389897.101],[80625.826,390278.432],[80587.716,390466.255],[80359.033,390408.425],[80242.605,390375.872],[80043.393,390341.266],[79940.672,390327.099],[79822.894,390325.564],[79821.94,390455.372],[79327.967,390568.548],[79235.549,390671.796],[79172.815,390848.706],[79243.483,390962.81],[79335.867,391050.387],[79505.468,390854.137],[79795.767,391100.723],[79622.512,391343.139],[79523.529,391247.811],[79390.533,391416.086]]]}},{"type":"Feature","properties":{"name":"Breda","population":151590},"geometry":{"type":"MultiPolygon","coordinates":[[[[111587.495,398297.802],[111489.015,398265.995],[111515.905,398196.395],[111653.289,397841.026],[111550.584,397580.954],[111783.788,397468.976],[112347.262,397456.955],[112571.818,397633.743],[112578.257,397715.185],[112813.361,397683.455],[112923.797,397668.571],[113141.841,397715.546],[113271.857,397510.759],[113556.9,397195.892],[113610.196,397128.59],[113612.521,396777.5],[113452.748,396778.812],[113434.209,396636.889],[113475.04,396533.474],[113799.461,396548.397],[113758.193,396637.35],[113900.089,396692.879],[113881.598,396764.178],[113866.64,396847.853],[113879.502,397145.861],[113969.694,397134.002],[114052.177,397266.229],[114146.344,397270.195],[114217.622,397226.341],[114131.036,397379.573],[114131.254,397462.235],[114338.496,397502.952],[114357.029,397505.306],[114592.273,397536.518],[115113.987,397554.067],[115104.126,397622.456],[114978.297,397782.604],[115325.577,398256.043],[115394.53,398252.108],[115424.749,398427.991],[114914.941,398689.236],[114820.189,398878.402],[114805.044,398909.063],[114368.478,398928.688],[114179.819,398936.996],[114557.74,399385.158],[115198.613,399348.636],[115480.926,399405.385],[115594.395,399405.611],[115682.668,399405.813],[115777.318,399406.023],[115792.72,399657.788],[116010.229,399829.943],[116033.99,399913.814],[116001.507,400293.45],[116067.911,400569.243],[115759.236,400628.93],[115809.742,400935.384],[115769.78,401094.013],[114955.107,401030.541],[115192.928,401422.899],[114708.396,401517.029],[114766.224,402048.266],[114810.357,402670.566],[114511.024,402681.081],[114247.394,402772.321],[114165.269,402754.293],[113837.727,402838.451],[113508.517,402967.147],[113531.188,403049.681],[113256.967,403166.649],[112823.69,403352.994],[112657.444,402884.378],[112711.199,402777.342],[112605.272,402627.143],[112767.024,401907.673],[112843.456,401565.362],[112688.977,401593.356],[112534.084,401621.415],[112216.196,401142.076],[112252.122,400957.807],[112281.393,400781.104],[112368.595,400529.982],[112230.322,400478.526],[112021.886,400370.93],[111831.393,400235.208],[111692.929,400227.827],[111592.877,400274.747],[111478.724,400426.373],[111371.177,400587.735],[111262.341,400603.53],[110944.442,400656.361],[110521.838,400740.228],[110402.337,400763.979],[110204.539,400491.869],[110193.671,400352.67],[109805.17,400160.263],[109874.349,399704.098],[109859.18,399325.233],[109493.857,399057.265],[109608.811,398635.286],[109895.164,397982.919],[110058.281,397617.151],[110425.938,397791.85],[110696.926,397916.3],[111142.24,398120.466],[111277.551,398177.425],[111215.363,398333.724],[111234.235,398379.399],[111333.093,398454.921],[111489.273,398565.665],[111597.337,398862.238],[111639.982,398940.364],[111730.23,399089.009],[111844.214,399087.644],[111770.786,398858.581],[111691.227,398610.658],[111587.495,398297.802]],[[111587.495,398297.802],[111863.185,398439.518],[112122.516,398526.26],[112449.099,398343.15],[112714.158,398303.152],[112369.277,398147.288],[112043.784,398052.028],[111843.073,398191.253],[111587.495,398297.802]]],[[[109634.365,401752.121],[109656.419,401746.805],[109857.108,401643.315],[110093.66,401512.424],[110391.134,401389.905],[110750.227,401386.744],[110734.922,401482.393],[110634.514,401886.919],[110642.943,402010.342],[110709.528,402098.04],[110849.464,402152.666],[110820.855,402275.634],[110975.311,402530.177],[111022.671,402742.212],[111016.608,402861.089],[110954.088,402868.476],[110944.091,403028.497],[111045.075,403043.749],[110979.885,403137.719],[110980.685,403280.957],[110949.359,403393.657],[110938.92,403526.701],[110629.495,403521.57],[110504.121,403135.161],[110437.352,403154.998],[110409.063,403163.426],[110100.382,402446.767],[110147.028,402149.57],[110168.29,402117.673],[110211.84,402052.311],[110115.683,402013.613],[109888.478,402013.414],[109890.43,402045.773],[109893.894,402103.985],[109894.913,402121.054],[109467.836,402116.1],[109479.911,402241.268],[109379.908,402233.382],[109413.79,402345.224],[109404.091,402617.172],[109405.982,402933.741],[109339.945,403141.335],[109353.568,403330.24],[109266.868,403358.673],[109206.312,403386.814],[109192.068,403385.664],[109162.811,403382.536],[109123.82,403367.648],[109062.826,403301.949],[108975.037,403256.521],[108901.921,403213.909],[108884.49,403155.88],[108896.213,403093.412],[108556.372,403094.415],[108931.968,402237.785],[109106.474,401730.97],[109237.815,401736.23],[109634.365,401752.121]]],[[[109109.27,403648.653],[109465.493,403368.336],[109820.131,403076.71],[110633.289,403712.678],[110627.388,403868.492],[110723.904,403924.83],[110788.997,403955.801],[110941.445,403768.11],[111516.997,404061.899],[111678.905,404134.159],[111528.772,404479.795],[111412.015,404514.792],[111364.394,404529.056],[111374.086,404488.807],[111376.041,404310.61],[111346.705,404269.476],[110980.599,404171.58],[110900.841,404332.044],[110772.645,404302.292],[110627.669,404270.299],[110476.69,404237.028],[110336.098,404653.321],[110284.584,404653.777],[110160.847,404607.146],[110078.937,404673.851],[109951.053,404628.375],[109808.317,404478.896],[109398.412,404049.789],[109109.27,403648.653]]]]}},{"type":"Feature","properties":{"name":"Capelle aan den IJssel","population":68575},"geometry":{"type":"MultiPolygon","coordinates":[[[[101875.171,438015.106],[101919.383,438094.301],[101895.966,438301.722],[101931.527,438495.834],[101999.56,438593.914],[102070.654,438692.186],[101913.339,438848.844],[101723.157,439072.839],[101508.538,439331.483],[101150.94,439758.905],[101076.048,439859.905],[100911.198,439714.651],[100287.987,439165.613],[99721.939,438666.809],[99251.158,438251.788],[99391.485,437949.7],[99151.635,437861.969],[99099.074,437843.029],[98680.039,437718.05],[97649.638,436789.394],[97590.607,436571.045],[97526.683,436334.56],[97464.441,435975.665],[97610.73,436043.36],[97636.451,436182.87],[97737.888,436192.39],[97763.348,436432.711],[97878.568,436435.511],[97879.114,436423.043],[97885.359,436277.047],[98405.47,436282.712],[98444.966,436109.248],[98687.679,436402.811],[98804.536,436493.18],[98936.771,436559.18],[98979.135,436655.506],[99072.635,436949.868],[98968.745,437051.224],[98918.412,437142.747],[98850.66,437416.607],[99328.571,437554.075],[99377.92,437367.714],[99438.892,437403.364],[99533.282,437434.528],[99864.979,437468.636],[99941.857,437506.009],[100109.135,437672.235],[100265.283,437793.638],[100550.301,437924.656],[100608.881,437899.93],[100696.138,437861.82],[100948.616,437971.684],[101156.981,437943.512],[101404.238,437885.613],[101531.977,437821.048],[101613.414,437858.675],[101654.321,437930.615],[101740.067,437911.343],[101875.171,438015.106]]],[[[97527.525,437149.737],[97199.681,437148.784],[96838.78,437156.971],[96549.722,437201.674],[96654.155,436862.373],[96981.24,436671.756],[97063.549,436676.088],[97164.624,436672.916],[97316.777,436695.584],[97570.008,436892.226],[97578.328,436975.524],[97527.525,437149.737]]],[[[99864.081,441484.465],[99187.443,440984.164],[99248.494,440858.31],[98818.137,440654.73],[98484.744,440492.536],[99017.016,439727.217],[99453.413,440047.02],[99712.039,440244.374],[99899.781,440387.668],[99994.535,440319.865],[100066.082,440179.83],[100055.725,440101.002],[100137.259,440112.234],[100568.347,440412.051],[100621.919,440507.767],[100783.01,440634.583],[100867.882,440697.751],[100728.331,440885.41],[100682.56,440946.88],[100569.709,441107.328],[100325.648,441454.19],[100046.654,441240.953],[99864.081,441484.465]]],[[[99733.068,439221.674],[99708.838,439272.401],[100052.524,439566.522],[100000.8,439662.222],[99431.071,439173.339],[98756.546,439007.752],[98741.808,439076.179],[98652.237,439555.127],[98168.468,439434.872],[98252.664,439104.126],[98281.007,438992.817],[98394.16,438548.477],[98590.474,438595.327],[98637.767,438449.648],[98679.376,438412.74],[98712.25,438412.37],[99029.338,438406.197],[99110.233,438372.97],[99171.649,438347.75],[99352.997,438508.287],[99650.107,438769.8],[99859.299,438954.08],[99733.068,439221.674]]]]}},{"type":"Feature","properties":{"name":"Delft","population":109270},"geometry":{"type":"Polygon","coordinates":[[[85776.668,447138.797],[85597.614,447222.569],[85485.463,447396.156],[85364.1,448104.144],[85157.205,448390.613],[84990.374,448622.172],[84588.292,448346.817],[84368.629,448617.366],[84321.529,449008.987],[84266.503,449124.433],[84251.039,449156.921],[84234.624,449192.483],[83938.03,448990.404],[83967.795,448776.671],[83989.023,448527.231],[83999.77,448399.727],[84008.954,448292.608],[83973.299,448066.845],[83894.652,447955.97],[83863.928,447912.679],[83781.336,447869.738],[83710.51,447987.03],[83574.881,448210.124],[82916.05,447835.716],[82740.32,448103.7],[82188.719,447707.528],[82141.349,447675.116],[82111.666,447654.853],[81969.54,447561.461],[81899.853,447519.754],[81816.483,447469.847],[81779.436,447161.053],[81950.826,446738.43],[82132.323,446843.431],[82276.998,446919.766],[82550.905,447097.543],[82775.115,446777.61],[82959.632,446921.932],[83096.827,446578.124],[82778.03,446431.122],[82844.69,446293.904],[82957.957,446064.104],[82557.538,445944.054],[82579.075,445795.304],[82604.952,445609.382],[82602.071,445500.822],[82579.381,444561.902],[82633.207,444497.696],[82732.183,444310.604],[82716.04,444215.922],[82717.974,444143.066],[82932.473,443763.641],[83215.954,443832.606],[83212.299,443736.13],[83726.914,443851.877],[84132.562,443955.648],[84833.856,444091.282],[84907.508,444115.395],[85108.435,444175.668],[84852.793,444996.155],[84525.924,445078.539],[84757.202,445308.67],[84708.012,445469.149],[84512.784,446107.987],[84450.452,446311.771],[84722.824,446386.485],[84805.306,446200.891],[84998.956,446291.693],[85167.304,445762.742],[85531.012,445894.194],[85846.4,445984.782],[86201.524,446101.38],[86142.466,446569.589],[86081.563,447052.568],[85776.668,447138.797]],[[83381.219,444520.341],[83377.228,444680.296],[83900.221,444817.359],[83972.669,444665.499],[83640.08,444583.897],[83536.212,444493.584],[83381.219,444520.341]]]}},{"type":"Feature","properties":{"name":"Deventer","population":84295},"geometry":{"type":"MultiPolygon","coordinates":[[[[208040.647,477033.115],[207977.06,477158.447],[207880.02,477195.908],[207797.224,477107.508],[208109.924,476781.774],[208195.548,476807.175],[208261.329,476681.869],[208368.859,476653.931],[208294.358,476391.139],[208143.842,476458.285],[208005.323,476610.073],[207498.028,476640.712],[207428.56,476610.266],[207440.841,476816.692],[207461.838,476941.26],[207085.829,477036.593],[207055.963,477030.77],[206503.835,476924.844],[206501.542,477000.818],[205998.938,476763.831],[205935.783,476706.321],[206251.029,476401.804],[206235.737,476303.172],[205917.477,476021.43],[206033.7,475891.941],[205663.793,475496.745],[205726.548,475408.706],[206198.032,474999.638],[206437.433,474813.742],[206649.552,474695.391],[206833.897,474625.16],[206912.766,474553.328],[206882.042,474520.403],[206831.08,474463.844],[206929.334,474389.712],[207171.231,474150.745],[207395.512,473894.189],[207638.457,473811.479],[207707.621,473765.093],[207784.036,473714.501],[208083.436,473428.679],[208259.924,473387.291],[208291.755,473355.366],[208346.343,473353.84],[208388.775,473808.282],[208734.367,474111.454],[208994.292,474245.028],[209170.691,474213.019],[209476.811,473976.091],[209707.805,473840.72],[209859.151,473784.813],[209920.308,473391.035],[210148.118,473612.44],[210234.153,473562.215],[210311.732,473645.534],[210966.334,473491.219],[211209.978,473167.788],[211391.938,472718.263],[211682.044,472772.874],[211881.512,472793.411],[211959.682,472794.31],[212046.866,472751.028],[212188.932,472664.04],[212426.731,472790.194],[212667.829,472816.754],[212737.162,473062.972],[212718.679,473403.305],[212680.097,473783.628],[212204.157,473530.857],[211782.634,473534.903],[211784.336,473702.053],[211631.821,473702.697],[211665.292,473946.821],[211680.729,474408.72],[211885.49,474462.144],[212035.857,474177.796],[212357.925,474395.106],[212635.618,474257.296],[212601.163,474451.12],[212936.997,474483.416],[212926.224,474659.991],[212846.576,474685.82],[212790.61,474774.128],[212764.508,474886.764],[212793.885,474894.173],[212817.221,475059.184],[212909.382,475215.098],[212894.66,475262.494],[212858.267,475379.461],[212881.978,475605.343],[212902.52,475801.422],[212579.793,475870.704],[212396.391,475885.486],[212387.508,475886.217],[211939.367,475820.95],[211484.13,475754.362],[211087.252,475058.569],[210620.314,474291.531],[210516.58,474191.445],[210503.94,474121.981],[210505.115,474081.102],[210532.356,474008.692],[210603.204,473930.207],[210799.889,473900.041],[211045.322,473913.554],[211042.284,473735.541],[210741.61,473765.747],[210455.013,473795.574],[210377.453,473894.126],[210288.364,474007.183],[210139.515,474191.511],[209893.698,474496.887],[209781.028,474592.388],[209458.223,474697.09],[209398.627,474701.942],[209381.544,474703.034],[209496.635,475000.56],[209304.004,475023.866],[209139.091,475019.555],[208979.226,474965.621],[208944.712,475000.017],[208671.047,475258.526],[208876.346,475462.604],[208859.522,475960.525],[208777.634,475992.292],[208559.375,476324.849],[208461.55,476360.342],[208328.931,476384.78],[208406.668,476546.907],[208582.712,476552.317],[208637.938,476838.104],[208687.807,476821.454],[208868.003,476867.756],[208915.175,477157.965],[208461.777,477257.913],[208455.01,477176.779],[208277.406,477197.839],[208242.583,477028.276],[208040.647,477033.115]],[[207356.614,475707.988],[206913.777,475371.232],[206774.006,475601.209],[206681.264,475803.586],[206569.361,476204.382],[206530.259,476498.118],[206678.852,476465.676],[206981.885,476283.365],[207210.476,476164.878],[207417.666,476144.092],[207356.614,475707.988]]],[[[206610.136,473455.985],[206659.11,473445.814],[206885.376,473387.985],[207046.711,473393.518],[207035.598,473589.793],[206979.896,473642.395],[206830.979,473743.09],[206730.023,473855.807],[206635.907,474043.093],[206523.93,474123.153],[206348.64,473928.054],[206189.211,473749.872],[206300.08,473592.404],[206610.136,473455.985]]]]}},{"type":"Feature","properties":{"name":"Dordrecht","population":122530},"geometry":{"type":"MultiPolygon","coordinates":[[[[106777.299,421952.49],[107050.92,421942.693],[107228.391,421941.168],[107268.909,422562.844],[107531.811,422448.144],[107627.693,422445.124],[107930.698,422256.635],[107971.378,422260.704],[108012.921,422264.765],[108018.257,422178.711],[108319.184,422168.004],[108317.349,422501.192],[108304.268,422526.625],[108266.179,422600.523],[108270.312,422647.938],[108445.537,422704.61],[108565.486,422708.283],[108601.968,423139.416],[108433.403,423270.875],[108849.486,423505.13],[109304.266,423194.111],[109233.239,423019.856],[109040.236,422872.919],[109312.745,422734.805],[109536.024,422671.194],[109832.361,422659.507],[109928.648,423036.372],[110216.647,423816.958],[110109.817,423869.315],[110118.452,423978.718],[109889.202,424178.15],[110018.677,424305.995],[109575.297,424471.707],[108941.745,424620.51],[108843.284,424664.695],[108778.531,424748.07],[108691.57,424999.266],[108979.771,424916.394],[109098.495,424999.364],[109160.966,425115.172],[109020.514,425313.557],[109031.279,425359.465],[108475.274,425469.01],[108441.931,425346.209],[108373.468,425273.412],[108226.796,425281.62],[108143.792,425254.746],[108127.917,425194.257],[108114.528,425156.164],[108070.425,425071.239],[108032.992,424999.102],[107943.885,424855.13],[107652.566,424441.753],[107596.289,424361.842],[107429.32,424126.991],[108000.32,424021.419],[107838.654,423619.558],[107631.059,423741.397],[107474.499,423839.23],[107345.394,423682.129],[107134.787,423533.597],[107038.78,423221.646],[107035.975,423104.96],[106976.665,422916.16],[106984.633,422865.571],[107125.714,422629.128],[107129.416,422576.022],[107037.466,422578.568],[106924.308,422614.476],[106790.153,422694.702],[106574.41,422860.167],[106394.814,422995.194],[106280.052,423099.001],[106194.423,422966.597],[106144.665,422929.698],[105971.159,422863.91],[105845.757,422669.649],[105792.511,422587.226],[105737.785,422484.178],[105603.402,422231.155],[105102.241,421287.663],[105138.088,420779.454],[105108.366,420577.254],[105298.177,420318.024],[105874.982,420553.84],[106745.07,420910.84],[106777.299,421952.49]],[[106777.299,421952.49],[106535.824,421961.213],[106655.713,422494.0],[106857.86,422463.074],[106777.299,421952.49]]],[[[104272.223,421602.841],[104632.933,421583.966],[104690.204,421534.826],[104760.409,421474.542],[104828.029,421746.067],[105136.686,421698.32],[105392.354,422171.597],[105501.9,422374.792],[105586.874,422532.391],[105666.494,422679.308],[105737.581,422811.456],[105868.766,423053.778],[105936.018,423232.251],[105977.921,423362.129],[106071.832,423282.662],[106116.404,423332.796],[106191.178,423416.961],[106287.01,423499.643],[106401.781,423518.891],[106545.539,423718.217],[106622.658,423825.229],[106909.85,424223.623],[107174.857,424611.173],[106537.484,425187.675],[106727.849,425380.659],[106771.196,425506.803],[106791.108,425587.61],[106498.38,425579.807],[106391.308,425599.591],[106136.376,425737.809],[105937.68,425910.37],[105914.353,425915.271],[105627.232,425932.554],[105499.873,425914.672],[105371.09,425867.991],[105141.062,425732.752],[104686.272,425341.31],[104377.016,424999.396],[104342.93,424960.131],[104280.931,424888.715],[104488.657,424758.166],[104545.919,424722.208],[104724.294,424631.295],[104821.774,424606.12],[104954.269,424582.099],[104918.953,424471.189],[104610.817,424302.875],[104447.808,424211.833],[104401.033,424252.025],[104240.588,424234.231],[104226.29,423806.126],[104259.913,423672.438],[104281.83,423585.154],[104369.001,423551.729],[104485.137,423479.685],[104590.219,423257.884],[104422.677,423103.803],[104208.914,422767.002],[104214.463,422183.21],[104282.728,422198.82],[104407.166,422245.629],[104405.967,421979.392],[104278.455,421980.678],[104272.223,421602.841]]]]}},{"type":"Feature","properties":{"name":"Ede","population":79375},"geometry":{"type":"Polygon","coordinates":[[[170973.72,451591.78],[171013.034,451375.23],[171131.79,451200.493],[171173.407,451133.483],[171209.133,451063.729],[171265.501,450891.684],[171287.803,450753.573],[171521.031,450120.056],[171662.266,450028.905],[171862.93,449966.942],[172082.742,449925.58],[172225.543,449911.664],[172705.921,449998.184],[172712.654,449928.171],[172747.82,449552.409],[172774.398,449373.154],[172868.48,448741.819],[172911.801,448432.342],[172601.724,448465.782],[172399.364,448541.227],[172014.987,448799.855],[171801.693,448878.402],[171539.379,448861.28],[171538.868,448250.357],[171888.675,448039.751],[171779.985,447855.528],[171885.396,447802.369],[172152.438,447667.936],[172404.056,447580.915],[172629.968,447495.54],[172853.985,447720.858],[173095.208,447757.943],[173153.503,447753.872],[173267.387,447734.54],[173389.477,447677.524],[173476.994,447596.129],[173558.406,447431.157],[173614.786,447315.825],[173915.046,447276.18],[173855.57,447736.065],[174566.694,447887.116],[174547.395,448274.499],[175218.171,448103.168],[175429.909,448049.126],[175476.121,448212.143],[175487.376,448345.977],[175376.781,448376.176],[175289.035,448644.396],[175059.97,449581.936],[175068.881,449703.522],[175439.294,449701.19],[176215.056,449863.812],[176278.427,450360.742],[176091.253,450427.146],[175856.605,450510.381],[175636.067,450650.761],[175444.536,450805.734],[175271.343,451025.763],[175059.517,451261.053],[174831.095,451440.155],[174467.562,451540.633],[174262.141,451519.14],[174190.558,451511.688],[173866.325,451491.312],[173798.126,451486.826],[173626.743,451468.77],[173322.117,451394.209],[173110.985,451393.436],[173017.13,451398.158],[172932.044,451834.041],[172158.603,451724.284],[172061.598,451639.783],[171674.248,451613.27],[171499.995,451601.341],[170983.055,451685.769],[170973.72,451591.78]]]}},{"type":"Feature","properties":{"name":"Eindhoven","population":244465},"geometry":{"type":"MultiPolygon","coordinates":[[[[156943.067,382972.996],[157359.078,383077.083],[157329.837,383233.043],[157233.478,383683.177],[157225.745,383719.386],[157156.491,383738.769],[156808.53,383622.541],[156718.437,383791.89],[157028.801,383937.355],[156846.065,384220.808],[156559.019,384590.065],[155885.547,384005.72],[155963.411,383997.78],[156392.364,383954.104],[156400.394,383953.327],[156489.081,384026.667],[156515.179,384048.258],[156648.988,383884.705],[156633.73,383879.972],[156487.469,383834.203],[156320.964,383692.811],[156527.872,383453.624],[156640.33,382922.603],[156741.316,382456.662],[156873.635,382316.978],[157194.997,382715.554],[156982.845,382872.441],[156943.067,382972.996]]],[[[159501.877,386131.554],[159661.595,385874.096],[159544.344,385734.369],[159397.131,385395.978],[159321.97,385267.696],[159407.793,385163.417],[159827.981,384651.154],[159912.259,384548.551],[159924.264,384533.71],[160000.403,384440.834],[160072.477,384488.021],[160185.033,384406.032],[160415.277,384101.89],[160332.549,384036.275],[160423.078,383926.065],[160580.056,383768.315],[160664.333,383724.297],[160800.311,383703.258],[160734.535,383616.129],[160677.988,383512.824],[160615.086,383557.032],[160376.675,383726.209],[160177.95,383921.859],[160088.287,383937.065],[160000.537,383951.941],[159819.663,384041.712],[159606.467,384056.365],[159518.166,384303.207],[159481.812,384379.215],[159362.344,384548.046],[159190.9,384789.984],[159087.074,384936.528],[158823.599,384576.034],[158791.958,384547.585],[158419.109,384212.008],[157967.402,383824.345],[157955.709,383727.994],[158055.96,383558.618],[158069.044,383422.733],[158080.938,383299.808],[158151.033,383173.136],[158552.903,383106.152],[158779.504,383113.77],[158982.686,383192.414],[159323.316,383278.246],[159479.319,383185.709],[159534.681,383013.264],[159597.613,382817.352],[159644.44,382671.6],[159762.384,382515.958],[159555.509,382313.346],[159374.758,382241.874],[159340.541,382079.752],[159146.583,381560.047],[159273.933,381316.235],[159099.799,381140.369],[158999.019,381038.438],[158297.47,380919.672],[158234.902,380914.347],[158246.295,380774.067],[158119.434,380564.947],[158134.005,380402.196],[158155.127,380165.968],[158191.377,379996.166],[158304.248,380018.545],[158337.306,380056.169],[158482.881,380221.975],[158412.547,380423.347],[158621.788,380457.146],[158688.019,380407.242],[158692.021,380404.242],[158708.054,380408.87],[158824.418,380442.443],[158861.131,380422.502],[158886.674,380408.615],[159003.359,380431.067],[159271.539,380482.74],[159218.365,380762.77],[160000.45,380898.43],[160445.22,380945.169],[160593.076,381447.796],[160589.84,381512.596],[160718.107,381504.674],[160867.508,381686.629],[160888.236,381805.859],[160935.31,381875.112],[161194.701,381784.586],[161402.713,381740.289],[161525.852,381714.08],[161497.279,381460.279],[161445.89,381423.334],[161490.336,381123.791],[161405.423,381053.65],[161341.291,381023.421],[161197.245,380954.1],[161180.695,380892.113],[161714.856,380849.516],[161626.608,380348.603],[161884.433,380325.585],[162322.019,380286.704],[162736.79,380249.607],[162830.291,380274.448],[163268.764,380403.251],[163236.609,380690.059],[163336.27,380727.547],[163433.544,380797.741],[163516.413,380931.993],[164040.01,380951.758],[164186.966,381025.281],[164095.852,381348.746],[164001.807,381507.556],[163954.254,381554.42],[164290.773,381772.856],[164086.661,381955.828],[164148.354,382185.173],[163578.18,382332.584],[163014.298,382458.986],[162927.198,382213.874],[162854.732,382124.259],[162593.12,382529.037],[162782.949,382516.643],[162841.466,382764.935],[162352.559,382878.846],[162325.712,382931.373],[162247.44,383084.676],[161795.976,383179.058],[161855.198,383270.197],[162247.481,383177.905],[162339.535,383253.911],[162452.836,383347.472],[162587.703,383174.732],[163148.59,383038.487],[164176.684,382901.126],[164257.4,382890.371],[164232.502,382720.834],[164375.586,382696.9],[164397.978,382865.264],[164578.888,382840.294],[165002.369,382785.376],[165035.241,382830.275],[164681.18,383257.292],[164542.778,383424.185],[164837.491,383630.508],[164951.215,383693.588],[164854.294,383945.995],[164727.888,383936.238],[164619.343,384021.249],[164343.267,384008.939],[164294.434,384233.856],[164710.746,384319.912],[164469.291,384948.137],[164488.779,385026.995],[164512.959,385124.163],[164454.632,385112.205],[164375.286,385096.149],[164161.323,385052.647],[164122.596,385310.625],[163667.81,385268.662],[163506.282,385125.374],[163129.199,385006.716],[163164.638,384818.814],[163200.359,384715.352],[163259.303,384545.178],[163685.206,384809.946],[163807.607,384592.828],[163725.407,384493.004],[163728.35,384237.131],[163919.629,384156.362],[163233.122,384015.133],[163006.029,384041.135],[163061.814,383912.561],[163083.523,383857.304],[162745.288,383863.728],[161803.091,383628.912],[161765.678,383869.499],[161715.18,384072.744],[161532.181,384037.293],[161520.325,384228.63],[161673.639,384550.569],[161684.037,384572.611],[161762.469,384843.056],[161862.993,385320.237],[161881.027,385398.75],[162011.928,385401.488],[162167.154,385404.654],[162488.1,385411.516],[162496.92,385650.72],[162609.735,385637.093],[162853.53,386065.34],[162902.422,386196.804],[163098.477,386377.564],[162990.966,386496.432],[163280.117,386526.713],[163248.601,386678.965],[163110.979,386902.08],[163058.388,387029.435],[162997.507,387239.103],[163020.222,387263.058],[163099.277,387311.578],[163190.436,387543.351],[163152.386,388048.15],[163114.206,388227.537],[163084.829,388289.29],[163148.366,388323.269],[163156.26,388510.907],[162649.491,388579.925],[162504.995,388666.93],[162360.554,388599.744],[162368.109,388444.003],[162343.569,388362.475],[162116.966,388132.138],[161996.84,388224.087],[161943.898,388283.867],[161927.217,388341.528],[161892.708,388459.463],[162045.28,388506.121],[162110.265,388525.959],[162062.241,388645.599],[161982.057,388844.517],[161521.339,389407.224],[161300.703,389495.278],[160578.284,389449.371],[160490.116,389296.414],[160605.41,389161.092],[160437.899,388805.293],[160149.945,388869.962],[160000.096,388732.137],[159899.999,388780.823],[159803.002,388418.773],[159849.565,388210.61],[159715.811,388178.554],[159595.808,388604.537],[159511.24,389076.835],[159475.023,389426.911],[159467.162,389599.622],[159071.016,389521.188],[158655.028,389157.633],[158533.894,389079.448],[158465.216,389066.662],[157979.232,388774.371],[157953.107,388613.096],[158014.744,388506.387],[158208.942,388191.109],[158408.175,387862.603],[158863.788,388120.535],[159044.264,387717.501],[159194.025,387735.034],[159661.183,387644.329],[159822.373,387733.927],[160062.745,387343.28],[160087.552,387303.421],[159879.032,387221.946],[159535.103,387053.691],[159346.478,387002.85],[159151.921,387361.194],[158846.329,387191.126],[159216.58,386593.056],[159326.761,386414.869],[159372.408,386341.093],[159501.877,386131.554]],[[159056.994,383957.937],[158896.75,383865.194],[158746.73,383760.171],[158604.512,383867.536],[158610.276,384073.188],[158865.707,384095.293],[159056.994,383957.937]],[[161098.773,387436.875],[160784.975,387456.809],[160726.545,388349.87],[161064.875,388360.445],[161098.773,387436.875]]],[[[158378.705,381098.228],[158510.789,381212.907],[158944.722,381268.018],[158932.196,381454.298],[158996.35,381643.92],[158845.636,382002.977],[158182.346,381636.889],[158222.909,381067.866],[158378.705,381098.228]]]]}},{"type":"Feature","properties":{"name":"Emmen","population":57620},"geometry":{"type":"MultiPolygon","coordinates":[[[[257613.962,528174.695],[257805.44,528128.749],[257726.019,528000.021],[257585.864,527891.277],[257662.512,527713.575],[257784.534,527767.399],[257862.232,527838.546],[257923.156,527940.785],[257954.074,528027.087],[258304.483,528180.97],[258331.723,528266.696],[258333.689,528362.127],[258312.184,528439.641],[258241.995,528410.33],[258027.103,528917.574],[257969.395,528895.765],[257747.844,528811.956],[257615.966,528762.21],[257588.099,528728.399],[257514.131,528669.968],[257526.223,528489.962],[257529.704,528440.059],[257501.808,528201.612],[257613.962,528174.695]]],[[[255771.836,530389.798],[255492.128,530085.174],[255544.133,529705.136],[255560.04,529595.328],[255637.348,528992.758],[255654.327,528862.325],[255650.837,528841.55],[255899.291,528836.274],[255943.715,528726.611],[256048.985,528735.857],[256138.897,528744.509],[256179.641,528750.752],[256250.725,528761.632],[256335.258,528796.666],[256394.11,528830.39],[256383.54,529038.367],[256378.419,529143.389],[256340.745,529207.441],[256300.549,529275.839],[256219.128,529491.696],[256300.685,529510.028],[256294.897,529535.007],[256259.916,529685.88],[256284.28,529704.751],[256317.942,529737.784],[256413.793,529749.014],[256577.161,529768.106],[256676.191,529736.944],[256755.695,529796.759],[256825.762,529823.209],[256866.637,529633.506],[256912.194,529593.275],[257019.786,529579.384],[257151.947,529629.287],[257762.939,529857.774],[257648.753,530095.291],[257613.288,530082.746],[257583.587,530072.271],[257530.539,530075.163],[257507.007,530076.449],[257404.36,530082.085],[257289.949,530152.702],[257188.855,530251.927],[257176.932,530263.309],[256976.18,530534.202],[256914.013,530618.274],[256870.379,530676.8],[256792.47,530824.436],[256788.357,530832.197],[256658.692,531077.038],[256590.124,531055.629],[256495.043,531026.491],[256382.457,530931.432],[256332.201,530847.631],[256393.467,530440.857],[256109.372,530370.96],[255992.427,530341.768],[255771.836,530389.798]]],[[[259529.849,532947.379],[259598.211,533039.506],[259632.635,533295.865],[259716.293,533445.424],[259857.818,533588.883],[260018.515,533592.455],[260020.139,533592.267],[260090.341,533684.275],[260292.276,534021.949],[260396.872,534281.502],[260421.374,534934.696],[260400.657,535407.203],[260382.56,535585.631],[260114.183,535544.492],[259954.255,535545.774],[259867.927,535574.135],[259760.399,535609.444],[259740.296,535694.053],[259657.7,535897.365],[259531.677,536368.838],[259373.883,536268.726],[259212.163,536140.596],[259147.064,536077.538],[258950.786,535967.045],[259001.404,535845.964],[259108.065,535626.57],[259131.693,535554.891],[259200.273,535343.646],[259047.43,535181.986],[258965.212,535047.773],[258972.528,534968.956],[259281.498,534912.28],[258974.231,534696.341],[258753.143,534602.47],[258678.115,534605.158],[258746.271,534484.726],[259038.636,534470.59],[259094.024,534194.893],[258146.102,534058.42],[258044.586,534373.444],[257997.5,534442.851],[257782.149,534403.576],[257815.481,534287.072],[257761.618,534279.591],[257613.683,534183.921],[257370.371,534361.794],[257345.27,534612.209],[257330.734,534679.412],[257250.263,535047.599],[257450.631,535217.378],[257525.649,535249.9],[257844.397,535581.472],[257663.335,535830.267],[257657.144,535839.097],[257649.848,535829.982],[257505.149,535653.294],[257368.489,535717.929],[257410.461,535824.944],[257510.417,536079.27],[257184.11,536145.487],[257147.463,536016.047],[257017.557,536045.603],[256985.527,536053.002],[256964.855,536057.634],[256876.736,536417.986],[256208.849,536080.045],[255975.229,535960.215],[256074.783,535785.524],[256105.892,535731.462],[256202.238,535495.711],[256247.228,535385.839],[256419.293,534611.937],[256169.198,534541.345],[256177.863,534468.508],[256209.217,534203.358],[256254.165,533949.9],[256472.21,533982.707],[256481.244,533905.425],[256489.21,533837.249],[256514.549,533620.339],[256526.818,533517.413],[256576.833,533259.889],[256159.076,533223.208],[256032.277,533153.404],[255933.174,532976.489],[255763.084,532752.194],[255727.993,532725.535],[255698.715,532703.392],[255353.211,532441.823],[255389.601,532241.721],[255416.651,532092.015],[255454.184,531636.769],[255447.765,531597.679],[255356.547,531358.108],[255335.291,531106.399],[255256.422,531121.083],[254984.769,531168.544],[254419.424,531101.78],[254235.1,531089.066],[254239.653,530984.755],[254242.668,530924.545],[254269.766,530658.243],[254734.426,530747.193],[254740.015,530642.347],[255078.058,530694.628],[255133.377,530641.502],[255394.702,530665.85],[255355.152,530887.814],[255564.757,531076.453],[255782.083,531052.445],[256159.359,531041.166],[256362.484,531033.028],[256561.073,531260.551],[256592.238,531296.095],[256640.255,531350.856],[256752.297,531479.358],[256903.423,531769.573],[256923.41,531890.592],[256945.798,532022.68],[257088.939,532926.37],[257130.381,533306.684],[257810.87,533312.531],[258195.197,533315.977],[258520.194,533109.714],[258638.478,533015.0],[259440.868,532968.346],[259529.849,532947.379]]],[[[260860.141,532965.067],[260876.688,532810.818],[260372.721,532745.19],[260757.669,532358.267],[261183.094,531991.233],[261466.859,532481.895],[261323.427,532869.017],[261760.214,532903.385],[261756.179,533009.041],[261651.037,533254.516],[261125.302,533231.52],[261036.021,533228.965],[261117.78,533029.775],[261098.438,532978.708],[260860.141,532965.067]]]]}},{"type":"Feature","properties":{"name":"Enschede","population":138015},"geometry":{"type":"MultiPolygon","coordinates":[[[[255458.222,467595.643],[255514.355,467517.597],[255722.341,467653.808],[255737.699,467663.858],[255799.525,467807.344],[255816.474,468169.717],[255732.727,468193.111],[255670.341,468252.553],[255634.56,468312.091],[255628.696,468432.555],[255721.133,468558.466],[255821.352,468694.998],[255902.929,468866.877],[255673.446,468904.669],[255341.664,469003.279],[255037.453,469093.452],[255020.769,468996.794],[254932.103,468554.407],[255185.681,468387.358],[255137.746,468141.439],[255055.174,468100.042],[254924.668,468231.07],[254708.465,468064.901],[254662.116,467951.455],[254673.965,467897.884],[254977.746,467859.373],[255217.965,467646.037],[255458.222,467595.643]]],[[[257257.745,467225.763],[257274.672,467308.913],[257610.178,467385.066],[257649.996,467517.047],[257698.733,467844.141],[257984.697,467851.74],[258023.203,467590.169],[258063.939,467494.637],[258158.787,467520.815],[258391.532,467585.091],[258337.101,467699.032],[258719.844,467714.2],[258792.41,467752.278],[258832.96,467684.292],[258960.404,467703.544],[259205.827,467879.806],[258981.896,468211.767],[258967.377,468251.806],[258928.295,468357.549],[258880.854,468446.146],[259184.341,468594.689],[259297.157,468654.655],[259297.151,468937.784],[259102.486,469300.959],[258998.709,469276.857],[258727.579,469196.555],[258435.486,469066.863],[258417.806,469058.814],[258248.822,468983.565],[258126.448,468929.211],[258080.525,468909.559],[257996.955,468873.433],[257699.721,468805.278],[257700.205,468738.958],[257701.559,468551.459],[257557.808,468537.855],[257494.14,468531.03],[257414.938,468537.907],[257332.324,468565.916],[257283.011,468597.563],[257233.295,468648.789],[257187.374,468758.188],[256981.666,468749.723],[256429.677,468782.972],[256384.754,468570.266],[256368.609,468433.326],[256149.675,468098.655],[256014.082,467566.258],[256272.939,467583.835],[256388.213,467521.252],[256464.144,467526.199],[256607.658,467649.666],[256718.951,467607.876],[256870.07,467763.669],[256889.953,467827.959],[256995.858,467762.137],[256726.254,467345.212],[257097.933,467202.939],[256859.794,467194.871],[256691.155,467255.459],[256747.953,466982.736],[257343.768,467028.604],[257391.646,467189.796],[257405.555,467233.487],[257257.745,467225.763]]],[[[257334.266,468967.163],[257349.435,469350.376],[257537.837,469336.407],[257643.007,469754.092],[257365.776,469762.66],[257368.671,469836.006],[257281.65,469893.138],[257289.082,470031.628],[257106.315,470096.916],[257189.559,470265.848],[257621.666,470188.692],[257700.682,470169.795],[257879.893,470117.977],[258067.799,470105.242],[258119.268,469839.711],[258400.446,469890.976],[258524.102,469918.653],[258953.315,469969.148],[258971.861,469733.652],[258976.37,469676.764],[258792.218,469657.881],[258729.896,469476.338],[258778.25,469369.73],[259182.715,469492.121],[259147.105,469761.481],[259297.985,469785.409],[259302.23,469871.249],[259581.999,469917.488],[259565.08,470196.032],[259360.02,470373.842],[259446.652,470543.664],[259695.592,470487.538],[259795.482,470603.613],[259903.176,470605.891],[259973.845,470624.583],[260196.344,470717.612],[260183.236,470814.994],[260205.472,471200.487],[260253.331,471447.797],[260321.702,471609.291],[260356.894,471738.25],[260386.176,471844.547],[260369.416,471989.819],[260238.582,472232.053],[260208.575,472287.008],[260097.285,472467.168],[260076.438,472501.172],[260215.954,472726.165],[260285.772,472876.616],[260259.447,473012.448],[260153.446,472987.604],[260036.699,473139.102],[260019.225,473410.457],[259788.903,473377.978],[259549.365,473581.258],[259496.133,473503.954],[259647.93,473215.512],[259731.618,473061.08],[259558.464,473028.931],[259498.87,472992.17],[259280.391,472986.843],[259278.62,472816.192],[259179.16,472816.214],[259196.64,472615.473],[258956.271,472493.231],[258779.265,472604.653],[258861.038,472724.783],[258725.415,472789.052],[258645.272,472695.446],[258502.525,472696.857],[258500.644,472786.854],[258583.364,472796.541],[258608.335,472924.16],[258705.503,472942.108],[258751.744,472985.424],[258790.386,473081.556],[258842.674,473069.408],[258906.911,473184.664],[258905.578,473248.185],[258794.946,473251.931],[258398.314,473249.978],[258550.391,473595.605],[258366.789,473668.562],[258334.025,473837.323],[258019.768,473874.68],[257358.37,473693.524],[257298.694,473906.752],[257199.594,473981.498],[257155.684,473830.012],[257111.75,473808.74],[257066.15,473820.209],[256459.063,473837.559],[256467.028,473708.901],[256498.358,473661.966],[256880.296,473086.08],[256880.835,472819.045],[256932.499,472707.591],[256729.959,472438.106],[256455.262,472560.68],[256397.778,472327.682],[255654.558,472787.183],[255785.661,473320.544],[255542.718,473397.071],[255486.746,473537.553],[255063.031,473672.26],[254995.834,473430.624],[254922.729,473235.947],[254808.704,473091.417],[254558.69,472763.751],[254779.962,472545.901],[255639.052,471700.439],[255734.726,471606.895],[255928.308,471480.067],[256135.631,471388.751],[256193.576,471891.471],[256568.08,471814.275],[256559.143,471693.451],[256929.966,471593.558],[256941.514,471420.959],[256810.233,471396.613],[256579.855,471353.266],[256437.595,471347.569],[256460.526,470982.111],[255870.275,471085.748],[255548.587,471106.42],[255445.117,471097.088],[255375.024,471090.103],[255346.773,471001.666],[255313.271,470895.706],[255289.695,470913.926],[255211.337,470845.677],[255055.057,470854.817],[254875.822,470597.124],[254810.842,470419.029],[254817.171,470147.218],[255337.47,469622.638],[255674.211,469651.502],[256118.956,469059.805],[257002.094,468991.702],[257334.266,468967.163]]],[[[261074.817,470640.789],[261193.522,470516.9],[261999.002,470250.142],[262021.217,470598.641],[261861.911,470613.512],[261918.701,471015.343],[261720.255,471040.559],[261564.042,471309.647],[261085.946,471358.264],[260975.811,471427.693],[260977.386,471636.849],[260832.506,471659.74],[260785.948,471141.672],[261079.258,471111.938],[261074.817,470640.789]]]]}},{"type":"Feature","properties":{"name":"Gouda","population":76840},"geometry":{"type":"Polygon","coordinates":[[[109790.551,448112.296],[109692.629,448826.218],[109667.639,448829.227],[109501.034,448848.769],[109275.925,448876.364],[109102.641,448896.982],[109162.974,449043.017],[109182.851,449092.347],[109203.656,449866.555],[108990.95,449872.408],[108974.071,450169.807],[108481.949,450327.756],[107703.985,449640.176],[107391.545,449400.316],[106961.338,449146.365],[107002.6,449037.318],[107299.009,448493.726],[107352.372,448370.991],[108051.158,448182.278],[108318.186,448193.345],[108492.808,448199.835],[108490.328,448084.755],[108452.129,447915.768],[108260.901,447940.477],[108078.448,447963.832],[108034.798,447964.91],[107810.786,447970.53],[107420.176,447977.358],[107417.159,447765.373],[107485.376,447763.164],[107636.163,447733.747],[107805.935,447592.056],[108023.639,447410.42],[107980.782,447314.08],[107949.942,447221.688],[107904.968,447155.855],[107830.398,447111.665],[107741.892,447129.359],[107670.932,447172.702],[107589.663,447200.4],[107512.88,447161.91],[107386.154,447153.104],[107381.116,447053.237],[107848.84,446509.332],[107911.142,446118.709],[108038.33,446254.142],[108374.851,446544.275],[108528.699,446758.023],[108558.053,446798.528],[108720.417,446906.947],[108866.537,446907.708],[109052.644,446907.659],[109217.094,446908.261],[109491.201,446977.073],[109580.291,447000.016],[109713.941,447102.442],[109867.73,447151.061],[110200.455,447033.461],[110546.521,446831.762],[110741.801,446665.857],[110847.603,446575.521],[110926.25,446508.346],[111128.589,446478.58],[111467.172,446370.75],[111740.843,446302.615],[111661.754,446553.752],[111570.848,446842.656],[111277.116,447552.184],[110741.533,447610.926],[110660.856,447984.151],[109790.551,448112.296]]]}},{"type":"Feature","properties":{"name":"Groningen","population":198830},"geometry":{"type":"MultiPolygon","coordinates":[[[[235041.141,581228.637],[235160.02,581308.477],[234816.679,581686.402],[235468.629,582046.885],[235428.433,582203.273],[235722.906,582361.201],[235661.533,582459.517],[235562.887,582651.49],[235473.568,582819.522],[235549.773,582858.086],[235784.579,582976.674],[236363.842,583175.722],[236258.076,583479.819],[236381.901,583578.587],[236313.714,583671.158],[236103.968,583702.902],[235939.592,583949.639],[235626.91,584035.551],[235587.325,583962.869],[235458.066,583899.15],[235097.434,583753.045],[234921.796,583622.116],[234850.736,583724.511],[234501.463,583957.822],[234545.753,584082.109],[234575.595,584163.248],[234800.224,584389.426],[235021.837,584558.907],[235041.308,584534.464],[235151.558,584395.992],[235220.185,584463.144],[235802.672,584925.435],[235876.555,584788.427],[235882.877,584781.799],[236203.91,585028.925],[236313.577,584892.806],[236594.343,585081.618],[236509.586,585284.049],[236480.745,585358.752],[236401.319,585542.575],[236396.714,585589.805],[236374.759,585815.843],[236366.637,585926.852],[236310.458,585931.021],[235941.632,585988.579],[235352.66,586080.215],[235083.71,586108.397],[234561.297,585250.469],[234605.06,585206.168],[234653.334,585157.712],[234785.443,585154.837],[234870.981,585073.831],[234911.997,585016.408],[234907.277,584942.864],[234855.254,584812.933],[234843.483,584785.968],[234700.264,584832.012],[234661.562,584862.761],[234629.589,584918.611],[234509.021,584857.12],[234336.962,584818.324],[234034.88,584466.059],[233938.435,584239.794],[233727.34,584319.929],[233698.947,584220.843],[233670.307,584142.846],[233311.474,584171.33],[233197.253,584169.082],[233076.703,584165.899],[232892.313,583962.885],[232866.726,584054.19],[232840.725,584146.324],[232771.618,584137.526],[232504.552,584103.551],[232248.654,584026.804],[232063.598,583792.033],[231945.839,583732.824],[231763.285,583709.927],[231487.426,583769.202],[231391.522,583733.729],[231321.44,583708.017],[231478.03,583451.041],[231555.056,583179.225],[231620.496,583077.528],[231685.037,582917.213],[231605.751,582885.785],[231513.991,582849.096],[231319.236,583278.996],[231243.699,583440.977],[231037.482,583429.031],[230681.024,583381.113],[230457.918,583291.845],[230412.205,583272.428],[230359.688,583265.261],[230086.771,583298.337],[229948.861,583265.632],[229959.471,582872.155],[230057.751,582898.342],[230013.077,582289.624],[230221.467,582325.991],[230359.554,582325.591],[230454.973,582345.286],[230520.369,582387.996],[230616.207,582476.545],[230719.407,582570.275],[230851.791,581893.434],[231256.829,582025.502],[231875.706,582225.574],[232058.665,582087.138],[232014.53,581922.918],[232031.696,581708.367],[232140.953,581421.771],[232164.447,581375.453],[232187.741,581329.133],[232246.933,581248.548],[232368.29,581135.46],[232539.923,581058.413],[232620.462,581059.265],[232674.311,580904.635],[232699.161,580818.271],[232778.443,580659.489],[232853.796,580659.149],[233040.659,580746.824],[233066.792,580703.336],[232972.51,580653.222],[233030.117,580585.144],[233221.852,580675.243],[233241.46,580496.8],[233248.659,580345.926],[233328.021,580132.502],[233260.003,579903.214],[233075.449,579782.676],[232577.425,579503.147],[232475.994,579002.577],[232320.22,578909.803],[232418.957,578689.664],[232447.879,578614.384],[232428.138,578559.415],[232314.325,578242.475],[232296.151,578235.505],[231804.358,578047.1],[231765.425,578031.508],[231935.161,577945.448],[232083.906,577796.838],[232252.119,577502.342],[232537.264,577742.615],[232568.768,577769.001],[232617.966,577836.355],[232630.838,577840.514],[232992.884,578005.642],[233048.11,578032.638],[233117.758,578256.661],[233103.305,578271.731],[233049.441,578327.904],[233081.584,578440.233],[233159.424,578416.507],[233158.431,578343.862],[233158.333,578337.516],[233291.838,578291.043],[233417.786,578283.852],[233532.578,578306.815],[233587.937,578401.106],[233575.76,578450.773],[233507.461,578729.766],[233573.821,579079.465],[233639.881,579082.714],[233677.103,579085.604],[233763.364,578830.726],[233915.206,578735.817],[234009.236,578526.039],[234142.385,578403.894],[234381.911,578225.234],[235139.006,578511.254],[235473.4,578617.063],[235836.454,578804.855],[236015.551,578880.66],[235729.377,579704.108],[235951.816,579808.021],[235587.057,580082.069],[235205.689,580368.724],[234931.238,580574.145],[235098.989,580734.159],[235022.355,580805.458],[234929.759,580998.99],[234969.654,581129.496],[235041.141,581228.637]],[[230630.045,582834.731],[230632.311,582690.677],[230618.91,582610.492],[230523.075,582521.943],[230457.681,582479.232],[230362.264,582459.538],[230224.181,582459.937],[230226.147,582556.305],[230351.887,582571.852],[230364.836,582881.438],[230624.805,582925.755],[230630.045,582834.731]]],[[[231296.658,580329.182],[231224.783,580297.489],[231026.359,580316.67],[230652.008,580203.973],[230639.513,580025.24],[230715.852,580039.24],[230794.102,579810.899],[230989.383,579905.249],[231028.729,579682.309],[231156.65,579421.088],[231505.82,579369.744],[231612.683,579377.342],[231802.522,579391.886],[231652.328,580167.924],[231561.823,580408.078],[231493.39,580740.136],[231416.298,580713.366],[231460.18,580481.374],[231287.99,580416.477],[231296.658,580329.182]]],[[[230931.645,585143.585],[231088.328,584771.17],[230890.736,584662.694],[230822.761,584779.276],[230796.874,584928.301],[230718.015,585060.129],[230672.067,585107.659],[230456.253,584990.731],[230243.641,584875.534],[230189.591,584948.152],[230071.61,584880.191],[230141.417,584739.14],[230268.096,584814.641],[230346.045,584531.633],[230144.545,584445.165],[230218.703,584120.467],[230448.645,584001.74],[230664.458,584004.963],[231078.694,584135.496],[231028.738,584315.25],[230981.947,584483.033],[231153.217,584601.17],[231316.068,584183.056],[231438.423,584236.369],[231575.399,583962.889],[231672.556,584001.058],[231829.791,584074.025],[231933.557,584105.849],[232035.284,584100.242],[231801.729,584720.511],[231331.315,585331.237],[230931.645,585143.585]]],[[[236667.066,584110.428],[236444.745,584049.777],[236626.539,583590.858],[236773.257,583332.657],[236819.075,583215.056],[236930.494,583259.697],[237049.924,583306.369],[237158.558,583052.595],[238285.459,583572.161],[238940.218,583917.096],[238870.64,584015.896],[238842.01,584001.316],[238694.859,583926.176],[238210.204,583760.257],[238163.28,583878.327],[238041.637,584154.34],[237974.802,584370.191],[237788.102,584334.636],[237645.634,584695.454],[237525.336,584649.141],[237479.593,584931.313],[236825.968,584661.621],[236913.065,584446.712],[236752.926,584056.676],[236667.066,584110.428]]]]}},{"type":"Feature","properties":{"name":"Haarlem","population":167995},"geometry":{"type":"Polygon","coordinates":[[[101671.744,486923.952],[101814.267,486876.124],[102105.076,486780.307],[102039.31,486583.502],[101983.012,486415.583],[102199.234,486390.788],[102372.839,486384.26],[102604.609,486363.99],[102864.079,486241.067],[102995.532,486261.434],[103016.104,486264.611],[103085.088,486275.29],[103156.845,486280.823],[103166.901,486281.607],[103432.315,486148.971],[103681.986,486151.988],[103714.349,486152.375],[103869.576,486199.168],[103875.452,486033.032],[103848.163,485881.372],[103807.604,485800.341],[103797.127,485778.752],[103791.544,485749.545],[103757.44,485575.034],[103734.807,485458.933],[103747.483,485410.064],[103826.498,485437.675],[103936.138,485462.021],[103930.511,485685.347],[103979.9,485740.862],[104034.172,485754.711],[104081.311,485737.645],[104094.397,485685.323],[104126.075,485562.764],[104092.633,485477.818],[104147.569,485483.149],[104122.528,485073.034],[104255.034,485037.566],[104262.77,484961.543],[104522.129,484970.067],[104638.761,484703.825],[104684.65,484465.903],[104828.591,484447.302],[104854.128,484462.287],[105295.515,484723.152],[105470.611,484893.307],[105740.679,485056.623],[105931.691,485120.427],[106018.492,485133.585],[106096.379,485388.794],[106051.048,486200.806],[106041.1,486379.162],[106033.405,486520.165],[106019.267,486773.727],[105999.207,487171.614],[105088.043,487171.4],[105357.297,487694.613],[105770.859,487545.815],[105842.033,487590.838],[106115.585,487513.401],[106444.903,488243.655],[106119.245,488205.979],[106100.743,488365.95],[105506.666,488297.601],[104627.557,488228.887],[104680.876,488389.133],[104799.351,488716.514],[104878.819,488941.924],[104793.948,489001.818],[104724.828,489050.48],[104748.371,489132.583],[104923.795,489961.785],[104922.328,490279.818],[105156.363,490830.919],[105211.031,490886.504],[105231.591,490907.382],[105300.535,491042.607],[105157.548,491139.968],[105224.596,491309.984],[105271.706,491473.692],[105302.217,491914.86],[105516.219,492467.793],[105496.925,492545.099],[105294.666,492663.973],[104965.715,492857.246],[104947.858,492934.373],[104727.584,492928.271],[104662.407,492821.223],[104387.096,492501.072],[104219.771,492234.513],[104118.697,492069.536],[104534.613,491891.227],[104730.342,491767.827],[104862.026,491571.924],[104465.415,491337.238],[104242.978,491676.626],[103995.614,491836.577],[103884.451,491612.4],[103772.017,491283.196],[103647.918,491325.213],[103455.434,491390.426],[103400.515,491390.277],[103250.692,490896.791],[103066.086,490286.338],[103043.997,490205.452],[103048.697,490079.775],[103057.631,489848.788],[103060.56,489768.084],[103053.256,489611.098],[103042.316,489474.124],[102981.84,489116.906],[102583.894,489257.819],[102448.725,489312.725],[102323.998,489356.951],[101969.056,489482.99],[101906.424,489248.932],[101863.393,488954.798],[101860.673,488936.133],[101725.84,488852.018],[101602.349,488904.15],[101530.442,488758.938],[101453.055,488529.608],[101426.355,488372.056],[101572.651,488277.444],[101916.441,488303.887],[102014.604,488456.501],[102109.185,488672.469],[102029.484,488903.717],[102370.338,488799.755],[102372.691,488560.825],[102331.544,488335.713],[102134.281,487916.708],[101924.746,487331.823],[101917.547,487302.135],[101700.255,487343.868],[101645.74,487082.853],[101671.744,486923.952]],[[103854.369,486624.999],[103873.411,486743.642],[103873.915,487042.126],[104115.543,487144.836],[104178.004,487260.973],[104237.933,487210.729],[104245.1,486576.456],[103854.369,486624.999]],[[103500.065,486867.254],[103561.534,486808.027],[103432.551,486634.508],[103239.633,486688.715],[103168.286,486556.214],[102824.319,486562.399],[102716.686,486545.734],[102435.996,486602.572],[102555.035,486840.098],[102766.978,486785.83],[103012.835,487021.358],[103105.711,487044.582],[103331.637,487051.057],[103330.626,487162.73],[103383.876,487330.807],[103482.39,487307.634],[103632.828,487306.566],[103523.996,486951.015],[103500.065,486867.254]]]}},{"type":"Feature","properties":{"name":"Heerhugowaard","population":58680},"geometry":{"type":"Polygon","coordinates":[[[116632.111,517678.514],[115977.954,517094.027],[116178.429,516863.874],[116346.289,516667.758],[116720.747,517007.883],[117111.511,517349.357],[117189.968,517258.117],[117217.977,517282.548],[118358.191,518288.835],[118007.907,518688.055],[118314.098,518961.494],[118203.449,519090.013],[118120.944,519185.83],[118231.038,519281.368],[118657.427,519653.018],[118750.057,519731.727],[118899.902,519684.385],[119497.187,519495.69],[119631.244,519756.663],[119683.531,519858.492],[120000.692,520629.915],[119806.379,520647.444],[119886.247,521064.544],[119829.622,521067.399],[119397.177,521089.275],[119419.061,521424.725],[118606.884,521444.718],[118453.237,521450.926],[118264.628,521403.543],[118087.435,521323.366],[117476.742,520913.727],[116852.428,520466.546],[116661.202,520329.556],[116853.675,520235.971],[116925.18,520153.459],[116389.864,519711.599],[115932.195,519286.758],[115720.903,519090.709],[115574.541,519010.542],[115488.292,518699.329],[115788.16,518347.01],[115901.37,518443.083],[115916.156,518455.65],[116042.592,518386.041],[116547.189,517780.385],[116632.111,517678.514]]]}},{"type":"Feature","properties":{"name":"Heerlen","population":87500},"geometry":{"type":"Polygon","coordinates":[[[196058.391,324022.463],[196093.126,324253.646],[196215.626,324838.095],[196399.243,324784.887],[196513.243,324751.873],[196697.53,324751.249],[196636.53,324962.137],[196613.595,324958.503],[196630.197,325175.526],[196496.95,325176.118],[196523.57,325315.567],[196564.618,325701.67],[196527.562,325705.487],[196526.0,325898.999],[196394.547,326491.811],[196312.967,326528.925],[196313.776,326721.511],[196236.04,326805.885],[196211.402,326682.474],[196128.749,326718.025],[196079.306,326491.007],[195907.98,326576.141],[195832.397,326602.463],[195865.741,326697.794],[195851.292,326866.006],[195683.697,326921.471],[195524.622,326962.38],[195475.381,326675.404],[195273.722,326613.688],[195396.832,326354.656],[195378.441,326140.071],[195229.9,326202.433],[195178.953,326297.322],[195121.352,326281.019],[194999.828,326093.446],[194746.567,326067.618],[194568.753,326014.626],[194276.79,326594.684],[194032.675,326459.711],[193764.144,326698.429],[193145.847,327314.147],[192732.617,327108.283],[192561.562,327234.192],[192491.299,327180.667],[192421.827,327119.639],[192477.692,327021.922],[192511.987,326965.989],[192333.988,326765.329],[191833.269,326159.118],[191667.604,325996.284],[191576.47,326011.321],[191337.063,325833.177],[191267.914,325781.68],[191180.733,325624.2],[191166.356,325523.527],[191180.484,325379.555],[191345.955,325415.544],[191623.262,325226.549],[191833.208,325028.073],[191991.576,325011.298],[191991.44,324751.301],[192305.616,324583.41],[192876.861,324288.039],[193204.26,324118.575],[193379.141,324358.681],[193419.769,324324.83],[193575.572,324527.196],[193536.111,324574.238],[193584.011,324640.014],[193311.249,324889.462],[193344.516,325097.251],[193583.724,325475.686],[193576.547,325518.409],[193561.055,325619.644],[193799.847,325837.938],[193806.07,325842.657],[193827.836,325856.394],[193883.786,325892.418],[193935.839,325755.582],[194049.158,325816.462],[194111.761,325596.935],[194220.975,325592.26],[194296.16,325558.958],[194336.928,325382.378],[194333.249,325316.209],[194257.447,325107.143],[194241.819,324961.449],[194276.433,324812.802],[194395.784,324478.343],[194654.42,324579.289],[194741.709,324429.215],[195020.671,324606.767],[195073.156,324315.971],[195180.401,324247.33],[195328.221,324073.095],[195502.874,323945.413],[195677.231,323860.733],[195593.834,323820.358],[195513.146,323703.907],[195166.32,323906.396],[194756.209,324049.898],[194505.469,323420.945],[193894.074,323758.279],[193712.405,323855.368],[193661.899,323765.819],[193825.12,323629.15],[193928.113,323499.206],[193995.605,323356.702],[194024.241,323296.23],[194357.47,323113.698],[194436.746,323070.193],[194612.551,322986.212],[194753.717,323078.973],[194904.651,323122.584],[195079.879,323104.42],[195389.002,323081.915],[195450.477,323137.969],[195536.061,323112.164],[195641.411,323131.518],[195795.777,323167.117],[195928.488,323027.935],[196110.359,322896.992],[196152.1,322758.536],[196151.824,322696.121],[196125.282,322548.22],[196107.098,322472.533],[196087.137,322429.931],[196063.723,322374.673],[195977.318,322422.269],[195635.31,322611.75],[195499.324,322706.245],[195438.065,322689.187],[195511.481,322404.176],[195447.793,322301.823],[195549.148,322187.194],[195638.431,322216.323],[195702.133,322214.268],[195899.556,322121.6],[196046.968,321973.804],[196066.409,321887.793],[196023.141,321727.076],[195885.755,321697.113],[195641.572,321818.227],[195598.016,321839.634],[195474.392,321751.104],[195283.032,321522.202],[195268.415,321388.806],[195444.352,321189.427],[195511.349,321127.985],[195561.253,321043.046],[195616.363,320949.749],[195631.562,320905.701],[195239.253,320918.753],[195112.141,320867.698],[195192.225,320838.617],[195220.691,320794.338],[195221.137,320737.213],[195202.676,320698.964],[195158.704,320668.972],[195095.66,320679.05],[195060.742,320688.513],[195261.812,320382.909],[195351.847,320270.747],[195430.464,320174.183],[195502.72,320085.636],[195519.716,320064.075],[195654.745,320148.746],[195810.057,320245.041],[196092.334,320349.026],[196021.183,320757.65],[196021.597,321085.797],[195983.959,321198.364],[195943.461,321418.659],[195988.311,321531.548],[196074.883,321659.123],[196262.848,321573.235],[196333.135,321488.467],[196425.311,321307.585],[196468.281,321163.19],[196462.945,321100.344],[196440.992,321011.888],[196345.976,320910.106],[196566.936,320280.851],[196795.771,320227.909],[196929.504,320131.37],[197023.521,320062.546],[197096.948,320174.789],[197315.402,320247.002],[197489.501,320003.286],[197571.213,319810.266],[197447.39,319748.166],[197519.472,319557.792],[197798.583,319301.77],[198232.824,319140.681],[198342.13,319288.51],[198095.185,319369.825],[197860.681,319463.159],[197831.529,319645.597],[197954.53,319662.474],[198012.826,319603.439],[198160.394,319684.053],[198233.934,319591.716],[198459.4,319388.792],[198562.178,319420.478],[198580.397,319430.811],[198677.087,319474.574],[198738.01,319484.714],[198771.753,319474.487],[198787.07,319469.944],[198800.446,319457.709],[198962.677,319588.924],[198952.161,319876.65],[199235.383,319997.058],[199246.365,320169.264],[199238.32,320380.578],[199149.609,320566.67],[199036.359,320713.169],[198799.591,320717.659],[198535.104,320699.564],[198254.308,320628.333],[198120.545,320600.789],[197983.128,320610.21],[197915.281,320710.219],[197937.616,320842.797],[197912.37,321059.644],[197762.835,321317.846],[197741.863,321423.53],[198055.589,321575.557],[198190.657,321507.487],[198495.568,321763.601],[198642.632,321887.113],[198501.574,322044.069],[198307.483,322152.853],[197766.083,322278.608],[197658.292,322255.297],[197534.424,322397.735],[197734.501,322454.907],[197964.242,322523.848],[198133.016,322574.489],[198016.543,322799.639],[197833.634,322740.262],[197672.335,323273.722],[197655.846,323667.369],[197640.855,323778.554],[197633.773,323903.1],[197552.242,324051.728],[197410.751,324131.553],[197325.072,323951.618],[196944.879,323951.566],[196696.938,323821.387],[196440.842,323457.3],[196221.901,323602.063],[196155.645,323723.3],[196114.823,323835.729],[196079.065,323935.349],[196058.391,324022.463]],[[196041.924,325090.531],[195785.308,325127.373],[195295.627,325140.759],[195328.589,325287.37],[195475.395,325498.18],[195611.911,325576.855],[196008.766,325782.929],[196162.418,325814.028],[196041.924,325090.531]]]}},{"type":"Feature","properties":{"name":"Helmond","population":96330},"geometry":{"type":"MultiPolygon","coordinates":[[[[170041.18,384765.602],[170184.916,384688.266],[170254.98,384816.639],[170342.019,384766.449],[170417.595,384760.337],[170401.427,384591.241],[170832.596,384597.188],[170800.11,385295.748],[170881.533,385317.753],[171297.102,385217.167],[171340.597,385297.019],[171414.974,385219.55],[171550.617,385111.354],[171837.82,384973.903],[171828.265,384920.915],[171816.509,384850.343],[171970.388,384917.051],[172606.798,385179.999],[172808.507,385267.592],[172868.694,385278.206],[172908.747,385459.689],[172949.757,385664.427],[172813.9,385977.122],[172933.959,386024.216],[172993.19,386105.696],[173005.919,386239.299],[172999.398,386324.273],[172943.043,386422.142],[172933.945,386528.578],[172972.132,386615.546],[172835.165,386727.537],[172699.486,386869.909],[172888.942,386944.947],[173075.304,387018.813],[173382.622,387140.74],[173464.349,387173.301],[173531.784,387199.858],[173635.05,387240.956],[173900.545,387346.184],[173999.262,387385.325],[174200.908,387441.712],[174358.552,387458.054],[174588.341,387466.114],[174632.068,387665.148],[174976.11,387589.507],[175332.296,387511.269],[175974.446,387342.226],[176093.519,387310.903],[176027.014,387515.609],[175984.039,387642.704],[175836.466,388043.159],[175788.139,388164.782],[175716.029,388344.438],[175652.452,388502.435],[175451.882,388993.579],[175210.087,389609.559],[175113.353,389775.163],[174984.007,389997.433],[174553.9,390195.228],[174356.802,390286.587],[173902.39,390284.869],[173900.972,390144.018],[173897.296,389910.429],[173889.669,389041.742],[173595.99,389051.278],[173416.575,389057.019],[173288.791,389064.621],[173307.521,389445.228],[173166.915,389593.299],[172874.916,389579.186],[172857.431,389368.301],[172702.154,389256.837],[172444.322,389297.883],[172424.384,389218.992],[172481.168,389085.519],[172498.64,389063.94],[172574.639,389058.641],[172616.575,388882.675],[172614.679,388639.081],[172812.316,388590.877],[172870.146,388412.076],[172605.121,388361.584],[172557.454,388336.275],[172465.886,388250.684],[172368.588,388083.025],[172025.835,388096.768],[172053.965,387994.622],[172157.709,387688.195],[172284.986,387441.982],[172072.205,387323.555],[171622.612,387159.407],[171695.875,386927.799],[171651.905,386892.61],[171525.933,386669.748],[171414.761,386561.472],[171551.918,386415.066],[170978.11,386187.547],[170663.146,386062.684],[170449.055,385977.808],[170289.063,385914.409],[170021.023,385808.696],[169739.748,385697.785],[169504.038,385603.708],[169281.683,385515.354],[169454.481,385361.594],[169589.686,385425.951],[169669.076,385383.071],[169702.343,385355.577],[170050.041,385421.458],[170131.057,385487.172],[170252.311,385460.78],[170242.983,385373.307],[170171.922,385348.396],[169854.528,385281.037],[169888.469,385143.185],[169922.188,385069.19],[169975.138,384979.955],[170032.456,385023.514],[170130.795,384888.246],[170041.18,384765.602]]],[[[171781.97,387910.774],[171727.288,388135.045],[171756.484,388307.193],[171527.944,388799.79],[171283.121,389013.49],[171349.08,389159.721],[171185.629,389301.042],[171058.227,389432.025],[170907.133,389425.262],[170837.051,389339.656],[170663.24,389042.628],[170326.5,389330.296],[170098.075,389031.397],[170178.543,388947.643],[170286.5,388835.214],[170256.619,388805.586],[170300.161,388727.229],[170174.94,388724.571],[170016.868,388697.955],[170059.575,388595.619],[169824.525,388597.261],[169891.468,388413.057],[170050.8,388439.784],[170198.086,388464.477],[170383.645,388510.93],[170445.621,388322.769],[170504.89,388339.36],[170537.078,388160.788],[170508.71,388135.391],[170537.913,388047.146],[170979.656,388021.098],[171167.415,387729.658],[171360.929,387835.302],[171451.703,387702.928],[171781.97,387910.774]]],[[[176848.997,385097.343],[177047.81,385115.838],[177261.04,385349.178],[177193.213,385545.464],[177223.078,385589.817],[177242.729,385641.136],[177483.668,385676.076],[177488.99,385792.414],[177401.698,386013.086],[177379.323,386067.835],[177424.536,386222.955],[177476.986,386406.921],[177922.874,386411.924],[177912.807,386494.595],[177896.796,386623.965],[177165.962,386817.685],[177212.067,387062.588],[177460.017,387013.34],[177435.706,387184.172],[177431.7,387304.307],[177449.159,387370.191],[177575.896,387608.835],[177653.445,387868.902],[177481.515,387820.63],[177438.842,387746.458],[177109.933,387786.34],[177138.031,388017.368],[177088.98,388154.44],[176955.242,388142.566],[176744.073,388068.617],[176764.098,387991.493],[176684.323,387965.229],[176624.277,388109.656],[176130.528,387965.445],[176203.4,387799.372],[176292.625,387495.748],[176350.753,387492.656],[176456.69,387486.985],[176535.805,387425.409],[176554.854,387250.934],[176556.837,387193.036],[176448.404,387220.611],[176331.487,387250.322],[176346.564,387159.603],[176354.049,387032.306],[176361.603,386888.433],[176445.674,386683.972],[176462.985,386665.244],[176489.651,386636.487],[176398.966,386547.379],[176319.982,386500.82],[176362.205,386292.622],[176414.252,385939.281],[176370.826,385467.609],[176558.934,385304.031],[176743.596,385379.304],[176848.997,385097.343]]],[[[176075.016,388876.818],[176293.18,388834.064],[176350.376,388858.781],[176325.788,388949.849],[176382.56,388984.299],[176581.876,388971.461],[176581.167,389137.892],[176610.938,389167.668],[176678.365,389040.294],[176879.879,389185.79],[176941.037,389104.173],[177087.677,389185.358],[177010.393,389397.737],[176855.625,389591.424],[176823.285,389570.481],[176570.098,389689.937],[176372.453,389765.918],[175654.505,389922.862],[175544.796,389664.531],[175731.763,389395.729],[175855.213,389217.119],[176075.016,388876.818]]]]}},{"type":"Feature","properties":{"name":"Hengelo","population":81990},"geometry":{"type":"MultiPolygon","coordinates":[[[[250400.184,478492.917],[250144.766,478567.067],[250106.778,478285.386],[250039.583,477930.249],[250202.199,477771.006],[250424.485,477756.927],[250490.344,477545.413],[250166.771,477529.828],[250179.571,477292.137],[250386.934,476911.293],[250237.383,476838.744],[249998.968,476670.286],[249900.94,476580.542],[249807.907,476725.214],[249619.846,477017.976],[249413.396,476985.986],[249377.347,477134.593],[249108.201,476983.954],[249116.423,476287.944],[249286.901,476276.222],[249269.173,476145.898],[249340.065,476128.943],[249308.089,476017.156],[249298.995,475897.792],[249320.941,475772.788],[248637.572,475716.517],[248606.965,475460.976],[248526.229,475432.963],[248493.093,475294.617],[248626.53,475114.46],[248563.789,474994.084],[248837.345,474841.345],[248916.526,474948.126],[249073.333,474881.883],[249132.224,474918.671],[249146.46,474927.845],[249437.119,474828.549],[249443.953,474826.564],[249390.668,474737.63],[250630.524,474543.917],[250781.379,474533.034],[251455.193,474484.521],[251549.673,474623.917],[251601.866,474467.683],[251683.4,474342.961],[251776.61,474337.493],[252151.093,474315.615],[252283.309,474105.035],[252398.206,474214.523],[252525.096,474332.206],[252085.851,474601.63],[251875.822,474749.593],[251718.5,474839.888],[251845.432,475002.461],[252058.091,475209.119],[252230.494,475372.984],[252398.637,475305.12],[252589.782,475259.028],[252651.9,475227.701],[252755.03,475249.992],[252844.52,475195.336],[253022.229,475148.716],[253069.674,475053.278],[253395.695,475276.711],[253582.261,476273.419],[253597.383,476487.733],[253746.111,476652.851],[253242.526,476837.25],[253115.447,476762.556],[252993.584,476520.865],[252689.524,475916.497],[252380.065,476005.94],[252315.386,476034.382],[252269.258,476084.836],[252191.566,476216.19],[252321.702,476293.034],[252365.942,476319.39],[252761.341,476553.386],[252802.678,476577.852],[252831.933,476595.18],[252972.238,476678.197],[252956.209,477311.793],[252897.655,477462.601],[252657.458,477514.722],[252606.284,477383.78],[252451.374,477431.252],[251988.745,477641.623],[251937.311,477690.306],[251669.116,477754.668],[251391.157,477723.256],[251402.72,477595.832],[251286.717,477565.527],[251164.423,477593.697],[251162.605,477669.617],[250613.973,477949.39],[250611.34,478085.613],[250428.74,478086.482],[250400.184,478492.917]]],[[[251242.268,480101.019],[250780.624,479439.725],[251530.227,479120.658],[251759.537,479156.358],[252208.895,479226.383],[252254.374,479072.138],[252205.683,478995.781],[252095.312,478976.029],[251969.641,479075.17],[251835.136,479071.644],[251783.813,478977.767],[252112.994,478775.886],[252054.712,478633.291],[252091.08,478583.312],[251996.857,478496.548],[252014.872,478315.832],[252172.877,478229.012],[252296.516,478359.316],[252392.335,478387.411],[252525.183,478370.387],[252398.046,478111.3],[252846.887,477889.343],[253113.162,477929.175],[253156.995,477935.553],[253201.066,477874.884],[253252.508,477845.245],[253302.345,477817.411],[253439.727,477832.497],[253533.955,477575.788],[253651.944,477572.631],[253743.795,477659.769],[253908.361,477815.916],[254019.544,477889.924],[254212.0,478010.916],[254712.041,478330.253],[254638.21,478442.672],[254317.177,479020.663],[253745.798,479206.928],[253476.137,479178.011],[253367.476,479290.478],[253340.583,479067.805],[253171.864,479079.198],[253170.831,479172.44],[253087.998,479197.617],[252970.786,479220.389],[252881.048,479239.367],[252775.915,479296.716],[252774.105,479326.117],[252772.957,479344.512],[252735.858,479357.134],[252699.584,479369.494],[252682.423,479400.483],[252667.032,479428.28],[252628.511,479483.609],[252489.638,479562.0],[252523.705,479630.281],[252530.559,479625.297],[252706.525,479536.178],[252709.591,479450.099],[252780.762,479427.746],[252859.822,479372.273],[252971.56,479582.49],[252931.076,479750.516],[252847.618,479790.597],[252757.696,479904.004],[252641.635,479985.123],[252572.473,479994.274],[252592.443,480061.054],[252570.872,480173.922],[252720.899,480188.015],[252701.865,480458.855],[252563.089,480452.385],[252554.217,480556.211],[252400.034,480521.619],[252245.219,480578.0],[252146.818,480254.713],[252107.099,480248.368],[252073.255,480081.768],[251966.904,479675.696],[251879.766,479849.882],[251829.01,479898.245],[251848.357,480091.323],[251822.486,480321.856],[251706.973,480496.602],[251581.516,480543.506],[251452.155,480790.548],[251073.718,480765.759],[251289.255,480569.687],[251485.723,480530.005],[251734.546,480088.149],[251242.268,480101.019]]]]}},{"type":"Feature","properties":{"name":"Hilversum","population":89960},"geometry":{"type":"Polygon","coordinates":[[[142255.762,472019.903],[142052.891,472376.972],[141883.459,472157.506],[141508.438,472543.484],[140587.222,472938.615],[140439.633,472985.833],[140259.338,472954.545],[139961.625,472885.399],[138854.297,472611.283],[138502.149,472524.323],[138517.331,472129.399],[139376.735,471623.203],[139280.574,471459.673],[139159.783,471180.176],[139150.573,470788.95],[139078.586,470723.925],[139016.842,470646.907],[138891.417,470529.375],[138894.59,470307.006],[138606.672,470257.771],[138543.636,470238.064],[138440.845,470223.386],[138257.248,470259.552],[138102.703,470268.087],[138016.679,470270.606],[137945.047,470265.734],[137709.236,470249.751],[137520.843,470212.749],[137168.13,470118.041],[136964.897,470080.558],[136843.118,470108.151],[136804.061,470116.75],[137703.565,469642.61],[137821.707,469724.7],[137989.602,469479.233],[138136.311,469581.315],[138421.472,469681.824],[138489.463,469586.301],[138764.465,469769.643],[138887.399,469597.675],[138476.055,469264.686],[138700.345,469130.707],[139493.762,468662.418],[139548.792,468806.108],[139786.798,468826.623],[140077.356,468843.597],[140314.603,468816.964],[140246.538,468396.986],[140238.775,468349.89],[140471.713,468255.408],[140708.688,468159.423],[140768.334,468135.275],[140956.953,468075.768],[140965.814,468138.996],[141113.15,469206.028],[141152.639,469199.965],[141300.651,469175.799],[141462.738,469149.43],[141807.382,469094.15],[141901.591,468959.829],[142055.792,468972.163],[142342.921,469286.35],[142026.715,469471.751],[142099.687,469647.744],[142172.296,469685.329],[142194.681,469739.4],[142268.093,469691.313],[142235.635,469626.53],[142313.359,469579.934],[142362.872,469646.287],[142494.59,469573.299],[142577.589,469735.366],[142429.666,469817.072],[142516.122,470063.856],[142251.278,470129.006],[142302.988,470374.374],[142731.667,470385.366],[142688.719,470481.492],[142720.891,470614.371],[142521.021,470666.496],[142535.899,470741.004],[142654.933,470894.972],[142508.723,470965.489],[142553.307,471197.527],[142488.087,471222.169],[142445.291,471238.355],[142509.672,471572.759],[142255.762,472019.903]]]}},{"type":"Feature","properties":{"name":"Hoofddorp","population":80510},"geometry":{"type":"Polygon","coordinates":[[[107758.99,478671.545],[107870.955,478768.951],[108342.162,479378.303],[108414.71,479316.921],[108574.905,479148.732],[108796.178,479189.777],[109027.894,479561.706],[109112.14,479727.327],[109127.184,479808.637],[109115.153,479904.997],[109070.025,480010.4],[108856.365,480192.591],[108704.954,480200.015],[108503.142,480258.379],[108357.105,480303.873],[108255.554,480383.445],[108126.841,480496.713],[107997.289,480610.716],[107832.743,480798.271],[107718.193,481142.357],[107609.212,481237.202],[107484.738,481291.028],[107449.255,481306.224],[107226.841,481301.137],[106923.143,481232.757],[107011.844,480813.406],[106977.44,480778.468],[106880.228,480680.549],[106769.447,481208.774],[106599.199,481928.248],[106361.366,481663.143],[106130.401,481405.659],[106024.013,481497.065],[105753.282,481730.31],[105465.64,481977.648],[105420.181,482016.771],[105332.476,481922.682],[105113.251,481687.493],[104693.438,482072.688],[102930.681,480072.031],[103029.9,479982.248],[103188.99,479838.373],[103293.456,479743.866],[103403.065,479645.08],[104036.833,479072.303],[104580.452,479677.942],[104660.771,479604.074],[104669.428,479596.809],[104987.088,479305.783],[105096.545,479410.83],[105464.035,479061.193],[105265.927,478844.646],[104936.734,478482.61],[105600.621,477924.7],[106038.226,478414.835],[106179.314,478289.374],[106824.677,479010.92],[106979.483,478875.278],[107478.919,478422.369],[107546.432,478486.424],[107758.99,478671.545]]]}},{"type":"Feature","properties":{"name":"Hoorn","population":52590},"geometry":{"type":"Polygon","coordinates":[[[133281.764,519221.403],[133132.862,519141.614],[133052.613,519269.326],[132896.845,519730.588],[132515.879,519513.335],[132442.045,519479.068],[131692.014,519130.843],[131624.124,519026.013],[131608.411,518937.681],[131647.595,518576.966],[131699.611,518308.994],[131706.669,518313.3],[131864.895,518401.236],[131990.858,517923.946],[131639.777,517788.073],[131426.462,517846.401],[131185.13,517625.577],[131423.425,517517.435],[131496.787,517530.268],[131185.811,517361.521],[130969.496,517252.527],[130673.438,517103.379],[130453.998,516989.917],[130316.804,516918.834],[130102.488,516784.554],[129883.262,516572.973],[129814.427,516423.942],[130070.593,516582.643],[130288.858,516679.181],[130342.806,516557.064],[130451.994,516589.62],[130604.127,516634.316],[130665.478,516556.342],[130710.845,516606.19],[130904.492,516668.827],[131392.942,516738.667],[131590.425,517054.793],[131739.9,517179.765],[132013.559,517316.398],[132188.492,517345.29],[132324.235,517337.873],[132421.898,517306.878],[132337.167,517126.449],[132600.453,516795.425],[132640.246,516785.897],[132675.288,516721.199],[132589.011,516609.985],[132567.912,516348.144],[132623.362,516304.606],[132859.327,516251.737],[132871.43,516338.309],[132715.215,516405.669],[132756.392,516692.845],[133189.107,516650.12],[133207.907,516744.729],[133234.98,516751.397],[133193.124,516876.098],[133253.768,516904.926],[133280.342,516959.611],[133331.567,517062.924],[133613.401,517111.815],[133681.598,517135.497],[134236.978,517447.183],[134334.42,517498.124],[134425.245,517617.694],[135065.673,517749.189],[135329.917,517788.792],[135633.034,517836.045],[135886.997,517879.613],[136084.174,517931.926],[136452.146,518042.572],[136688.732,518113.51],[136329.33,518739.829],[136110.029,519144.535],[135962.828,519029.547],[135849.568,518927.061],[135535.978,519360.536],[135393.489,519461.25],[135181.296,519229.32],[135045.885,519223.138],[134825.667,519045.223],[134618.28,518995.507],[134368.058,519010.018],[134143.841,518862.529],[133969.185,518795.843],[133972.917,518711.482],[133954.174,518640.681],[133914.446,518599.792],[133785.212,518469.381],[133765.722,518500.455],[133623.949,518568.892],[133492.698,518566.963],[133415.016,518690.429],[133867.289,518954.791],[133807.418,518980.809],[133758.942,519036.266],[133671.563,519232.32],[133604.048,519273.062],[133457.606,519220.404],[133281.764,519221.403]]]}},{"type":"Feature","properties":{"name":"Krommeniedijk","population":162675},"geometry":{"type":"Point","coordinates":[111799.273,503550.789]}},{"type":"Feature","properties":{"name":"Leeuwarden","population":98695},"geometry":{"type":"Polygon","coordinates":[[[182516.1,575780.541],[182457.903,575964.784],[182275.413,575904.263],[182313.255,576200.51],[182430.919,576158.61],[182483.382,576210.937],[182645.04,576438.339],[182729.867,576715.94],[182767.824,576893.613],[182760.354,576988.89],[182720.154,577073.24],[182662.067,577099.949],[182510.04,577086.78],[182454.416,577092.139],[182472.333,577262.182],[182471.176,577482.532],[182471.114,577493.382],[182591.419,577486.948],[182825.697,577482.787],[183206.636,577509.655],[183563.289,577606.689],[183705.719,577645.487],[183857.023,577686.735],[184108.302,577755.189],[184150.663,577631.689],[184344.669,577066.283],[184556.468,577171.636],[184595.044,577182.613],[184695.723,577211.222],[184861.981,577127.558],[184964.854,577077.448],[184953.033,577290.275],[185391.081,577369.032],[185398.879,577494.618],[185404.159,577579.512],[185446.142,578092.387],[185448.008,578114.49],[185411.949,578108.531],[185391.196,578102.891],[185123.625,578031.763],[185041.574,578009.826],[185080.119,578206.608],[185053.505,578363.531],[184943.698,578646.029],[184852.324,578593.265],[184557.145,578460.62],[184113.408,578331.21],[184120.944,578820.216],[184123.99,579018.223],[183724.824,579109.476],[183704.661,579257.485],[183680.758,579405.083],[183708.762,579505.412],[183741.807,579622.8],[184271.237,579680.358],[184253.019,579747.746],[184249.592,579882.723],[184240.792,580231.237],[184174.874,580391.71],[184146.374,580436.555],[183881.466,580853.139],[183908.226,580969.211],[184371.56,581236.339],[184489.098,581263.546],[184516.549,580845.086],[184565.014,580687.905],[184802.157,580692.762],[184838.746,580599.559],[184848.532,580502.851],[184643.14,580477.764],[184773.602,580152.093],[184907.021,580181.133],[184932.244,580186.632],[184960.875,580175.792],[185021.453,579992.315],[184843.522,579947.915],[185005.1,579517.996],[185428.241,579602.23],[185833.82,579677.374],[186388.119,579785.406],[186380.347,579896.147],[186351.469,580113.314],[186227.221,580551.056],[186190.523,580662.055],[186157.529,580768.849],[186079.273,580989.538],[186023.684,581265.13],[185837.723,581268.164],[184585.445,581287.453],[184576.128,581412.211],[185087.673,581402.084],[185865.786,581386.926],[185753.854,581659.935],[185375.996,581669.22],[185295.48,581716.011],[184326.887,581743.005],[184168.288,581351.124],[183928.794,581314.898],[183895.788,581310.471],[183535.773,581315.11],[183482.327,581316.073],[183117.901,581315.541],[183150.295,581447.39],[183150.475,581530.861],[183120.77,581590.284],[183107.651,581686.253],[182920.057,581709.366],[182817.12,581722.013],[182782.874,581458.441],[182908.18,581315.822],[182124.398,581318.792],[182050.223,581287.991],[182011.535,581271.915],[181876.973,581318.292],[181818.237,581315.794],[181666.64,581284.679],[181637.414,581278.73],[181592.508,581269.578],[181576.329,581259.917],[181489.368,581239.349],[181452.788,581228.408],[181293.792,581217.742],[181279.347,581098.525],[181140.225,581105.668],[181064.804,580662.038],[180933.056,580687.09],[180867.438,580633.483],[180101.343,580709.217],[180002.017,580891.941],[179655.351,580796.888],[179731.672,580538.249],[179979.56,580334.643],[180120.725,580183.466],[180452.454,580128.285],[180443.11,579962.189],[180592.408,579951.185],[180651.065,579652.346],[180955.396,579599.112],[180906.599,579285.731],[181553.068,579205.231],[181618.432,579186.172],[181725.432,579154.991],[181852.005,579137.5],[181845.969,578997.628],[181822.474,578830.505],[181021.955,578690.723],[180883.626,578655.588],[180692.847,578366.711],[180654.905,578174.198],[180780.918,577735.05],[181729.92,577595.103],[182363.199,577501.838],[182348.281,577385.844],[182340.482,577322.976],[182317.503,577142.999],[182256.797,576841.725],[182240.94,576778.533],[182223.219,576707.986],[182180.358,576536.634],[182055.962,576279.354],[182016.9,576150.037],[182170.392,575737.179],[182357.467,575309.937],[182478.821,575246.302],[182602.37,575384.006],[182803.388,575313.769],[182868.706,575370.404],[182977.468,575483.604],[182996.691,575599.569],[182998.048,575705.47],[183028.479,575831.684],[183093.769,575902.789],[183181.642,575925.839],[183244.425,575990.7],[183267.444,576045.144],[183265.321,576116.302],[183235.896,576179.232],[182960.696,576010.802],[182920.356,576117.351],[182805.604,576082.576],[182834.974,576022.371],[182647.376,575845.062],[182666.373,575821.021],[182567.301,575720.959],[182516.1,575780.541]]]}},{"type":"Feature","properties":{"name":"Leiden","population":129840},"geometry":{"type":"Polygon","coordinates":[[[91528.207,463700.611],[91301.353,463957.773],[91125.721,463819.826],[91119.235,463828.979],[91042.233,463936.903],[90983.101,463899.443],[90925.685,463846.439],[90851.496,463769.339],[90788.128,463505.218],[90529.918,463432.565],[90263.492,463213.431],[90398.409,462983.064],[90304.422,462861.61],[90308.392,462845.869],[90366.6,462611.216],[90517.574,462700.942],[90603.885,462317.825],[90716.427,462405.052],[90776.865,462110.678],[90888.269,461939.883],[90917.743,461913.466],[91445.383,462675.854],[91550.919,462827.225],[91601.301,462886.391],[91681.367,462978.838],[91746.629,463056.564],[91813.04,463135.946],[91987.544,463343.81],[92093.732,463470.704],[92185.483,463390.15],[92214.052,463362.639],[91832.949,462965.892],[91858.693,462926.118],[91913.137,462842.195],[91947.924,462767.925],[91967.105,462512.98],[92027.561,461377.356],[92074.242,461243.74],[92189.261,461313.165],[92837.318,461667.926],[92906.234,461704.006],[93141.057,461890.127],[93238.249,461907.5],[93289.92,461903.297],[93315.616,461880.335],[93421.722,461730.472],[93533.403,461789.899],[94229.455,462169.394],[94631.226,462388.483],[94915.884,462568.629],[95064.207,462309.636],[95194.398,462405.317],[95489.318,462569.739],[95683.712,462669.282],[95709.907,462570.05],[95759.37,462412.847],[95967.574,462522.418],[95912.42,462679.297],[95826.293,463082.675],[95777.117,463295.064],[95724.372,463494.755],[95508.498,463693.061],[95290.947,463932.623],[95310.415,464108.864],[95326.04,464315.639],[95397.719,464569.199],[95364.777,464953.813],[95357.011,465061.895],[95381.395,465138.156],[95477.91,465264.793],[95496.738,465328.659],[95504.083,465353.607],[95524.266,465422.13],[95513.204,465860.281],[95542.823,466174.1],[95575.129,466295.611],[95588.99,466347.854],[95593.322,466364.047],[95600.902,466391.552],[95568.6,466398.615],[94778.153,466573.716],[94442.349,466553.268],[94206.27,466541.523],[94190.503,466354.557],[94183.863,466276.025],[94085.47,465994.935],[93969.004,465727.534],[94139.243,465797.547],[94332.178,465690.59],[94282.757,465341.635],[94211.427,465279.528],[94093.45,465031.949],[94035.32,464950.488],[94047.331,465198.532],[93815.104,465243.783],[93632.116,465190.406],[93577.587,465239.985],[93448.357,465086.194],[93364.184,465255.315],[93346.127,465305.222],[93292.165,465562.319],[93042.57,465554.356],[92814.27,465654.408],[92617.425,465812.548],[92608.663,465820.225],[92438.098,465620.302],[92390.63,465545.124],[92194.203,465311.43],[92108.829,464990.934],[92483.55,464954.766],[92862.999,465055.321],[92933.934,464952.954],[92998.845,464858.34],[93173.643,464758.13],[92789.287,464300.263],[92657.879,464341.802],[92582.737,464352.093],[92357.236,464365.894],[91958.987,464390.296],[91555.879,464470.54],[91485.218,464250.512],[91410.479,464182.702],[91682.113,463871.508],[91528.207,463700.611]]]}},{"type":"Feature","properties":{"name":"Lelystad","population":84560},"geometry":{"type":"MultiPolygon","coordinates":[[[[157772.286,500969.515],[157713.783,501028.9],[157372.107,501501.113],[157307.183,501590.654],[157226.991,501518.903],[157148.086,501448.379],[156706.108,501055.147],[156475.585,500970.618],[156400.898,500921.804],[156599.049,500749.51],[156719.768,500737.702],[156818.275,500649.001],[156914.495,500686.814],[156979.698,500836.663],[157006.068,500870.222],[157076.652,500893.618],[157133.923,500996.343],[157051.644,501093.946],[157150.464,501214.104],[157196.862,501174.624],[157267.766,501229.401],[157339.501,501103.478],[157215.058,500958.159],[157294.389,500788.01],[157559.791,500785.639],[157304.919,500565.088],[157146.131,500417.751],[157452.047,500250.159],[157625.402,500015.917],[157755.46,499980.383],[157824.534,499928.516],[157925.291,499998.452],[157919.921,500177.146],[157974.759,500579.137],[157951.602,500745.08],[157915.766,500822.279],[157811.561,500929.203],[157772.286,500969.515]]],[[[159872.625,500500.821],[159999.07,500515.802],[160366.514,500592.632],[160593.666,500821.653],[160600.463,501233.355],[160611.824,501867.543],[160681.227,502150.691],[160665.204,502326.866],[160660.633,502375.207],[160642.238,502578.53],[160604.078,503000.807],[160569.609,503464.259],[160568.829,503494.412],[160567.569,503617.084],[160566.668,503722.789],[160565.322,503922.293],[160610.591,504217.763],[160393.842,504237.605],[160141.982,504218.197],[160085.434,504201.336],[159999.074,504202.249],[158794.869,503900.134],[158773.051,503634.073],[158765.239,503510.113],[158734.653,503032.969],[158587.822,502714.964],[158420.03,502490.358],[157998.649,502207.348],[158128.898,502052.933],[158250.369,501991.48],[158329.24,501976.233],[158694.746,501991.795],[159404.605,502057.306],[159419.591,501702.038],[159522.271,501611.225],[159469.646,501390.976],[159361.211,501191.374],[159370.34,501120.503],[159380.978,501032.666],[159195.405,501007.079],[158880.976,500676.074],[158788.496,500739.703],[158398.832,500367.613],[158470.194,500300.179],[158598.147,500170.755],[158667.142,500232.782],[159118.624,499767.038],[159235.629,499882.912],[159308.557,499831.403],[159503.833,500026.966],[159449.135,500086.611],[159872.625,500500.821]]],[[[161201.685,502216.301],[161379.75,502256.696],[161391.708,502666.181],[162016.792,502725.06],[162443.657,502569.855],[162459.075,502274.572],[162516.17,502276.161],[162530.022,502120.128],[162884.165,502137.373],[162889.662,502286.538],[163382.882,502295.755],[163375.304,502499.642],[163358.189,502802.708],[163380.046,502803.969],[163687.838,502822.307],[163792.012,503179.275],[163550.112,503360.717],[163298.056,503336.975],[163172.519,503335.04],[162852.354,503305.699],[162844.62,503430.475],[162192.199,503357.32],[162179.436,503706.129],[162138.269,504336.853],[161217.061,504277.798],[161220.013,504090.703],[161077.894,504094.754],[161091.51,503760.296],[161098.046,503635.516],[160759.914,503595.608],[160804.224,503090.166],[160883.409,502183.197],[160852.663,502004.462],[160888.508,501498.789],[161324.089,501511.013],[161420.306,501122.421],[161453.533,501029.611],[161399.306,500587.637],[161579.466,500500.975],[161720.184,500380.606],[161990.796,500052.186],[162041.805,500005.136],[162155.733,500037.958],[162256.876,500033.934],[162493.045,499810.973],[162718.466,499979.003],[162863.78,500111.642],[162981.004,499950.381],[163417.282,500207.638],[163636.237,500413.475],[163732.216,500502.381],[164172.754,501014.183],[164265.66,501155.724],[164296.752,501286.523],[164202.845,501264.26],[163358.757,501232.598],[163374.788,501468.626],[163388.381,501739.588],[163112.337,501738.179],[163116.035,501616.68],[162940.278,501613.166],[162849.43,501610.85],[162840.515,501750.645],[162660.042,501748.469],[162628.213,501716.541],[162536.621,501624.659],[162533.078,501832.058],[162401.195,501915.476],[162389.783,501964.194],[162188.518,502047.57],[162184.835,502128.179],[161949.005,502248.455],[161875.376,502248.185],[161761.514,502228.165],[161707.527,502162.22],[161649.713,502039.301],[161596.266,501998.783],[161456.066,501994.424],[161388.125,502055.199],[161211.033,502045.459],[161201.685,502216.301]]],[[[159540.187,505899.604],[159344.198,505434.21],[159207.118,505110.132],[159451.159,505026.839],[159623.594,504971.808],[159912.595,505841.823],[159944.736,506126.648],[160203.072,506153.564],[160177.141,506713.999],[159999.174,506693.787],[159888.073,506619.403],[159778.201,506464.798],[159641.754,506141.542],[159540.187,505899.604]]]]}},{"type":"Feature","properties":{"name":"Maastricht","population":121160},"geometry":{"type":"MultiPolygon","coordinates":[[[[176212.287,318679.194],[175958.396,318404.201],[175863.039,318380.452],[175720.734,318455.861],[175625.3,318574.349],[175555.329,318674.306],[175317.826,319135.831],[175267.559,319188.199],[175182.334,319277.032],[175014.496,319291.674],[175032.036,319786.861],[174759.978,319565.813],[174688.74,319609.15],[174543.106,319721.849],[174226.813,320055.967],[174038.903,319842.892],[173956.35,319940.822],[173082.083,319327.528],[173308.262,318932.22],[173653.431,319123.751],[173929.137,318745.394],[173858.617,318562.685],[173711.81,318278.296],[173625.823,318074.675],[173600.816,317891.245],[173608.646,317741.753],[173681.761,317563.907],[173626.297,317563.928],[173561.974,317550.013],[173031.822,317585.511],[172939.409,317416.033],[173010.268,317052.438],[173090.373,316836.727],[173259.777,316639.523],[173196.291,316484.773],[173352.026,316292.418],[173523.15,316378.97],[173558.748,316323.974],[173645.297,316196.127],[173666.325,316167.5],[173509.292,316030.264],[173559.883,316008.697],[173650.233,315912.68],[173746.37,315747.1],[173834.542,315718.997],[174006.161,315664.892],[174026.158,315658.569],[174063.133,315719.837],[174300.864,316007.801],[174579.839,316252.824],[174624.286,316383.767],[174775.702,316450.539],[174969.514,316146.684],[175081.432,316262.207],[175138.622,316455.115],[175182.171,316523.592],[175244.517,316594.758],[175277.681,316616.527],[175540.773,316788.17],[175593.757,316652.99],[175596.139,316647.493],[175648.305,316514.869],[175705.36,316367.192],[175869.127,316425.09],[176022.69,316479.392],[176129.299,316473.097],[176169.326,316152.639],[176617.783,316226.423],[176620.093,316809.55],[176623.485,317016.711],[176626.072,317205.847],[176760.489,317208.193],[176807.739,316994.737],[176885.422,316972.316],[176864.359,317147.112],[176755.948,317424.611],[176728.605,317595.098],[176714.812,317617.568],[176689.636,317658.624],[176595.468,317995.595],[176600.582,318077.497],[176630.228,318312.916],[176497.3,318315.03],[176426.951,318314.736],[176429.908,318509.604],[176340.303,318517.687],[176321.407,318719.138],[176212.287,318679.194]]],[[[178471.533,315239.341],[178468.005,315155.275],[178479.777,314806.114],[178484.275,314677.085],[179090.637,314541.597],[179159.951,314518.113],[179180.936,314882.334],[179187.473,314998.621],[179189.304,315028.778],[179182.881,315481.982],[179175.35,315532.955],[179315.465,315568.602],[179516.069,316196.558],[179524.62,316220.74],[179614.16,316479.212],[179725.887,317015.307],[179742.634,317107.058],[179687.434,317521.424],[179676.767,317630.899],[179728.257,318231.622],[179681.054,318206.42],[179488.572,318165.507],[179277.609,318175.189],[179095.48,318359.344],[178847.936,318370.485],[178591.354,318364.02],[178419.132,318373.858],[178138.07,318534.069],[178080.543,318596.111],[177925.832,318763.131],[178130.374,319032.66],[178283.587,319235.381],[178408.454,319390.864],[178405.643,319699.516],[178384.234,319809.446],[178353.487,319867.602],[178282.102,319906.328],[178158.509,319994.048],[177937.27,319633.718],[177424.12,320034.075],[177338.243,319845.688],[177282.528,319380.419],[177472.383,319339.135],[177509.411,319404.935],[177742.143,319316.011],[177548.041,318999.984],[177633.001,318958.193],[177671.176,318939.393],[177504.055,318592.337],[177457.797,318437.664],[177572.569,317869.453],[177545.873,317629.203],[177526.716,317621.053],[177452.517,317588.856],[177446.11,317620.701],[177403.785,317830.502],[177290.971,318389.435],[177235.929,318546.617],[177104.981,318703.918],[177013.604,318748.082],[176931.043,318756.241],[176863.126,318765.019],[176758.232,318176.172],[176768.421,318089.718],[176798.785,317837.308],[176861.163,317618.187],[176936.63,317353.287],[177039.858,317088.062],[177041.0,316919.968],[177235.417,316853.775],[177209.59,317125.893],[177437.371,317096.23],[177548.725,317057.722],[177635.638,316963.262],[177666.011,316903.988],[177711.76,316736.591],[177609.162,316575.718],[177572.128,316539.065],[177438.292,316480.242],[177244.015,316510.049],[177241.115,316161.601],[177208.549,315904.306],[177180.961,315684.358],[177268.911,315255.646],[177328.655,315070.339],[177356.669,314695.493],[177491.134,314265.318],[177613.179,314293.886],[177692.961,314357.204],[177822.213,314571.763],[177952.833,314809.361],[177956.441,315043.503],[177939.078,315256.024],[178007.47,315735.761],[178096.537,315717.747],[178166.79,315715.837],[178289.336,315710.883],[178283.841,315976.078],[178318.124,316013.224],[178447.26,316013.809],[178448.719,315956.466],[178588.884,315949.04],[178616.416,315913.955],[178620.499,315706.882],[178534.162,315705.319],[178460.823,315703.984],[178471.533,315239.341]],[[178356.38,317334.605],[178394.436,317174.633],[178431.13,316997.244],[178450.922,316664.584],[178412.796,316497.591],[178314.089,316531.631],[178207.671,316713.769],[178096.007,316944.445],[178038.046,317028.736],[177982.2,317081.553],[177833.087,317239.645],[178042.425,317270.336],[178066.744,317368.512],[178356.38,317334.605]]],[[[179207.565,319885.119],[179104.609,319816.717],[179088.689,319811.136],[179070.064,319804.596],[178879.729,319737.627],[179061.519,319169.758],[178748.233,319169.695],[178910.021,318747.579],[179068.528,318732.019],[179096.516,318604.49],[179215.882,318602.657],[179732.394,318594.82],[179746.069,319170.888],[179725.451,319468.997],[179798.309,319851.606],[179408.421,319935.907],[179272.839,319979.211],[179207.565,319885.119]]]]}},{"type":"Feature","properties":{"name":"Nieuwegein","population":67170},"geometry":{"type":"Polygon","coordinates":[[[133342.516,452248.719],[133272.385,451815.276],[133201.135,451371.993],[132966.696,451446.9],[132960.43,451325.153],[132920.012,450547.791],[132944.994,450332.893],[133025.307,450310.454],[132969.595,448952.163],[133130.734,448967.141],[133166.163,448868.966],[132968.583,448761.858],[133030.576,448618.115],[133035.769,448573.755],[133029.594,448519.877],[133012.069,448467.94],[132994.368,448298.459],[133039.045,448172.205],[132921.315,447998.771],[132977.856,447838.864],[133171.391,447797.682],[133334.755,447739.672],[133523.08,447626.764],[133601.377,447579.81],[133923.007,447972.688],[133938.92,448035.037],[134201.717,448512.684],[134291.282,448676.975],[134714.446,448518.25],[134663.447,448121.985],[134574.057,447815.497],[134610.695,447533.973],[134661.566,447197.652],[134645.735,447145.48],[134498.538,447161.77],[134393.717,447173.272],[134360.751,447037.506],[134132.782,446980.376],[133898.3,446975.633],[133822.394,446974.118],[133728.976,446826.764],[133385.078,446686.942],[133410.717,446614.235],[133475.768,446429.876],[133632.264,446264.04],[133702.809,446205.439],[133772.965,446184.112],[133919.265,446168.861],[133899.088,446017.078],[134385.436,446173.979],[134472.656,445993.269],[134748.897,446064.904],[134788.42,446405.14],[134829.726,446525.077],[134938.569,446844.229],[135124.58,447098.157],[135039.935,446438.952],[135024.202,446316.408],[135218.214,446376.66],[135431.181,446500.208],[135629.53,447088.105],[135584.414,447147.303],[135142.401,447263.25],[135178.804,447587.314],[135211.725,448393.144],[135287.115,448564.686],[135283.178,448723.469],[135257.194,448799.562],[135187.242,448864.536],[135360.897,449000.309],[135436.497,449106.655],[135564.809,449699.945],[135601.717,449997.477],[135626.717,450277.254],[135498.648,450275.416],[135334.525,450334.806],[135234.936,450395.057],[135166.806,450429.262],[134935.169,450545.23],[134851.036,450565.485],[134755.531,450809.475],[134665.411,450882.717],[134246.515,451045.602],[134228.4,451052.631],[134498.099,451318.595],[134503.574,451323.969],[134957.657,451087.31],[134911.764,450806.618],[135057.432,450777.941],[135152.883,450826.681],[135275.245,451469.946],[135047.366,451510.628],[134822.942,451666.794],[134158.959,452138.708],[133342.516,452248.719]],[[134862.5,449166.126],[134745.519,449366.922],[134752.773,449463.243],[134756.376,449505.619],[134924.677,449771.405],[135210.525,449724.536],[135119.883,449424.384],[135137.196,449343.262],[135032.37,449008.345],[134862.5,449166.126]]]}},{"type":"Feature","properties":{"name":"Nijmegen","population":171785},"geometry":{"type":"MultiPolygon","coordinates":[[[[181719.828,427068.382],[181721.121,426871.13],[181771.126,426756.412],[181865.985,426639.934],[181983.355,426888.669],[182035.186,426864.36],[182201.82,426784.602],[182358.465,426710.746],[182450.97,426812.719],[182695.681,426814.067],[182904.391,426682.385],[182935.173,426453.366],[183277.714,426499.959],[183961.023,426622.188],[184044.762,426637.526],[184148.47,426656.764],[184666.238,426759.103],[184858.747,426862.326],[184944.009,426921.691],[185031.896,426795.773],[185134.705,426648.196],[185298.127,426413.649],[185592.768,426703.598],[185823.192,426854.431],[185960.958,426687.17],[186346.681,426739.247],[186293.617,426278.419],[186222.997,425690.147],[186115.201,425594.351],[186082.032,425628.245],[185900.454,425811.643],[185748.294,425641.372],[185852.166,425507.5],[185753.244,425396.524],[185591.661,425247.617],[185539.497,425196.399],[185390.012,425154.102],[185329.177,425139.325],[185205.514,424999.784],[185144.03,424949.181],[185102.636,425015.075],[184996.71,425119.355],[184868.8,425245.257],[184598.624,424755.511],[184441.678,424858.612],[184282.067,425548.585],[184164.907,426095.176],[184087.733,426431.838],[183975.211,426409.879],[183297.72,426277.78],[183121.696,426243.467],[182964.436,426212.88],[182991.729,425992.354],[182339.34,425737.085],[182438.669,425496.534],[182543.491,425243.332],[182591.254,425128.555],[182688.359,425157.517],[182736.928,425060.102],[183074.376,424383.426],[183266.487,423998.277],[183459.916,423677.673],[183533.325,423565.609],[183643.127,423399.017],[184065.718,423022.898],[184338.654,423349.192],[184525.497,423571.358],[184568.1,423622.565],[184731.194,423728.39],[184858.199,423574.998],[184938.878,423458.381],[185025.908,423520.038],[185103.768,423574.799],[185727.83,424041.696],[186013.136,424320.986],[186047.586,424571.584],[186118.934,424560.123],[186612.816,424558.153],[187112.731,424567.284],[187183.552,424939.062],[187817.929,424833.7],[187858.846,424672.7],[188112.671,424698.959],[188424.164,424702.307],[188348.945,425061.725],[188334.745,425263.008],[188569.96,425360.539],[188602.249,425440.194],[188540.777,425599.716],[188466.307,425558.664],[188332.136,425515.324],[188296.854,425719.415],[188293.115,425970.889],[188054.863,425966.307],[188089.194,426227.991],[188146.311,426395.144],[188184.99,426509.162],[188239.702,426456.065],[188601.695,426103.679],[188733.502,425927.163],[188775.07,425728.792],[189046.321,425886.39],[189021.568,426099.726],[188984.265,426227.198],[189126.599,426308.383],[188964.922,426654.855],[188818.802,426967.114],[188829.185,427016.861],[189124.129,427009.906],[189175.526,426998.797],[189268.727,426978.183],[189343.877,426961.342],[189901.209,426837.86],[190558.697,426690.561],[190299.111,427003.642],[190095.347,427170.267],[190080.309,427181.621],[190017.97,427229.582],[189875.211,427329.163],[189995.688,427562.535],[189795.099,427614.263],[189668.13,427759.798],[189555.027,427889.745],[189506.696,427902.151],[189458.363,427914.947],[189366.442,428022.569],[189305.891,428093.804],[189309.044,428191.845],[189169.962,428314.001],[189252.941,428424.158],[189264.448,428439.479],[189039.171,428520.274],[188710.658,428639.044],[188624.616,428737.486],[188519.472,428884.977],[188476.245,429001.565],[188417.379,429159.437],[188282.399,429081.379],[188147.993,429087.663],[187301.815,429236.612],[187230.522,429249.337],[187153.958,429294.405],[187142.577,429199.762],[187114.233,429149.959],[187071.149,429152.964],[186873.383,429317.198],[186457.389,429580.917],[186239.408,429673.064],[186235.458,429522.118],[186210.668,429160.93],[186170.541,429093.035],[186118.731,428986.795],[185997.419,428775.987],[185705.204,428294.163],[185476.158,428374.648],[185381.565,428444.11],[185314.078,428493.266],[185281.546,428516.934],[185121.401,428286.777],[184983.995,428089.47],[184817.486,427945.398],[184388.628,427635.178],[184011.704,427322.292],[184058.875,427502.191],[183881.426,427555.903],[183531.914,427591.169],[183441.829,427512.554],[183260.981,427754.683],[183102.507,427598.975],[183029.026,427698.862],[182928.294,427600.225],[183000.005,427477.798],[182949.927,427441.47],[182799.477,427370.206],[182857.202,427537.803],[182851.362,427676.898],[182791.474,427762.678],[182264.799,427884.724],[182075.9,427978.267],[181975.058,427801.769],[181790.879,427412.992],[181732.687,427190.444],[181719.828,427068.382]],[[187306.549,425708.479],[187395.11,425757.448],[188054.186,425729.156],[188057.391,425468.11],[187274.004,425467.618],[187306.549,425708.479]]],[[[186313.774,432634.171],[186031.628,432857.71],[185695.68,432305.353],[185886.071,432194.933],[185858.749,432136.631],[185900.74,431999.598],[186345.687,431936.724],[186343.856,431849.82],[186897.165,431779.164],[186956.963,431878.287],[187368.648,432255.431],[187379.615,432332.27],[187373.236,432562.534],[187315.436,432631.03],[187187.304,432683.107],[186966.167,432673.789],[186969.76,432628.808],[186891.94,432495.914],[186767.422,432526.663],[186657.019,432764.501],[186762.673,432797.381],[186994.195,432791.569],[186985.041,433054.693],[186860.3,433068.694],[186837.207,433175.911],[186394.789,433104.635],[186518.806,432937.637],[186376.669,432815.861],[186472.004,432694.242],[186313.774,432634.171]]]]}},{"type":"Feature","properties":{"name":"Oosterhout","population":52390},"geometry":{"type":"MultiPolygon","coordinates":[[[[117467.028,406516.22],[117613.196,407302.276],[117580.431,407195.602],[117500.334,407071.422],[117421.67,406991.291],[117307.519,406927.893],[117229.9,407398.757],[117141.687,407392.41],[116971.983,407372.049],[116800.327,407345.31],[116516.602,407297.404],[116274.505,407250.194],[116576.777,407070.703],[116463.557,407003.478],[115935.834,407172.981],[115822.429,406882.646],[115757.353,406618.249],[116051.657,406663.25],[116362.306,406710.479],[116373.901,406566.201],[115947.641,406602.474],[115884.633,406412.268],[116141.132,406337.577],[116033.966,406040.179],[116548.723,405960.627],[116795.581,406043.639],[116898.275,405869.968],[116920.741,405728.224],[117008.223,405596.893],[117216.546,405377.152],[117203.483,405172.259],[117316.714,405088.581],[117439.806,405296.547],[117494.319,405388.596],[117884.356,405179.94],[118189.117,405041.473],[118431.125,404945.088],[119033.402,404767.975],[119060.113,404848.446],[119112.174,405134.56],[119364.687,404891.677],[119494.138,404976.932],[119414.478,405079.349],[119379.757,405172.548],[119342.072,405389.709],[119335.292,405468.693],[119369.334,405710.769],[119103.374,405848.055],[119172.273,406016.452],[119589.45,406200.137],[119510.576,406352.779],[119420.284,406328.605],[119367.313,406516.725],[119784.626,406687.129],[119784.41,406893.901],[119982.849,406895.912],[119986.114,407136.648],[120122.166,407295.357],[120050.654,408294.49],[119736.144,408279.27],[119573.958,408254.318],[119466.536,408553.13],[118842.348,408753.717],[118561.324,408859.489],[118456.63,408871.151],[118281.201,408859.632],[118262.284,408533.008],[118230.353,408405.018],[118072.993,407774.23],[118036.972,407632.308],[118263.286,407560.283],[118402.854,407515.933],[118427.564,407473.754],[118414.623,407330.772],[118316.351,407197.422],[118258.473,407170.697],[118170.459,407173.008],[117958.382,407192.809],[117871.931,406946.956],[117869.938,406901.967],[117880.935,406830.404],[117986.017,406592.71],[117970.397,406506.378],[117925.383,406418.482],[117467.028,406516.22]]],[[[118895.545,404434.134],[118365.06,404590.715],[118172.962,404303.514],[117537.414,404726.743],[117310.909,404617.619],[117074.772,404679.245],[116875.691,404343.304],[117121.604,404203.104],[117216.104,404139.98],[117499.006,403947.341],[117709.144,403796.811],[117815.128,403720.485],[118223.441,403419.992],[118895.545,404434.134]]]]}},{"type":"Feature","properties":{"name":"Oss","population":59340},"geometry":{"type":"Polygon","coordinates":[[[165074.037,418182.703],[165248.848,418229.84],[165323.602,417790.372],[165612.354,417794.645],[165701.424,417881.947],[165795.459,417713.987],[165898.296,417741.355],[165921.593,417777.452],[166051.229,417974.267],[165654.901,418343.498],[165935.155,418430.656],[165926.513,418689.527],[165488.944,418970.122],[165237.508,419151.337],[165134.356,419087.379],[165039.658,419179.252],[164948.422,419058.415],[164921.598,419234.478],[164850.482,419361.557],[164728.448,419546.892],[165044.751,419670.062],[165161.114,419715.41],[165891.982,419758.942],[166068.372,419766.115],[166203.162,419854.694],[166231.365,419929.465],[166257.953,420478.122],[166259.964,420519.847],[166208.812,420524.015],[165869.209,420536.841],[165867.251,420723.968],[165334.435,420711.438],[165344.725,420842.128],[165372.836,421199.092],[165089.363,421309.101],[164937.422,421353.633],[164859.406,421214.633],[164613.082,420923.001],[164250.426,421141.881],[164319.387,421280.299],[164356.341,421262.122],[164405.279,421238.015],[164544.015,421495.498],[164184.782,421640.405],[164051.968,421668.478],[163833.822,421663.861],[163625.716,421638.912],[163305.714,421574.678],[163070.46,421499.587],[162968.153,421459.983],[163079.456,421291.388],[162738.889,421096.044],[162654.572,421041.455],[162530.018,420963.834],[162477.059,420773.286],[162285.852,420630.098],[162293.409,420416.612],[162292.269,420156.052],[162475.102,419862.497],[162042.524,419675.743],[162095.084,419412.199],[162178.552,419239.595],[162627.032,419409.141],[162714.743,419227.652],[162283.883,419061.907],[162388.484,418869.812],[162543.529,418563.593],[161845.836,418248.967],[161916.903,418188.431],[162048.432,418222.101],[162172.207,418028.305],[162270.582,417927.038],[162399.287,417794.833],[162726.334,417439.257],[162952.052,417293.088],[163218.888,417244.788],[163319.336,417289.956],[163475.75,417360.252],[163612.199,417451.267],[163839.324,417637.679],[163824.047,417469.714],[163877.992,417425.752],[164050.642,417619.476],[164128.538,417507.25],[164395.012,417652.317],[164478.109,417679.007],[164599.713,417700.933],[164810.332,417704.9],[164958.555,417605.341],[165048.716,417620.763],[165052.371,417709.44],[165056.049,417786.713],[165074.037,418182.703]],[[163820.146,418765.152],[163536.167,418625.482],[163392.551,418647.491],[163263.318,418887.141],[163879.231,419164.438],[164209.234,419313.334],[164295.436,419084.086],[164064.696,418937.587],[163911.7,418841.301],[163820.146,418765.152]]]}},{"type":"Feature","properties":{"name":"Purmerend","population":84055},"geometry":{"type":"MultiPolygon","coordinates":[[[[125256.468,500214.389],[125022.491,501387.314],[124978.049,501626.982],[124909.426,502030.755],[124706.159,502144.497],[124753.251,502250.136],[124564.16,502370.417],[124582.944,502141.975],[124583.977,501979.792],[124555.022,501870.759],[124637.814,501819.175],[124447.016,501639.82],[124163.151,501511.293],[123902.387,501499.693],[123763.335,501267.741],[123699.593,501116.986],[123670.62,500902.418],[123759.354,500635.919],[123710.871,500578.811],[123514.406,500354.575],[123953.532,500227.163],[124767.784,499992.267],[124866.662,500154.782],[124887.755,500210.733],[124925.994,500176.952],[124992.632,500144.277],[125160.497,500097.747],[125216.176,500083.334],[125256.468,500214.389]]],[[[126217.642,504026.295],[126283.165,504263.14],[126150.039,504325.897],[126023.231,504435.298],[125923.202,504476.224],[125803.049,504493.516],[125763.793,504294.686],[125766.036,503981.835],[125730.082,503768.465],[125649.838,503345.392],[125604.75,503291.862],[125601.718,503272.853],[125572.515,503253.666],[125557.987,503236.395],[125508.591,503211.711],[125484.363,503195.778],[125360.577,503133.598],[125289.012,503041.119],[125193.222,502917.299],[125087.792,502822.023],[125106.279,502713.979],[125007.201,502592.685],[124939.329,502423.802],[125010.205,502217.185],[125062.199,501897.245],[125110.561,501598.58],[125142.721,501431.981],[125179.379,501256.508],[125198.756,501159.586],[125275.304,500774.129],[125318.512,500556.948],[125355.982,500384.421],[125371.278,500290.918],[125372.17,500185.206],[125342.628,500050.97],[125462.311,500022.266],[125608.923,499987.062],[125719.22,499944.289],[125859.91,499883.425],[126240.175,499628.496],[126327.649,499624.648],[126513.962,499913.868],[126749.544,499785.442],[127089.775,500307.414],[127441.846,500846.256],[127173.858,501014.835],[127227.712,501098.873],[127349.722,501136.519],[127411.182,501179.013],[127685.804,501019.089],[127835.354,501247.866],[128436.826,502209.793],[128688.362,502612.239],[128204.647,502917.447],[128157.592,502834.808],[128047.819,502890.542],[127974.507,502953.032],[128030.208,503046.027],[128330.493,503502.433],[128235.303,503547.569],[127846.663,503085.313],[127506.495,502769.192],[127466.217,502704.992],[127317.617,502808.917],[126810.69,502812.852],[126696.234,503378.817],[126808.62,503392.526],[127067.089,503479.344],[127670.387,503527.641],[127678.258,503600.257],[127757.927,503750.086],[127628.488,503804.269],[127095.371,504012.725],[126966.367,504069.483],[126818.846,504121.677],[126511.494,504243.564],[126404.823,504240.789],[126326.098,504002.739],[126217.642,504026.295]],[[126537.532,500430.134],[126476.699,500422.53],[126397.986,500470.444],[126301.78,500529.086],[126271.325,500570.934],[126368.503,500761.14],[126511.609,500668.624],[126652.902,500578.792],[126537.532,500430.134]],[[126679.491,501380.282],[126505.57,501489.774],[126622.752,501703.402],[126730.222,501823.734],[126802.628,501886.965],[126917.514,501987.787],[127015.558,502100.89],[127281.22,501946.892],[127184.854,501901.87],[127071.334,501712.242],[127035.104,501651.75],[127061.923,501507.893],[126935.673,501297.31],[126848.982,501355.665],[126765.439,501352.75],[126679.491,501380.282]]]]}},{"type":"Feature","properties":{"name":"Rijswijk","population":60955},"geometry":{"type":"MultiPolygon","coordinates":[[[[82141.349,447675.116],[82740.32,448103.7],[82599.061,448318.836],[83191.037,448717.864],[82970.398,449009.577],[82409.531,448607.952],[82256.52,448841.351],[81961.415,448623.845],[81727.384,448459.981],[82141.349,447675.116]]],[[[79842.864,450756.917],[80196.095,449875.039],[80287.42,449582.687],[80411.031,449282.01],[80447.25,449209.307],[80684.947,449335.279],[80721.29,449272.924],[80845.504,449345.016],[81217.678,448517.85],[81391.86,448586.267],[81469.961,448747.628],[81559.562,448932.745],[81545.623,448979.018],[81457.006,449021.106],[81403.696,449078.698],[81370.278,449165.428],[81728.237,449519.676],[81796.378,449565.354],[82319.074,449870.992],[81987.681,450308.689],[81911.509,450409.451],[82189.383,450689.686],[82774.989,451363.934],[82904.937,451183.681],[83072.51,451351.229],[83155.169,451452.296],[83262.929,451390.934],[83414.33,451267.58],[83380.906,451686.836],[83374.175,451905.696],[83387.193,452009.493],[83432.863,452103.697],[83528.409,452219.719],[83776.487,452521.109],[83327.299,453024.277],[83218.589,453155.254],[82831.35,452880.831],[82375.894,452564.703],[82312.595,452509.267],[82418.024,452297.366],[82345.483,452248.128],[82349.845,452180.354],[82357.457,452062.572],[82396.993,451974.645],[82591.174,451618.414],[82483.004,451495.195],[82288.019,451272.208],[81923.78,450995.682],[81607.929,451370.032],[81588.188,451427.184],[81325.062,451290.141],[80928.263,451111.812],[80779.007,451046.157],[80969.271,450408.286],[80824.476,450390.076],[80671.304,450817.871],[80402.096,450725.365],[80524.401,450377.974],[80567.59,450221.044],[80294.49,450127.545],[80103.861,450619.846],[80177.128,450645.784],[80059.859,450931.352],[79842.864,450756.917]]]]}},{"type":"Feature","properties":{"name":"Roosendaal","population":66715},"geometry":{"type":"Polygon","coordinates":[[[92795.251,394255.737],[92614.9,394300.573],[92504.108,394381.327],[92453.5,394309.354],[92304.425,394201.162],[92299.453,394197.552],[91987.785,393997.761],[92059.444,394366.482],[92135.691,394608.308],[92279.973,394741.922],[92238.33,394928.303],[92236.795,395794.111],[91977.714,395726.071],[91915.797,395984.528],[92179.726,396103.073],[92130.726,396287.822],[92108.236,396372.939],[91869.33,396282.513],[91847.365,396423.257],[91678.841,396372.738],[91634.35,396359.388],[91599.635,396113.321],[91583.92,396013.493],[91626.172,395939.307],[91702.533,395699.803],[91386.892,395697.368],[91110.016,395592.268],[91050.847,395529.763],[90736.726,395213.811],[90434.138,394910.303],[90243.728,394637.696],[90149.976,394360.907],[90063.059,394665.994],[89962.601,394658.996],[89872.41,394649.198],[89822.101,394737.856],[89717.002,395102.319],[89684.574,395113.698],[89431.362,395030.358],[89403.034,394961.965],[89282.716,394886.589],[89268.0,394632.488],[89289.625,394489.122],[89302.039,394405.791],[89327.933,394291.688],[89032.953,394257.755],[88845.939,394255.136],[88867.282,394040.563],[89070.587,393868.12],[88762.757,393639.269],[88776.955,393048.497],[88833.206,392663.234],[88709.585,392616.064],[88396.464,392530.166],[88389.539,392473.401],[88353.639,392383.027],[88315.735,392280.219],[88306.818,392219.864],[88409.635,392035.537],[88327.26,391979.988],[88153.698,391803.924],[88400.449,391556.501],[88292.742,391478.533],[88200.842,391412.264],[88349.503,391336.258],[88462.568,391330.375],[88557.252,391183.152],[88928.365,391280.043],[88953.459,391415.234],[88963.068,391411.993],[89118.994,391359.892],[89195.821,391541.363],[89249.241,391610.32],[89217.534,391748.253],[89655.547,391844.66],[89690.744,392540.991],[89762.166,392535.062],[89834.039,392529.073],[89810.292,391857.684],[90291.576,391884.049],[90808.813,391992.226],[90790.152,392162.973],[90856.21,392324.801],[90955.827,392426.29],[90895.796,392649.409],[90891.75,392664.314],[90877.026,392718.407],[90808.515,392699.305],[90477.69,392609.664],[90442.369,392743.797],[90496.53,392758.906],[90803.056,392846.185],[90937.968,392901.83],[91018.647,392969.569],[91054.109,392999.273],[91183.318,392969.158],[91261.235,392823.478],[91122.385,392785.732],[91075.125,392772.755],[91077.182,392751.533],[91080.884,392709.429],[91097.492,392463.496],[91099.669,392396.766],[91184.027,392348.47],[91282.374,392211.879],[91311.106,392034.666],[91516.213,392089.832],[91554.136,392099.593],[91653.604,392126.273],[91723.348,392060.478],[91979.96,392129.54],[92133.165,392170.803],[92249.975,392378.748],[92054.527,393039.739],[92536.499,392477.341],[92673.33,392376.796],[92715.983,392365.2],[92950.209,392312.309],[93171.112,392304.875],[93530.489,392144.728],[93597.005,392254.292],[93584.723,392352.018],[93437.854,392613.155],[93240.114,392850.83],[93355.341,393184.545],[93420.091,393432.093],[93346.515,393656.292],[94027.63,393546.229],[94079.242,393835.333],[94093.357,393999.051],[93475.384,394049.536],[93349.669,393997.661],[93244.928,394137.85],[92795.251,394255.737]],[[90478.828,393425.485],[90983.488,393572.725],[91423.595,393431.543],[91536.848,393397.242],[91479.397,393240.916],[91258.501,393124.422],[91045.869,393080.377],[90939.416,393109.373],[90867.201,393128.925],[90478.828,393425.485]],[[89134.944,392625.137],[89239.282,392681.692],[89205.539,392886.688],[89107.155,393484.119],[89588.693,393598.03],[89603.968,393217.257],[89648.124,393134.964],[89789.33,393150.776],[89769.289,392707.985],[89699.319,392710.612],[89270.797,392534.86],[89143.242,392500.025],[89134.944,392625.137]]]}},{"type":"Feature","properties":{"name":"Rotterdam","population":605085},"geometry":{"type":"MultiPolygon","coordinates":[[[[96359.725,431422.58],[96360.879,431585.793],[96026.499,431754.112],[96260.415,432230.974],[96288.62,432442.716],[96579.005,432606.109],[96636.867,432457.006],[96690.362,432195.688],[96732.046,432108.527],[96796.009,431955.962],[96907.761,431787.378],[97417.474,432108.614],[97541.855,432060.844],[98320.005,432509.726],[98463.142,432635.063],[98324.12,432991.848],[98286.029,433176.034],[98447.539,433219.66],[98717.268,433323.159],[98840.725,433348.087],[98896.754,433647.597],[99163.821,434847.834],[99118.013,434853.909],[98922.917,434879.01],[98497.454,434929.189],[97763.121,435015.135],[97510.264,435038.06],[97314.51,435010.992],[97339.393,434843.919],[97135.63,434785.573],[96976.873,434732.723],[96961.688,434592.648],[96826.622,434612.519],[96612.431,434523.161],[96448.172,434366.08],[95973.17,434271.571],[95656.976,434470.969],[95400.558,434552.122],[95296.706,434600.091],[94983.929,434759.101],[94693.334,434989.242],[94238.7,435337.272],[94133.711,435380.161],[94013.729,435387.129],[93833.15,435346.494],[93766.992,435123.211],[93632.112,434668.112],[92508.887,434252.736],[92368.626,434200.858],[92234.149,434072.526],[91956.885,434253.425],[91808.364,434398.332],[91736.497,434594.458],[91346.878,434378.308],[91270.189,434289.157],[91181.261,434017.907],[91081.462,433718.257],[91041.663,433599.542],[90936.652,433284.051],[90775.906,432801.096],[90767.743,432776.722],[90670.447,432485.394],[90675.803,432082.26],[90677.815,431944.097],[90766.15,431906.746],[90848.296,431845.943],[90956.794,431796.265],[91197.291,431643.376],[92282.766,431537.875],[92186.67,431098.02],[92571.587,431135.38],[93057.886,431283.448],[93390.225,431514.066],[93520.441,431539.282],[93691.397,431544.753],[94055.28,431541.65],[93916.588,432187.568],[93884.991,432233.795],[93860.368,432278.768],[93759.85,432700.526],[93546.383,432546.922],[93285.351,432413.051],[93064.906,432376.717],[92663.359,432392.268],[92430.201,432438.513],[92316.602,432471.31],[91591.562,432682.496],[91422.85,432501.267],[91331.558,432633.165],[91436.124,432792.673],[91544.941,432959.418],[91605.385,433167.445],[91833.733,433073.321],[91887.962,433043.541],[92022.137,432969.918],[92088.425,432946.164],[92409.483,432833.045],[92437.692,432908.242],[92500.007,433029.245],[92545.496,433093.268],[92608.366,433181.887],[92732.803,433304.624],[92807.644,433362.387],[93033.055,433472.195],[93078.928,433518.082],[93165.971,433742.098],[93336.886,433677.682],[93295.975,433274.511],[93454.483,433221.657],[93554.711,433160.62],[93608.216,433127.252],[93823.028,432956.501],[93912.937,432830.619],[94022.373,432676.517],[94158.673,432559.199],[94299.546,432437.991],[94441.319,432345.037],[94615.381,432230.891],[94670.49,432172.036],[94764.73,431959.552],[94859.023,431747.905],[94892.137,431640.526],[95007.492,431495.666],[95215.356,431500.414],[95439.418,431517.663],[95596.826,431562.97],[95712.275,431619.072],[95927.467,431521.51],[96359.725,431422.58]]],[[[89369.67,436506.605],[89460.509,436213.11],[89976.087,435623.331],[90454.128,435462.367],[90685.376,435491.156],[90850.485,435573.99],[91158.401,435732.614],[91280.954,435795.866],[91402.051,435858.527],[91504.502,435894.667],[91569.796,435917.818],[91638.997,435942.532],[91743.812,435991.722],[92035.157,436128.523],[92143.893,435811.433],[92437.694,435943.944],[92499.343,435736.438],[92724.134,435981.095],[92777.593,436065.773],[92804.476,436168.973],[92783.988,436181.578],[92701.233,436291.65],[92678.024,436389.577],[92757.006,436407.732],[92879.238,436528.44],[92840.095,436758.972],[92975.647,436897.71],[93058.089,436982.087],[93225.681,437150.644],[93368.032,437290.143],[93737.388,437453.286],[93873.029,437512.824],[93915.667,437497.449],[94357.082,437337.14],[94310.808,437209.076],[94654.376,437081.86],[95023.108,436782.57],[95207.227,436773.413],[95357.009,436738.079],[95592.296,436625.349],[95692.331,436580.88],[95755.928,436669.474],[95899.179,436651.425],[95935.884,436779.226],[95920.63,436879.99],[95917.122,437002.258],[95943.0,437154.332],[96018.004,437423.379],[96131.358,437698.819],[96179.353,437816.642],[96214.797,437902.846],[96240.735,437996.729],[96248.402,438063.732],[95944.833,437990.477],[95833.605,437987.952],[95492.335,438053.975],[95299.63,438106.342],[95028.061,438215.739],[94809.336,438362.679],[94344.362,438590.275],[94165.895,438682.402],[93890.936,438976.942],[93576.554,439326.281],[93505.414,439379.785],[93433.503,439404.037],[93373.16,439409.899],[93270.664,439368.715],[93087.846,439261.432],[92887.069,439153.99],[92665.325,439081.199],[92409.873,439033.04],[92064.985,438953.251],[91964.642,438937.214],[91798.326,438895.585],[91517.777,438711.485],[91398.113,438615.423],[91308.973,438488.766],[91070.227,438314.395],[90853.074,438248.023],[90807.114,437866.96],[91300.185,437944.94],[91368.279,437652.271],[91246.138,437633.909],[91029.392,437601.405],[90979.328,437602.936],[90831.539,437583.133],[90712.164,437571.536],[89847.695,437490.206],[89772.681,437483.117],[89678.55,437474.165],[89591.303,437465.514],[89510.16,437458.12],[89423.124,437449.859],[89345.331,437354.409],[89201.473,437137.822],[88872.19,436909.891],[88706.46,437158.437],[88238.646,437159.822],[88132.236,436652.684],[88673.792,436583.717],[89180.941,436524.107],[89369.67,436506.605]]],[[[88841.261,439854.06],[88727.854,439915.426],[88467.975,440108.208],[88378.803,440037.07],[88479.74,439842.727],[88545.255,439717.065],[88608.323,439536.414],[88524.12,439477.558],[88266.112,439314.593],[88362.299,439175.779],[88603.259,438873.087],[88676.865,438780.646],[88828.707,438588.917],[89003.116,438368.021],[89068.501,438284.818],[89132.795,438319.633],[89253.147,438579.031],[89305.77,438796.484],[89330.552,439083.346],[89190.244,439245.031],[89398.553,439262.599],[89599.87,439174.282],[89747.298,439022.085],[89809.101,438898.603],[89831.987,438804.949],[89832.563,438770.003],[89959.707,438785.983],[90201.211,438816.283],[90292.332,439088.825],[90278.966,439320.661],[90189.591,439368.163],[89844.345,439254.262],[89588.3,439370.102],[89399.841,439420.919],[89472.813,439565.503],[89271.81,439809.599],[89066.463,439868.941],[88940.226,439800.119],[88841.261,439854.06]]],[[[91478.135,440983.823],[91524.596,440387.609],[91398.427,440382.371],[91238.36,440390.698],[90875.61,440445.857],[90788.937,440453.591],[90666.357,440622.963],[90057.003,440191.333],[90071.527,440173.953],[90104.857,440119.554],[90270.703,439787.099],[90386.98,439868.879],[90499.516,439661.131],[90744.083,439804.8],[91124.887,439867.346],[91240.507,440087.518],[91599.667,440110.264],[91642.526,439911.217],[91535.598,439797.688],[91231.272,439759.948],[91225.433,439547.61],[91309.827,439408.393],[91714.933,439492.985],[91838.665,439518.57],[91909.14,439533.813],[91970.449,439547.505],[92027.175,439560.365],[92500.253,439654.957],[92630.412,439680.981],[92698.456,439694.598],[92897.586,439734.512],[92991.549,439753.319],[93021.136,439921.022],[93060.751,439971.492],[93267.078,440099.623],[93171.968,440212.512],[93214.387,440317.637],[93222.259,440367.61],[93385.372,440614.336],[93568.517,440875.675],[93734.527,441036.31],[93862.645,441160.251],[93836.032,441358.8],[94692.044,440705.323],[95052.225,441213.764],[95046.419,441462.961],[95063.948,441523.057],[95096.038,441619.419],[95175.6,441791.097],[94936.747,441957.693],[94877.183,441934.432],[94299.659,442394.723],[94377.6,442491.024],[94103.797,442711.662],[94032.782,442768.941],[93722.72,442829.651],[93722.155,442428.203],[93114.192,442948.092],[92994.7,442797.248],[93134.206,442461.378],[93074.415,442392.41],[93026.009,442263.494],[92852.194,442374.53],[92504.065,441904.426],[92261.267,442099.966],[92317.594,442176.535],[92038.442,442414.379],[91971.283,442329.216],[91781.946,442089.154],[91517.348,441753.752],[91478.135,440983.823]],[[92543.694,440266.558],[92459.312,440265.443],[92428.865,440304.88],[92431.209,440368.552],[92476.502,440518.086],[92421.53,440572.851],[92328.718,440639.218],[92423.556,440951.306],[92499.669,441201.764],[92584.248,441387.638],[92854.741,441270.382],[93098.062,441225.69],[93208.464,441197.563],[93260.511,441145.18],[93271.744,441094.525],[93192.059,440982.963],[93049.08,440876.526],[93127.156,440782.927],[92901.377,440506.779],[92781.968,440260.024],[92658.925,440326.316],[92543.694,440266.558]]],[[[93206.598,436285.83],[93112.412,436120.593],[93185.438,436029.731],[93545.569,436276.983],[93814.045,436504.573],[93708.058,436620.976],[93646.245,436689.161],[93206.598,436285.83]]],[[[96996.024,440183.582],[96490.296,440054.065],[96279.165,439998.404],[96301.049,439827.409],[96386.212,439162.26],[96406.313,439081.802],[96953.611,439214.391],[96889.009,439546.157],[97144.148,439600.556],[97225.508,439280.282],[97512.875,439349.627],[97687.261,438524.26],[97202.218,438402.775],[97057.3,439031.936],[96653.205,438901.613],[96856.337,438216.185],[96746.025,438167.844],[96777.508,438083.416],[96782.969,437994.228],[96768.108,437864.109],[96741.954,437786.304],[96693.33,437681.168],[96656.378,437627.301],[96623.769,437580.115],[96490.114,437566.6],[96452.266,437474.691],[96418.594,437392.804],[96392.891,437315.942],[96549.722,437201.674],[96838.78,437156.971],[97199.681,437148.784],[97527.525,437149.737],[97730.629,437192.193],[98173.255,437470.874],[98463.349,437730.73],[98521.705,437945.48],[98421.982,437998.957],[98396.367,438136.27],[98336.754,438356.805],[98300.359,438525.617],[98262.431,438701.624],[98024.367,438618.489],[97973.622,438920.93],[98281.007,438992.817],[98252.664,439104.126],[98168.468,439434.872],[98652.237,439555.127],[98843.302,439600.543],[99017.016,439727.217],[98484.744,440492.536],[98435.699,440614.871],[98204.585,440478.688],[97588.321,440333.796],[96996.024,440183.582]]],[[[99543.015,443767.679],[99625.301,443780.674],[99685.622,443557.14],[99558.775,443448.561],[99485.448,443385.843],[99233.506,443161.391],[99210.669,443140.951],[99095.761,443038.648],[98960.54,442963.78],[98863.353,442931.77],[98914.365,442722.74],[98656.382,442665.45],[98610.214,442733.62],[98015.974,442593.328],[97946.986,442570.416],[97917.873,442560.679],[97796.383,442520.289],[97470.256,442906.067],[97451.315,442926.203],[97434.245,442917.887],[96917.996,442665.839],[97178.47,442280.894],[97182.11,442230.225],[96700.293,442114.379],[96477.755,442414.898],[96089.745,442318.597],[96042.195,442220.631],[96038.117,442119.76],[95817.142,442059.062],[95915.33,441417.503],[96179.032,441485.157],[96500.324,441563.889],[96564.233,441174.654],[96594.016,441064.43],[97034.528,440994.711],[97219.058,441034.243],[97416.23,441076.417],[97554.837,441104.53],[98215.212,441545.661],[98680.589,441564.649],[98885.489,441517.67],[99553.659,442004.894],[99477.277,442151.389],[99710.938,442319.756],[99744.571,442343.695],[99775.018,442831.089],[99919.919,442940.142],[99889.147,442552.611],[100159.423,442753.863],[100612.123,443071.245],[100451.902,443187.096],[100394.274,443292.983],[100384.361,443435.677],[100527.101,443953.67],[100678.907,444502.501],[100681.588,444682.444],[100664.753,444754.56],[100374.258,445405.243],[100164.182,445311.581],[100097.212,444590.87],[100020.142,443753.221],[100008.477,443626.897],[100177.646,443602.171],[100212.667,443597.058],[100183.471,443266.197],[100066.768,443276.548],[99843.285,443296.481],[99877.13,443669.792],[99960.101,444607.234],[99692.301,444633.506],[99610.382,444646.041],[99457.077,444568.19],[99492.122,444485.742],[99556.142,444345.948],[99577.773,444249.184],[99580.949,444092.932],[99543.015,443767.679]]]]}},{"type":"Feature","properties":{"name":"Schiedam","population":81680},"geometry":{"type":"Polygon","coordinates":[[[86236.085,439722.002],[86196.453,439777.961],[86259.973,439916.287],[86250.626,440296.574],[86150.076,440422.305],[85736.673,440475.7],[85588.869,440544.627],[85540.846,440517.755],[85218.794,440432.67],[84652.683,440217.345],[84413.661,440119.961],[84599.561,439585.012],[84448.238,439512.651],[84565.587,439206.777],[84625.374,438919.966],[84669.863,438593.981],[84840.824,438569.045],[85342.216,438295.868],[85483.476,438184.577],[85509.771,437663.683],[85316.631,437639.834],[85066.961,437632.473],[85077.593,437312.864],[85213.922,437073.505],[85481.937,437272.451],[85641.151,436950.223],[85629.059,436688.681],[85622.516,436527.095],[85359.852,436371.351],[85434.592,436218.426],[85561.815,436268.843],[85612.848,436289.054],[85724.615,436185.301],[86106.18,436020.578],[86607.984,435819.189],[86782.324,435812.413],[86877.428,435523.761],[86910.293,435465.62],[86995.867,435429.183],[87320.703,435398.74],[87461.92,435374.355],[87594.891,435422.355],[87584.917,435588.782],[87592.84,435694.048],[87674.65,435748.581],[87582.301,436076.235],[87393.63,436455.265],[87314.178,436546.302],[87178.761,436625.414],[87235.36,436767.685],[87918.049,436679.977],[88132.236,436652.684],[88238.646,437159.822],[88002.716,437159.751],[87939.415,437159.71],[87887.438,437160.018],[87763.474,437179.487],[87521.177,437293.967],[87454.313,437325.413],[87266.934,437404.392],[86994.436,437547.736],[86963.289,437564.295],[86787.397,437611.645],[86689.538,437612.147],[86498.521,437592.284],[86065.594,437431.886],[85942.13,437621.082],[85883.169,437673.305],[85669.666,437768.394],[85858.494,438227.165],[86106.163,438825.221],[86229.873,439120.611],[86092.872,439190.819],[86014.626,439194.903],[85596.631,439212.042],[85555.095,439286.726],[85355.291,439273.652],[85283.442,439548.827],[85658.9,439598.069],[85779.547,439435.775],[86059.442,439302.663],[86168.201,439254.54],[86266.613,439386.544],[86325.724,439539.174],[86277.861,439581.893],[86236.085,439722.002]]]}},{"type":"Feature","properties":{"name":"Spijkenisse","population":74020},"geometry":{"type":"Polygon","coordinates":[[[82774.594,429946.995],[82842.308,430005.326],[82749.485,430171.956],[82740.015,430188.95],[82562.057,430125.871],[82476.336,430025.633],[82409.959,429948.038],[82180.602,429867.303],[82042.333,430072.606],[81835.766,430474.025],[81749.527,430687.48],[81526.591,430646.072],[81468.194,430626.9],[80811.622,430435.353],[80507.139,430346.518],[80872.373,429677.642],[80950.31,429234.8],[80843.553,428869.075],[81051.791,428149.359],[80888.284,428100.313],[80690.754,428330.119],[80463.83,428415.219],[80239.097,428288.659],[80344.068,427892.528],[80547.995,427970.165],[80691.541,427372.07],[80761.095,427182.992],[81086.175,427197.326],[81333.824,427227.896],[81439.368,427175.551],[81476.024,426990.695],[81738.029,426866.131],[82024.826,426823.839],[82094.815,426549.209],[82273.149,426536.494],[82469.943,426660.546],[82340.102,426981.212],[82379.03,427129.248],[82448.739,427393.949],[82667.368,427230.284],[82878.706,427330.386],[83300.39,427303.975],[83420.196,427430.834],[83532.614,427523.475],[83696.069,427545.349],[84143.841,427497.776],[84371.609,427321.318],[84822.893,426966.436],[84980.777,427060.087],[85277.26,427103.746],[85135.516,428028.741],[85105.773,428221.482],[84922.555,428245.737],[84746.727,428261.049],[84202.568,428272.877],[84042.025,428277.094],[83587.746,428312.92],[83118.739,428309.109],[83058.965,428653.789],[83065.622,428764.573],[83018.61,428987.063],[83270.258,428796.356],[83601.796,428616.817],[84147.926,428651.851],[84110.891,428779.276],[84084.144,428871.34],[83878.587,428994.98],[83786.788,429089.471],[83442.957,429357.02],[83241.021,429362.913],[83015.491,429369.486],[83159.828,429448.53],[83192.681,429466.529],[83056.109,429640.011],[83001.692,429615.201],[82774.594,429946.995]]]}},{"type":"Feature","properties":{"name":"Tilburg","population":204115},"geometry":{"type":"MultiPolygon","coordinates":[[[[128535.463,399970.36],[128586.613,400348.69],[127958.505,400732.726],[127532.513,400991.467],[127085.902,401266.211],[126721.314,400640.485],[126842.495,400619.115],[127141.964,400206.703],[127274.256,400067.519],[127240.793,399905.383],[127309.22,399701.078],[127418.058,399458.171],[127943.203,399344.188],[128171.62,399193.889],[128305.263,398840.784],[127748.858,398921.41],[127725.673,399095.092],[127483.977,399229.963],[127369.819,399300.064],[127329.575,399248.051],[127310.484,399179.289],[127290.595,399123.381],[127295.693,399029.177],[127245.038,398968.877],[127281.673,398766.86],[127262.649,398691.924],[127281.598,398607.823],[127290.855,398500.968],[127307.543,398313.969],[127268.617,397954.164],[127308.186,397710.412],[127476.688,397688.298],[127523.237,398088.17],[127518.538,398231.157],[127428.298,398381.786],[127447.249,398462.731],[127685.137,398405.368],[127662.594,398121.124],[127715.284,398037.732],[128249.252,397910.941],[128468.819,397856.882],[129353.713,397639.151],[129348.044,397738.029],[129361.109,397819.122],[129405.969,397990.671],[128531.947,398201.049],[128649.665,398686.28],[129486.891,398302.217],[129580.548,398549.619],[129673.027,398944.273],[130150.289,398650.807],[130078.903,398232.232],[130428.647,398080.271],[130646.346,398261.284],[130715.319,398346.228],[131149.358,398095.063],[131210.5,398079.088],[131139.133,397809.078],[131117.951,397728.074],[131145.698,397650.288],[131127.251,397576.058],[130915.196,396726.585],[130919.428,396639.621],[130910.514,396340.613],[130904.243,396130.819],[130911.621,395896.094],[130812.928,395889.779],[130801.367,395807.507],[130811.171,395718.401],[130956.615,395716.762],[130963.081,395617.882],[130883.281,395611.031],[130734.626,395601.785],[130661.288,395316.216],[130210.956,395082.601],[130411.824,394620.196],[130639.144,394628.886],[130716.982,394628.567],[130907.028,394684.453],[131197.091,394825.261],[131299.8,394847.697],[131535.98,394839.809],[131555.624,394924.604],[131579.604,395024.621],[131636.379,395136.001],[131859.251,395330.616],[132001.568,395439.885],[132030.978,395462.669],[132109.879,395362.573],[132346.321,395147.623],[132329.375,395065.761],[132663.969,395086.355],[132545.412,394647.986],[132490.571,394398.744],[132699.777,394365.442],[133039.087,394311.446],[133103.393,394301.266],[133442.505,394247.519],[133913.849,394173.218],[134047.115,394152.304],[134463.144,394086.905],[134773.03,394083.097],[134829.422,394200.856],[134806.99,394473.46],[134999.636,394548.235],[134977.923,394618.744],[134983.072,394657.774],[135061.002,394680.829],[135117.1,394726.834],[135158.569,394793.311],[135173.547,394871.352],[135173.96,394976.596],[135148.462,395346.779],[135122.939,395427.093],[135754.011,395898.7],[135840.693,395894.533],[136095.034,396006.886],[135916.847,396473.15],[135838.619,396674.146],[135694.644,397098.68],[135789.151,397133.532],[135882.629,397199.373],[135905.126,397216.532],[136036.756,397361.444],[136117.632,397517.229],[135836.696,397383.782],[135724.036,397332.811],[135639.177,397299.649],[135571.26,397272.708],[135253.756,397148.779],[134962.837,397814.106],[134870.328,397991.867],[134664.21,398267.266],[134464.125,398503.598],[134280.922,398626.169],[134186.737,398665.161],[134023.503,398685.806],[133465.78,398659.728],[132733.661,398568.225],[132748.159,398759.295],[132759.418,398907.657],[132135.771,399045.837],[132068.36,398610.251],[131707.423,398682.382],[131502.037,398729.559],[131288.609,399129.957],[131245.413,399201.029],[130993.194,399254.789],[130494.395,399357.146],[130426.053,399371.273],[130388.834,399214.92],[130115.124,399329.518],[130021.413,399385.162],[129378.785,399759.413],[129261.311,399664.109],[128941.247,399858.721],[128846.162,399751.852],[128535.463,399970.36]]],[[[127125.335,400012.712],[126730.778,400560.997],[126556.69,400434.977],[126393.943,400434.45],[126376.175,400209.538],[126261.694,399388.073],[126468.83,399363.035],[126411.358,398956.781],[126420.692,398854.541],[126442.113,398707.731],[126267.148,398750.554],[126107.562,398027.643],[126778.212,397862.925],[126822.448,398037.292],[127150.138,398037.422],[127192.163,398455.117],[127167.929,398529.735],[127097.141,398747.739],[127064.692,398940.722],[127120.672,399211.762],[127080.481,399721.64],[127070.56,399945.483],[127125.335,400012.712]]],[[[133456.237,398860.47],[133796.868,398918.771],[134025.048,398957.814],[134262.966,398946.652],[134434.473,398874.248],[134634.201,398751.227],[134677.783,398694.757],[134851.346,398769.436],[134870.303,398777.593],[134880.966,398879.014],[135353.417,398839.217],[135309.46,399094.659],[135179.596,399270.613],[135237.744,399357.831],[135455.774,399683.733],[135239.69,399855.626],[135060.029,399998.514],[134654.839,400054.867],[134793.287,400250.173],[134502.842,400357.647],[133900.457,400568.951],[133851.538,400553.024],[133801.824,400546.001],[133666.856,400583.061],[133221.444,400706.173],[133056.988,400548.96],[133032.706,400422.904],[132854.794,399499.664],[132785.922,399070.917],[132759.418,398907.657],[133167.675,398830.335],[133456.237,398860.47]]]]}},{"type":"Feature","properties":{"name":"Utrecht","population":324965},"geometry":{"type":"MultiPolygon","coordinates":[[[[130457.394,456748.73],[130532.692,456656.569],[130641.002,456686.357],[130786.242,456631.131],[130830.973,456585.63],[130932.881,456481.998],[131056.831,456272.453],[131216.776,455899.186],[131216.165,455800.0],[131301.561,455649.057],[131356.353,455698.864],[131427.82,455731.458],[131494.755,455733.534],[131558.264,455721.052],[131676.603,455664.977],[131691.533,455611.447],[131681.59,455441.988],[131682.823,455375.949],[131691.566,455354.768],[131731.42,455332.33],[131849.746,455329.832],[131852.234,455201.537],[131817.06,455022.348],[132714.128,455039.952],[133242.148,455051.137],[133327.51,455355.619],[133521.344,455379.313],[133922.513,455403.691],[133960.794,455022.629],[134004.505,454724.935],[134025.661,454621.095],[134055.59,454557.606],[135145.205,452471.692],[135278.866,452540.365],[135454.165,452647.43],[135546.862,452677.22],[135799.761,452664.335],[135830.206,452850.523],[135836.119,453050.546],[135809.97,453249.135],[135637.205,454253.537],[135871.685,454303.033],[135942.228,454320.787],[136132.517,453292.909],[136159.073,452872.189],[136144.253,452679.988],[136109.13,452459.881],[136210.083,452360.59],[136329.551,452213.723],[136388.614,452198.538],[136596.135,452268.807],[136761.242,452341.632],[136841.037,452360.422],[136914.152,452362.271],[136967.336,452352.398],[137028.936,452327.476],[137082.31,452293.906],[137163.578,452197.597],[137293.568,452001.261],[137348.165,451924.353],[137763.443,452017.138],[137841.311,452063.543],[137951.793,452160.795],[138289.076,452636.291],[138295.462,452730.896],[138340.171,452883.563],[138433.387,453075.899],[138278.672,453265.113],[137978.536,453633.899],[137733.798,453476.417],[137687.145,453300.843],[137609.245,453250.213],[137392.275,453303.99],[137359.108,452970.938],[137258.228,452776.09],[137192.826,452705.006],[137046.956,452617.689],[136981.2,452867.038],[136961.039,453094.192],[136996.069,453186.189],[137156.287,453397.508],[137429.133,453498.843],[137653.96,453685.418],[137840.207,453842.763],[137970.198,453952.354],[138074.365,454040.173],[137999.742,454382.496],[138003.955,454502.142],[138040.888,454597.979],[138523.012,455179.087],[138565.293,454947.638],[138572.378,454788.846],[138529.768,454569.136],[138651.594,454561.948],[138703.511,454600.441],[138955.231,454824.092],[139306.901,455123.931],[139397.151,455116.861],[139552.761,455077.713],[139586.237,455196.88],[139504.544,455365.192],[139374.453,455528.594],[138673.945,455796.139],[138545.135,455765.132],[138478.185,456191.145],[138425.751,456487.104],[138397.449,456918.33],[138393.348,457178.135],[138557.727,457160.567],[138827.038,457216.15],[138773.973,457395.006],[138777.392,457518.938],[138801.522,457681.41],[138883.188,457862.387],[138840.181,457982.965],[138791.751,458194.515],[138741.095,458415.03],[138684.507,458391.517],[138493.817,458312.261],[138205.337,458192.675],[137997.332,458142.479],[137891.052,458102.901],[137821.676,458078.106],[137473.78,457951.202],[137253.987,457895.071],[137062.549,457924.072],[136964.161,457939.002],[136812.237,457925.925],[137051.951,458015.176],[137598.4,458218.512],[137730.644,458268.508],[137833.907,458307.704],[137760.025,458504.055],[137666.687,458697.915],[137601.069,458874.268],[137472.21,458906.095],[137257.086,458976.06],[137122.832,459039.458],[136946.361,459122.76],[136814.746,459203.457],[136566.356,459355.684],[136461.854,459431.34],[136313.184,459525.298],[136230.522,459597.372],[135804.302,459956.364],[135661.454,460008.264],[135572.146,460039.931],[135469.503,460049.345],[135333.363,460064.345],[135260.179,460085.941],[135124.166,459943.958],[134991.535,459801.742],[134715.905,459524.929],[134426.972,459234.78],[134362.498,459145.538],[134337.622,459010.237],[133988.115,459059.208],[133712.789,459268.379],[133575.771,459441.254],[133535.8,459526.318],[133349.503,459371.805],[133176.03,459208.23],[133062.387,459319.99],[132952.978,459188.074],[132822.906,459031.607],[133652.159,458265.736],[133755.295,458171.058],[133879.621,458056.765],[134539.311,457447.532],[134603.606,457388.133],[134668.995,457327.73],[134782.407,457223.296],[135580.001,456487.142],[135458.378,456541.968],[135294.849,456577.825],[134558.13,456657.618],[134419.259,456672.153],[134376.317,456677.393],[134257.148,456691.962],[133845.987,456742.422],[133795.273,456748.646],[133806.448,456613.306],[133789.223,456615.437],[133767.99,456617.642],[133543.006,456644.696],[133260.942,456678.907],[133132.873,456694.488],[133049.228,456652.744],[132762.368,456509.711],[132698.736,456638.446],[132514.862,456663.193],[132421.87,456790.228],[131706.423,456882.308],[131516.903,456905.673],[130533.348,457027.176],[130503.972,456919.453],[130457.394,456748.73]]],[[[131103.575,457380.664],[131306.63,457383.866],[131296.058,457681.651],[131386.503,457568.736],[131448.299,457032.667],[132461.366,456909.877],[132602.268,456892.775],[132627.569,457148.06],[132250.154,457194.997],[132085.523,457435.796],[131939.1,457573.768],[131722.877,457734.267],[130891.322,458342.982],[130659.52,457923.21],[130513.997,457864.176],[130492.686,457640.424],[130746.663,457698.872],[130691.554,457124.867],[131289.529,457051.389],[131264.64,457227.689],[131110.31,457249.289],[131103.575,457380.664]]]]}},{"type":"Feature","properties":{"name":"Veenendaal","population":70610},"geometry":{"type":"Polygon","coordinates":[[[167734.065,448813.318],[167752.551,449045.061],[167793.945,449093.565],[167822.169,449259.413],[168204.237,449218.913],[168209.39,449320.227],[168214.706,449424.546],[168219.727,449523.302],[168234.838,449621.082],[168161.207,449622.389],[167878.552,449627.49],[167790.269,449682.892],[167188.839,449722.158],[167009.993,449918.651],[166408.826,450023.209],[166210.314,450074.826],[166161.579,449915.562],[166355.071,449856.421],[166304.481,449699.32],[166141.27,449486.337],[166006.524,449505.896],[165874.825,449576.256],[166008.697,449888.463],[165491.275,449935.019],[165336.348,449850.528],[164887.725,450133.769],[164702.595,450212.453],[164685.431,450147.946],[164327.052,449518.762],[164305.508,449480.95],[164209.139,449235.056],[163997.384,448693.953],[164099.239,448521.744],[164408.139,448369.227],[164375.762,448304.414],[164680.152,448171.098],[164590.286,447984.344],[164720.379,447869.889],[164867.637,447790.685],[164899.918,447781.515],[164989.132,447964.101],[165321.003,447869.764],[165242.227,447406.989],[165213.47,446951.494],[165260.03,446729.241],[165317.579,446573.988],[165369.446,446494.602],[165432.749,446397.661],[165473.671,446349.183],[165720.593,446138.541],[165837.633,445981.753],[165926.197,445865.126],[166146.175,445684.096],[166339.459,445501.569],[166822.989,446288.788],[166686.511,446672.028],[166625.312,446843.835],[166171.785,447874.939],[166169.474,447880.052],[166149.19,447926.29],[166062.314,448116.014],[166250.701,448052.574],[166545.093,447729.431],[166983.51,447466.062],[167068.071,447669.98],[167085.182,447704.79],[167149.663,447836.12],[167196.889,448018.366],[167225.023,448050.199],[167123.853,448089.838],[167158.411,448315.721],[167336.14,448290.291],[167492.706,448356.88],[167553.466,448391.023],[167551.317,448209.054],[167866.376,447952.74],[167914.77,447912.535],[168517.785,447333.756],[168705.841,447325.648],[168704.365,447500.375],[168899.91,447500.25],[168942.108,448010.544],[168718.787,448034.345],[168737.379,448722.196],[168670.481,448990.701],[168192.331,448985.85],[168181.992,448782.498],[167734.065,448813.318]],[[165676.954,448923.964],[165552.947,448565.837],[165018.994,448832.142],[165135.759,448987.584],[165265.526,449007.71],[165311.627,449214.301],[165542.004,449147.306],[165676.954,448923.964]]]}},{"type":"Feature","properties":{"name":"Vlaardingen","population":77165},"geometry":{"type":"MultiPolygon","coordinates":[[[[83796.518,436320.879],[83489.513,436308.181],[83255.804,436341.462],[83289.183,436456.817],[83290.498,436548.487],[83211.774,436598.855],[83178.365,436644.344],[83134.178,436789.744],[82906.423,436690.264],[82705.103,436725.441],[82384.112,436868.906],[82125.534,436671.489],[82079.177,436533.964],[81938.801,436583.861],[81974.083,436641.43],[81988.858,436840.281],[80911.49,437068.835],[80796.092,436454.149],[80771.981,436325.041],[80727.972,435729.771],[81086.053,435611.577],[81481.62,435481.063],[81575.4,435677.862],[81593.839,435714.867],[81801.831,436236.469],[81963.331,436190.376],[82215.023,436177.358],[82526.816,436160.922],[82503.917,435993.678],[82493.831,435919.884],[82484.85,435768.071],[82495.775,435676.614],[82526.553,435596.719],[82591.797,435520.331],[82669.637,435467.574],[82808.597,435345.503],[83014.281,435408.745],[83293.228,435488.747],[83393.882,435519.407],[83487.326,435553.732],[83623.01,435603.591],[83728.737,435642.752],[83840.205,435684.06],[84064.962,435839.651],[84283.538,436075.066],[84337.876,436133.772],[84437.692,436240.574],[84530.844,436341.129],[84618.966,436436.639],[84749.599,436577.674],[84762.403,436766.6],[84756.816,436995.898],[84666.286,437300.664],[84625.245,437398.438],[84553.069,437493.424],[84476.302,437594.484],[84147.197,437541.0],[83896.892,437438.846],[83484.73,437270.252],[83056.385,437095.638],[83410.288,436797.243],[83548.173,436736.24],[83713.308,436655.603],[83738.863,436536.678],[83790.358,436480.253],[83819.304,436466.376],[83796.518,436320.879]]],[[[82677.173,439322.166],[82593.915,439264.954],[82658.05,439046.376],[82756.378,438711.247],[82938.472,438753.181],[83015.765,438534.474],[82672.636,438473.89],[82749.195,438323.788],[82891.35,437923.157],[82927.187,437731.919],[83266.796,437824.396],[83396.446,437858.144],[83522.918,437883.928],[83653.738,437756.433],[83691.426,437719.342],[83779.017,437749.138],[83970.696,437832.033],[84077.708,438108.304],[84338.917,438422.451],[84469.238,438532.271],[84598.965,438580.737],[84669.863,438593.981],[84625.374,438919.966],[84565.587,439206.777],[84448.238,439512.651],[84390.157,439490.605],[84246.994,439395.101],[84167.222,439616.383],[84040.994,439711.031],[83996.508,439822.991],[83941.849,439954.457],[83684.044,439880.074],[83450.342,439835.013],[83363.217,439780.236],[83012.273,439657.819],[83083.771,439438.584],[82677.173,439322.166]]]]}},{"type":"Feature","properties":{"name":"Zaanstad","population":162675},"geometry":{"type":"MultiPolygon","coordinates":[[[[113705.021,500792.303],[113851.785,500734.545],[114639.216,500330.664],[115184.854,499709.991],[115249.201,499602.539],[115284.258,499544.06],[115327.446,499335.3],[115335.229,499230.53],[114635.16,499008.676],[114425.344,498937.519],[114473.499,498762.258],[114313.156,498710.116],[114371.719,498495.267],[114618.3,498560.444],[114681.916,498296.988],[114834.22,498333.073],[114987.804,498083.797],[115145.892,497952.493],[115224.286,497843.926],[115310.689,497628.252],[115023.572,497484.31],[114810.285,497428.131],[114792.761,497362.902],[114465.804,497427.729],[114482.466,497135.894],[114538.223,496944.382],[114694.3,496406.495],[114782.716,496091.375],[114936.418,495593.185],[115222.813,494661.306],[115383.113,494228.06],[115081.459,493992.655],[114257.397,493886.296],[114215.469,493681.125],[115917.89,493819.876],[115901.4,494111.702],[116051.83,494132.208],[116238.897,494189.261],[116473.438,494086.609],[116877.949,493680.497],[117023.827,493338.661],[117347.13,493454.738],[117409.798,493484.469],[117504.958,493529.532],[117700.142,493629.306],[117960.631,493686.425],[117887.447,493858.053],[118155.871,493927.752],[118855.736,494046.856],[118838.287,494152.802],[118775.657,494315.438],[119012.611,494411.284],[118708.249,495001.357],[118106.273,495877.52],[117920.38,495969.491],[117856.124,495999.462],[117539.359,496147.404],[117355.852,496233.091],[117087.248,496319.607],[117000.96,496347.478],[116737.914,496277.356],[116567.809,496514.297],[116525.359,496623.229],[116489.689,496747.019],[116629.85,496751.432],[116671.766,496752.775],[117024.567,496764.116],[117007.082,496894.104],[116986.349,497047.929],[116976.2,497181.588],[117058.133,497428.199],[117176.298,497650.666],[117321.042,497786.53],[117479.672,497832.997],[117544.466,497743.153],[117921.501,497805.836],[117994.985,497903.535],[118198.392,497995.866],[118265.693,497903.677],[118400.944,498020.004],[118073.762,498294.783],[117977.096,498393.595],[117122.41,498238.424],[116948.477,498206.607],[116916.08,498164.798],[116816.912,498131.183],[116703.465,498061.631],[116601.011,498047.185],[116289.21,498031.547],[116271.358,497977.999],[116321.927,497922.967],[116424.476,497879.823],[116589.534,497878.31],[116613.34,497833.115],[116549.437,497721.564],[116417.708,497579.945],[116187.533,497512.545],[116114.884,497439.791],[116095.326,497420.25],[116069.154,497393.752],[115987.622,497414.204],[115943.911,497425.734],[115780.212,497275.596],[115647.847,497203.213],[115643.536,497331.432],[115638.526,497499.548],[115633.04,497667.667],[115629.28,497783.753],[115994.148,497843.159],[115982.638,498041.424],[115947.002,498213.51],[115976.155,498367.89],[115997.07,498486.117],[116137.206,498682.792],[116133.281,498762.215],[116041.158,498858.025],[115877.56,498974.824],[115768.801,499066.488],[115733.543,499143.602],[115737.528,499264.133],[115763.415,499392.111],[115419.602,500284.762],[115033.848,500592.824],[114989.594,500629.959],[114652.19,500587.318],[114594.411,500635.473],[114580.529,500718.985],[114777.416,501078.782],[114764.931,501329.08],[114779.072,501575.767],[114735.762,501577.568],[114634.547,501581.736],[114383.283,501683.618],[114058.366,501839.926],[113653.951,502032.03],[113601.77,501838.633],[113598.177,501315.459],[113327.283,501383.9],[113348.901,501486.7],[113131.882,501556.532],[113271.858,501770.654],[113399.6,501728.01],[113436.603,501904.009],[113294.631,501941.598],[113329.108,502167.634],[113486.636,502139.707],[113559.147,502465.068],[113515.993,503135.629],[113009.238,503141.215],[113022.354,502849.011],[113090.251,502599.012],[113141.826,502492.697],[113032.813,502416.236],[113013.322,502375.899],[112842.483,502465.657],[112213.531,502792.841],[112083.381,502831.364],[112087.362,502770.24],[111991.15,502637.276],[111911.176,502424.944],[111763.676,502375.221],[111597.783,502365.222],[111567.79,502363.429],[111528.369,502328.059],[111639.411,502273.666],[111825.005,502188.021],[111752.993,502102.584],[111455.159,501743.855],[111919.383,501335.675],[111930.734,501329.01],[112018.804,501277.332],[112084.894,501255.334],[112204.312,501215.625],[112228.082,501211.802],[112804.515,501119.526],[112884.781,501106.653],[113229.079,500999.619],[113294.208,500979.315],[113333.152,501086.919],[113414.489,501168.238],[113582.335,501224.516],[113723.665,501079.507],[113750.86,500993.988],[113745.671,500913.749],[113705.021,500792.303]],[[115920.021,494821.572],[115570.781,495315.394],[115517.196,495509.769],[115506.902,495684.324],[115523.919,495780.103],[115544.481,495898.386],[115920.021,494821.572]]],[[[113797.956,494015.298],[113929.453,494186.113],[113872.397,494524.742],[113719.378,495213.512],[113515.368,496639.113],[113410.666,497300.617],[113592.505,497336.359],[113524.693,497620.896],[113808.118,497708.867],[113980.871,497753.379],[113900.256,497881.792],[113818.843,497861.665],[113734.931,498106.777],[113606.485,498085.379],[113511.216,498033.606],[113271.573,497954.126],[113256.83,497818.332],[113048.511,497775.762],[113030.115,497666.706],[112955.988,497649.09],[112788.977,497590.267],[112701.493,497604.148],[112590.062,497291.877],[112552.104,497177.761],[112808.309,497201.261],[113089.995,497244.308],[113163.772,496580.111],[113366.265,495147.497],[113421.508,494510.558],[113511.251,494475.53],[113624.968,494306.776],[113685.701,494059.634],[113797.956,494015.298]]],[[[110656.665,497698.988],[110955.549,497428.025],[111156.638,497166.185],[111852.913,498271.139],[111947.768,498413.85],[111781.564,498576.986],[111551.405,498802.283],[111188.441,499157.792],[111025.72,498944.878],[111336.761,498675.886],[111289.433,498400.239],[111124.919,498285.647],[111008.042,497955.377],[110656.665,497698.988]]],[[[111278.393,501025.487],[111208.998,500988.995],[110973.393,500969.735],[110995.289,500908.228],[110982.616,500744.38],[111071.753,500595.367],[110927.821,500511.365],[111129.244,500080.883],[111434.403,499976.188],[111400.967,499905.604],[111589.4,499804.625],[111909.828,499632.95],[112240.885,499489.634],[112347.764,499432.513],[112470.267,499241.399],[112566.937,499425.443],[112789.22,499812.371],[112296.329,500257.211],[112423.248,500398.317],[112728.472,500742.853],[112779.216,500854.525],[112536.227,500892.225],[112495.462,500898.475],[112302.219,500935.423],[112177.831,500970.666],[112043.994,501008.554],[111887.209,501058.776],[111659.947,500937.317],[111532.902,501159.316],[111439.498,501333.006],[111335.489,501420.611],[111173.994,501328.801],[111290.13,501031.669],[111278.393,501025.487]]]]}},{"type":"Feature","properties":{"name":"Zeist","population":54245},"geometry":{"type":"MultiPolygon","coordinates":[[[[145681.062,457041.526],[145582.094,457387.618],[145284.794,457355.537],[144972.242,457321.781],[144825.66,457305.113],[144689.734,457290.095],[143355.652,457130.888],[143282.464,457095.847],[143197.8,457018.389],[143095.175,456923.563],[143081.427,456904.904],[142995.501,456789.68],[142928.27,456699.889],[143029.027,456199.478],[142829.872,455844.043],[142950.362,455748.622],[142688.912,455502.767],[142662.034,455401.365],[142649.195,455378.533],[142551.88,455205.155],[142584.412,455126.134],[142710.089,454960.712],[142883.363,454830.391],[143911.772,454059.794],[144086.273,454257.617],[144414.702,454668.622],[144725.753,454440.442],[144893.574,454291.01],[145033.562,454427.91],[144972.695,454703.957],[145366.058,454897.102],[145488.802,454957.558],[145577.699,455063.084],[146070.412,455648.733],[146239.809,455850.032],[146953.508,456698.51],[146546.881,457089.206],[146129.741,457118.361],[145962.289,457098.749],[145758.389,456915.436],[145681.062,457041.526]],[[144499.377,456724.296],[144424.655,456482.132],[144014.383,456349.791],[143743.502,456669.268],[143600.767,456517.725],[143694.065,456413.261],[143591.94,456313.751],[143785.258,456056.968],[143331.477,456389.957],[143467.958,456646.814],[143562.223,456741.668],[143709.282,456808.364],[144596.186,456965.191],[144648.001,456808.04],[144499.377,456724.296]]],[[[145588.156,454539.31],[146027.671,454121.329],[146223.86,453935.064],[146450.934,453719.047],[147367.207,454642.563],[147069.203,454952.777],[146958.588,454878.133],[146762.845,455100.472],[146254.312,454781.305],[146196.926,454871.359],[146068.906,454808.782],[145917.933,454734.791],[145577.104,454748.611],[145455.68,454753.071],[145576.743,454558.024],[145588.156,454539.31]]]]}},{"type":"Feature","properties":{"name":"Zoetermeer","population":130160},"geometry":{"type":"MultiPolygon","coordinates":[[[[91272.445,450591.62],[91305.942,450485.096],[91500.21,450539.42],[92046.429,450619.279],[92126.721,450388.938],[92275.754,450423.5],[92322.291,450312.646],[92413.307,450046.847],[92491.445,449864.164],[92537.924,449799.935],[92645.51,449715.802],[92828.69,449666.836],[92880.489,449665.523],[93067.689,449660.856],[93057.215,449914.235],[93036.236,449987.655],[92843.001,450318.975],[92792.053,450429.156],[92780.08,450511.645],[92753.101,450582.082],[92684.203,450625.559],[92652.737,450669.014],[92648.244,450702.006],[92661.744,450750.017],[92688.705,450776.996],[92715.648,450788.955],[92766.585,450796.441],[92843.013,450754.484],[93039.236,450582.075],[92956.861,450480.121],[93088.108,450354.2],[93216.985,450263.473],[93619.5,449980.436],[93903.168,450308.197],[94070.084,450175.913],[94405.303,450635.65],[94093.156,450895.709],[93945.243,450986.646],[93780.087,451025.114],[93414.672,451109.065],[92998.751,451160.958],[92799.609,451185.472],[92667.684,451202.81],[92612.032,451119.832],[92506.625,451047.047],[92367.951,450994.322],[92233.267,450961.802],[92161.267,450973.392],[92107.881,451008.281],[92063.761,451073.319],[92052.14,451166.265],[91956.791,451482.253],[91369.191,451560.714],[91337.52,451237.879],[91400.133,451007.363],[91491.426,450671.22],[91272.445,450591.62]]],[[[91669.042,453007.688],[91494.603,452965.178],[91418.231,452989.13],[91340.114,453016.11],[91174.755,452408.521],[91080.166,452109.305],[91111.868,452093.988],[91208.765,452091.578],[91692.498,452039.006],[92184.622,452077.339],[92209.46,452053.269],[92307.555,452034.231],[92427.005,452027.721],[92434.278,452131.612],[92409.721,452311.788],[92382.505,452555.867],[92075.064,452606.085],[92105.759,452774.494],[91925.829,452902.561],[91766.826,452849.665],[91669.042,453007.688]]],[[[92762.991,451662.108],[93095.062,451620.694],[93186.786,451609.763],[93492.35,451571.264],[93706.2,451544.371],[93897.051,451518.771],[94067.767,451495.817],[94335.844,451434.295],[94605.007,451549.526],[94669.4,451555.867],[94678.537,451797.766],[94946.582,452158.321],[94894.26,452210.748],[94907.378,452317.353],[94852.033,452355.018],[94627.511,452486.473],[93973.564,452645.882],[94089.851,452931.477],[93841.011,453055.978],[93842.704,453313.936],[94032.326,453274.724],[94122.062,453226.893],[94192.756,453186.584],[94299.829,453123.301],[94368.688,453081.292],[94475.593,452992.59],[94604.435,452885.709],[94711.589,452797.008],[94823.642,452704.802],[94942.853,452605.724],[95158.687,452427.432],[95890.097,453426.293],[96365.361,454077.827],[96243.603,454157.874],[96179.248,454171.986],[96211.426,454318.871],[96221.861,454703.348],[95942.827,454697.861],[95926.095,455018.236],[95622.332,455010.167],[95350.736,455026.21],[95258.549,454967.898],[95061.416,454967.931],[94862.243,454929.665],[94715.992,454987.569],[94598.116,455036.121],[94360.145,455037.735],[94205.699,454889.794],[94161.019,454913.763],[94104.154,454936.489],[93995.678,454979.766],[93933.965,454822.242],[93874.356,454741.469],[93761.218,454587.026],[93562.351,454431.196],[92745.284,454158.221],[92128.411,453992.781],[91968.855,454058.501],[91859.923,453727.963],[91835.026,453651.892],[91828.428,453561.513],[91748.608,453335.034],[92933.544,453003.116],[92868.499,452827.731],[92786.88,452607.991],[93104.512,452563.308],[93030.881,452312.532],[92957.516,452042.337],[92856.801,451980.725],[92762.991,451662.108]]],[[[96229.343,452928.911],[96404.368,452794.716],[95947.591,452167.27],[96169.181,451998.412],[96620.631,451859.244],[97002.141,451797.261],[97134.41,451966.464],[97358.83,452307.848],[97535.938,452587.589],[97843.733,453102.168],[97792.252,453143.038],[97597.209,453297.721],[96543.282,454132.148],[95978.883,453360.815],[96348.183,453064.426],[96229.343,452928.911]]]]}},{"type":"Feature","properties":{"name":"Zwolle","population":130635},"geometry":{"type":"MultiPolygon","coordinates":[[[[204313.599,502131.097],[204493.073,502389.893],[204543.51,502360.747],[204651.746,502252.79],[204814.59,502190.733],[205013.028,501964.412],[205252.776,502059.775],[205077.435,502257.724],[204895.165,502571.001],[204800.697,502754.204],[204591.133,503659.762],[204573.559,503783.379],[204527.423,504107.728],[204460.668,504296.447],[203906.951,504389.769],[204376.042,504723.898],[204246.103,504971.74],[204348.371,504961.862],[204360.589,505153.992],[204391.988,505243.663],[204308.018,505276.87],[204328.979,505328.267],[204326.073,505418.261],[204327.069,505626.469],[204283.618,505635.603],[204234.058,505800.629],[204154.446,505809.624],[204084.32,505853.878],[204054.308,505879.894],[203942.817,505976.426],[203881.322,506132.046],[203811.69,506158.115],[203750.642,506081.506],[203632.823,506026.869],[203528.292,506093.156],[203359.525,506106.513],[203249.311,506116.556],[203165.529,506125.97],[203201.212,506257.738],[202957.744,506265.201],[202877.51,506053.827],[202918.791,505922.2],[202756.785,505899.367],[202779.646,505830.042],[202731.906,505830.802],[202676.636,505820.917],[202684.473,505765.022],[202673.323,505697.369],[202637.606,505651.176],[202585.184,505686.777],[202592.814,505617.08],[202778.467,505121.479],[202101.082,505068.531],[201677.595,505047.072],[201696.715,504324.517],[201780.557,504169.085],[201839.186,503949.874],[201757.723,503872.652],[201961.502,503747.353],[202118.892,503650.548],[202278.503,503482.443],[202532.792,503275.588],[202387.906,503161.299],[201788.452,503023.078],[201753.38,502984.577],[201598.792,502816.696],[201292.023,502326.578],[201377.764,502123.197],[201501.008,502029.612],[201612.619,502157.189],[201844.035,502334.259],[202153.685,502571.567],[202198.033,502591.521],[202258.426,502549.206],[202332.401,502506.632],[202541.769,502386.418],[202763.48,502244.356],[203024.627,502077.431],[202946.174,501919.878],[202348.472,501966.157],[202322.899,501797.663],[202265.907,501633.707],[202193.03,501433.268],[202737.293,501116.442],[202915.03,500910.811],[203153.87,500411.242],[203159.402,500255.623],[203292.712,500072.215],[202926.137,499994.407],[202981.67,499649.831],[203095.692,499678.597],[203128.991,499559.47],[203292.451,499600.798],[203325.773,499521.398],[203468.624,499554.74],[203575.968,499399.682],[203422.614,498893.874],[203472.057,498861.702],[203580.152,498841.961],[203812.654,498798.92],[203847.186,498783.795],[203772.386,498635.336],[204049.915,498490.325],[204145.014,498653.513],[204242.707,498835.422],[204379.375,499063.014],[204622.865,498536.634],[205342.741,498600.647],[205321.859,498622.633],[205186.532,498789.33],[205119.65,498871.38],[204978.275,499086.426],[204814.837,498998.863],[204748.857,499032.912],[204626.864,499052.877],[204542.261,499226.057],[204614.536,499284.816],[204707.601,499340.114],[204786.091,499378.686],[204729.944,499462.019],[204895.181,499605.235],[205000.606,499666.729],[205161.909,499697.86],[205205.131,499746.372],[205232.426,499791.106],[204803.584,500230.729],[204328.845,500709.93],[204143.16,500929.34],[203984.432,501116.922],[203966.135,501249.213],[203875.116,501448.657],[204225.341,501400.801],[204573.442,501412.759],[204633.766,501421.046],[204581.602,501617.031],[204532.88,501808.768],[204787.583,501900.809],[204759.123,501978.636],[204627.083,502066.042],[204474.012,502060.993],[204313.599,502131.097]],[[202616.361,503440.084],[202469.481,503504.649],[202395.098,503590.892],[202309.65,503691.551],[202235.978,503785.538],[202817.656,503957.525],[202616.361,503440.084]]],[[[199641.166,503321.064],[199845.752,503204.086],[200093.264,503518.422],[200240.862,503372.228],[200434.022,503629.554],[200635.609,503898.15],[199998.279,504398.238],[199955.808,504422.496],[199872.841,504470.476],[199565.516,504595.533],[199571.921,504480.589],[199573.505,504306.012],[199538.137,504209.55],[199417.096,504111.033],[199275.924,504023.965],[199284.329,503908.538],[199361.413,503881.136],[199462.384,503708.182],[199471.739,503638.275],[199568.126,503582.454],[199577.447,503467.981],[199628.122,503434.279],[199641.166,503321.064]]],[[[205313.074,503942.571],[205800.209,503879.264],[206014.301,503856.168],[206239.95,503909.705],[206688.084,504077.423],[206753.632,504118.007],[206325.971,504593.175],[205993.572,504525.56],[205403.084,504408.574],[205397.787,504217.013],[205432.671,504058.635],[205313.074,503942.571]]],[[[199155.651,505457.552],[199319.461,505332.675],[199051.675,505297.439],[199113.558,504954.21],[199310.182,504981.128],[199258.113,504746.147],[199513.093,504621.208],[199659.723,505053.508],[199998.129,504744.191],[200116.446,504630.274],[200620.536,504143.372],[200737.717,504030.683],[200883.499,504220.988],[200940.691,504136.564],[201191.277,504111.708],[201370.896,504091.145],[201441.477,504375.565],[201352.959,504571.297],[201205.002,504550.207],[201127.326,504539.517],[200708.303,504966.569],[200740.832,505011.438],[200982.218,504877.102],[201043.685,504857.259],[201205.577,505286.023],[201274.785,505661.062],[201258.161,505664.744],[201162.595,505685.877],[201057.44,505767.289],[200971.44,505850.497],[201102.608,506304.063],[200784.99,506392.225],[200668.119,506444.549],[200492.762,506435.688],[200322.462,506386.152],[200267.034,506371.453],[200185.16,506550.688],[200295.896,506868.232],[200118.803,506909.609],[199945.593,506868.072],[199922.678,506777.729],[199710.811,506641.262],[199560.498,506587.04],[199762.614,506156.906],[199999.923,505670.075],[200104.819,505445.26],[199913.347,505354.484],[199802.209,505606.008],[199595.588,506073.766],[199312.194,505930.881],[199187.198,506196.76],[199414.465,506303.187],[199569.119,506362.397],[199344.526,506876.681],[199214.484,506790.216],[198959.277,506620.565],[198850.516,506508.373],[198819.503,506365.163],[198812.23,505933.517],[198808.447,505703.644],[198899.606,505639.028],[199155.651,505457.552]]]]}}]}
