{"type":"FeatureCollection","crs":{"type":"name","properties":{"name":"EPSG:28992"}},"features":[{"type":"Feature","properties":{"name":"Zeeland"},"geometry":{"type":"Polygon","coordinates":[[[14250.737,377577.731],[14303.199,377470.87],[14344.979,377385.788],[14371.852,377330.948],[14853.284,376349.61],[14819.678,376182.354],[14749.593,375833.619],[14758.744,375198.197],[15061.605,374801.055],[15397.184,374361.128],[15500.272,373575.763],[13561.011,371494.041],[13597.861,371452.111],[14413.27,370525.31],[14489.674,370438.495],[14499.99,370426.801],[14841.182,370039.116],[14350.409,369772.057],[14163.719,369763.197],[14069.08,369691.91],[14050.718,369622.295],[14039.178,369578.538],[14147.572,369193.811],[14351.356,368879.912],[14505.014,368744.048],[14689.819,368669.328],[14975.886,368454.643],[15052.398,368262.373],[15000.15,368080.768],[15056.302,367913.156],[15104.363,367769.753],[14937.644,367586.12],[14679.24,367509.589],[14630.09,367401.809],[14669.17,367216.465],[14873.513,366974.367],[14993.87,366923.473],[15006.658,366921.341],[15407.401,366855.242],[15515.349,366760.122],[15557.689,366562.398],[15943.956,365894.579],[16111.079,365749.441],[16476.783,365614.653],[16585.077,365489.44],[16739.492,365019.048],[16832.885,364925.634],[17022.567,364911.199],[17164.306,364979.431],[17376.7,365238.312],[17438.131,365270.99],[17492.752,365237.682],[17536.604,365038.211],[17542.085,365034.279],[17756.582,364879.459],[17996.913,364639.475],[18135.502,363716.887],[18163.147,363532.773],[18511.767,363623.595],[19580.613,363170.959],[19674.122,363169.533],[20384.106,363158.964],[21484.597,363228.957],[21959.593,363268.232],[23779.824,363419.202],[25189.643,363536.573],[24808.503,365831.637],[24726.926,366323.38],[24496.374,367713.059],[24431.367,368105.218],[24612.937,368134.12],[24836.266,368168.081],[25399.666,368253.705],[25688.218,367670.232],[26013.256,367669.999],[26126.227,367864.579],[26298.187,368160.843],[26406.541,368493.944],[26867.919,368472.958],[26974.591,368353.913],[27129.608,368318.63],[27258.194,368364.65],[27310.281,368439.414],[27420.189,368485.239],[27548.358,368945.411],[27746.761,368989.639],[27990.494,368844.318],[28000.126,368764.723],[28387.203,368536.382],[28351.084,368442.178],[28480.219,368256.886],[28642.514,368157.307],[28671.252,368096.272],[28781.841,368175.442],[28914.032,368176.005],[29065.742,367961.289],[29209.911,368178.033],[29123.332,368378.056],[29182.253,368549.775],[29417.657,368587.7],[29491.012,368636.419],[29201.503,368953.079],[29039.242,369226.706],[29384.027,369604.1],[29698.204,370073.531],[29821.195,370001.333],[29756.839,369890.787],[31247.309,369144.481],[31361.398,369109.043],[31419.329,369045.2],[31656.201,368895.105],[31694.491,368715.885],[31841.182,368545.058],[32135.363,368606.727],[32246.118,368530.712],[32515.622,368345.761],[32606.796,368334.275],[33178.753,367999.975],[33351.7,368066.342],[33440.571,368215.354],[34377.738,368205.801],[35675.796,367365.176],[35754.306,367093.735],[36023.541,367150.26],[36137.742,367137.465],[36249.437,367124.954],[36387.343,367109.553],[36574.293,367088.619],[36821.51,366578.954],[36855.813,366566.696],[37528.894,366326.542],[38124.9,366114.011],[38151.212,366104.616],[38249.632,366085.943],[38573.255,366024.504],[38617.712,366138.561],[38948.017,366217.16],[40845.839,365719.938],[40866.834,365714.459],[40915.047,365839.467],[41143.388,365729.915],[41361.307,365346.785],[41413.142,365318.475],[41435.006,365295.508],[41436.458,365247.9],[41422.927,365217.209],[41604.073,364873.972],[41751.056,364811.442],[42093.624,364665.677],[42323.759,364861.009],[42413.096,365061.519],[42709.69,364912.749],[43244.641,364455.233],[43890.682,364178.361],[43443.66,363055.522],[43433.332,362425.707],[43357.359,360887.574],[43356.598,360871.955],[43394.714,359987.24],[43390.261,359711.851],[43451.416,359615.922],[43458.994,359553.325],[43802.082,359422.421],[43898.021,359385.833],[43987.973,359242.71],[44040.672,359158.935],[44133.843,359113.676],[44263.434,359050.712],[44315.797,359025.26],[44425.787,359039.847],[44348.302,359395.967],[44407.799,359403.134],[44527.389,359417.57],[44529.958,359389.359],[44534.908,359335.502],[44791.529,359349.872],[45075.337,359198.746],[45565.905,358937.534],[45783.535,358899.597],[45843.392,358889.136],[45891.656,358987.034],[46015.964,358953.83],[46511.433,359227.266],[46652.422,359411.893],[46815.581,359370.26],[47028.787,359231.147],[47062.225,359214.304],[47291.44,359313.064],[47570.878,359176.805],[47758.233,359351.193],[48033.02,359084.357],[48239.114,359062.625],[48250.751,359070.95],[48832.67,359486.686],[49071.009,359657.001],[49226.866,359768.387],[50109.233,360249.263],[50274.605,360339.397],[50316.512,360362.239],[50425.021,360186.082],[50629.515,359854.116],[50422.984,359401.538],[50367.006,359301.254],[50246.57,359248.084],[50109.282,359128.329],[49871.023,358920.519],[49516.747,358709.608],[49652.854,358505.155],[49962.568,358218.176],[50098.563,357843.479],[50239.039,357944.919],[50564.15,358106.457],[50591.886,358168.763],[50690.998,358191.774],[51054.533,358000.133],[51109.104,358063.953],[51873.487,358357.475],[52074.751,358629.775],[52196.005,358711.792],[52279.859,358712.218],[52368.849,358676.042],[52225.99,359409.078],[52402.566,359445.418],[52489.383,359670.35],[52620.144,359665.276],[52652.477,359664.015],[52876.99,359655.343],[53160.358,360002.434],[53416.422,359348.739],[53599.793,359064.502],[54107.297,359239.498],[54073.248,359371.369],[54354.019,359445.165],[54393.403,359448.783],[54596.484,359467.54],[54812.15,359561.392],[55179.925,359489.754],[55204.746,359484.928],[55338.974,359764.395],[55399.311,359826.645],[55415.528,359968.263],[55549.995,360024.618],[55576.339,360304.191],[55630.972,360371.84],[56478.201,360509.083],[56540.13,360479.455],[56629.109,360502.776],[56677.37,360550.641],[56790.478,360860.095],[57124.756,361431.365],[57180.418,361459.675],[57306.617,361381.198],[57609.245,361713.748],[58111.157,361871.938],[58105.943,361944.924],[58152.056,362042.973],[58312.492,362151.038],[58444.726,362240.114],[58531.677,362298.669],[58578.194,362330.003],[58783.358,362468.284],[59184.174,362656.806],[59218.629,362587.39],[59607.453,362673.907],[59785.409,362438.403],[59846.649,362248.759],[59855.809,362238.073],[59946.933,362275.987],[59979.417,362302.533],[60009.645,362322.334],[60081.915,362356.93],[60339.529,362403.495],[60410.411,362444.353],[60566.844,362562.244],[60576.07,362587.11],[60582.632,362617.144],[60611.161,362639.705],[60666.619,362670.114],[60692.416,362688.554],[60717.669,362636.01],[60916.426,362223.013],[61930.763,362351.227],[62184.432,362408.584],[62381.098,362513.667],[62455.622,362540.8],[62566.027,362748.049],[62616.383,362842.61],[62655.648,362864.766],[63119.999,363126.828],[63109.365,363156.73],[63089.328,363213.118],[63293.628,363304.856],[63539.828,363399.078],[63651.429,363520.702],[63848.633,363654.206],[64457.567,364066.47],[64472.544,364123.51],[64492.304,364121.601],[64525.933,364118.334],[64522.165,364204.971],[64632.231,364175.423],[69789.392,367752.385],[69803.545,367762.218],[72726.94,371387.62],[74508.378,373600.172],[74698.052,373835.899],[74717.917,373860.565],[74781.069,373939.237],[74818.242,373985.605],[75231.619,374488.154],[74778.466,374771.956],[74175.96,375149.302],[73858.5,375683.056],[73716.401,376109.486],[73562.619,376730.884],[75258.19,376790.885],[75380.731,376796.028],[75731.73,376810.623],[75784.516,376812.86],[76913.835,376860.077],[77071.526,376866.668],[77282.906,376875.558],[77292.557,376875.967],[77882.027,376900.754],[77865.002,376955.867],[77752.441,376951.625],[77698.27,377000.016],[77501.537,377694.877],[77111.496,377751.749],[76975.313,378078.13],[77133.295,378258.241],[77190.315,379565.937],[77022.918,380486.637],[76865.049,381149.945],[76837.101,381404.179],[77045.994,381810.99],[77705.171,382372.658],[77009.936,383997.475],[74662.549,389493.582],[73894.422,391291.94],[73888.59,391755.53],[73941.978,392151.576],[74047.708,392536.993],[75075.035,395355.201],[75149.896,395747.913],[75164.242,396326.678],[75058.18,396936.611],[74924.032,397313.102],[74741.193,397668.284],[74512.981,397996.657],[72646.397,400345.132],[72431.862,400682.228],[72264.394,401045.378],[72107.622,401623.558],[72068.869,402021.045],[72083.44,402420.661],[72151.407,402814.726],[72345.165,403381.593],[72619.231,403914.497],[72858.812,404234.445],[73292.72,404647.225],[73624.193,404870.639],[73982.039,405047.807],[74731.001,405324.076],[75452.97,405676.822],[75777.736,407098.7],[73045.606,408660.368],[72433.965,409074.833],[69813.28,411241.752],[69572.011,411441.072],[67585.43,411532.935],[66685.582,411703.152],[66544.203,411769.73],[65866.336,412088.591],[64180.993,412366.207],[63279.177,412413.555],[62398.753,412583.744],[61878.348,413520.911],[61665.138,414451.925],[61665.431,415502.947],[61589.557,416585.986],[60999.98,417499.897],[60500.027,417999.962],[60151.057,419819.623],[59012.153,420068.779],[57479.87,420403.941],[56424.496,421351.701],[55143.981,421562.521],[53833.859,421248.728],[52689.077,420591.814],[51982.538,419802.671],[51350.409,418919.498],[50637.08,418748.755],[48685.063,419425.193],[48120.358,419981.873],[47250.023,420840.195],[43662.616,422663.327],[37445.028,417475.672],[32096.028,408317.589],[29183.041,403329.87],[23205.395,400019.588],[21021.42,404838.885],[16428.339,402303.705],[10425.888,384760.035],[13359.021,378580.304],[14078.057,377906.479],[14250.737,377577.731]]]}},{"type":"Feature","properties":{"name":"Noord-Brabant"},"geometry":{"type":"Polygon","coordinates":[[[75164.242,396326.678],[75149.896,395747.913],[75075.035,395355.201],[74047.708,392536.993],[73941.978,392151.576],[73888.59,391755.53],[73894.422,391291.94],[74662.549,389493.582],[77009.936,383997.475],[77705.171,382372.658],[77045.994,381810.99],[76837.101,381404.179],[76865.049,381149.945],[77022.918,380486.637],[77190.315,379565.937],[77133.295,378258.241],[76975.313,378078.13],[77111.496,377751.749],[77501.537,377694.877],[77698.27,377000.016],[77752.441,376951.625],[77865.002,376955.867],[77882.027,376900.754],[79407.957,376965.831],[80091.089,376995.157],[80105.721,376995.775],[81703.784,377022.148],[81765.503,376700.311],[82125.1,374825.486],[82133.866,374783.413],[82149.917,374785.408],[82825.204,374869.015],[83191.378,374816.875],[83897.465,374716.379],[83986.845,374659.108],[84017.581,374587.802],[84121.48,374657.228],[84444.445,374561.943],[84779.877,374463.001],[85119.319,374495.264],[85156.414,374378.482],[85446.552,374442.598],[85529.148,374460.828],[85847.087,374531.096],[85872.661,374536.756],[87629.105,375485.949],[87686.945,375517.06],[87778.291,375561.691],[87785.857,375559.755],[88202.882,375453.284],[88237.418,375444.486],[88411.731,375400.029],[88421.727,375397.451],[88418.751,375417.461],[88379.755,375681.055],[88286.094,375859.916],[88240.948,375946.126],[88207.658,376009.706],[87988.756,376222.709],[88455.219,376627.029],[88198.78,376975.924],[88114.471,377090.633],[88009.646,377233.264],[87942.411,377324.776],[87833.799,377472.578],[87826.14,377483.027],[85716.861,380355.789],[85681.08,380451.464],[85652.046,380529.079],[85527.731,380861.514],[85524.744,380869.51],[85180.651,381789.778],[85227.969,381831.185],[85599.975,382156.651],[85681.131,382155.096],[85742.387,382501.851],[86005.021,382442.306],[86018.549,382513.832],[85964.582,382568.085],[85975.914,382644.258],[85945.244,382733.854],[85974.65,382965.163],[85819.525,382950.309],[85843.491,383096.017],[86159.996,382957.137],[86282.619,383368.043],[86039.699,383398.49],[86039.897,383497.401],[86040.69,383875.079],[86165.132,383988.047],[86102.094,384184.618],[85817.694,384598.891],[85451.488,384484.626],[84945.881,384656.26],[84979.511,384772.958],[85092.82,384834.648],[85183.861,385048.97],[85330.316,384943.423],[85767.53,385171.256],[88103.716,386389.709],[88384.659,386536.325],[89363.562,387056.887],[89749.933,387091.671],[90364.084,387158.787],[90865.157,387305.403],[90941.833,387318.785],[91084.796,387483.372],[91415.997,387884.532],[91601.199,388012.442],[91672.579,388061.729],[91806.458,388089.318],[91982.157,388058.033],[92442.162,387976.225],[93118.839,388072.662],[93367.998,388108.231],[94327.016,388251.189],[94592.773,388290.791],[94922.728,388340.048],[95845.728,388467.588],[95977.551,388485.798],[96026.154,388492.519],[96711.806,387465.539],[96243.905,386543.141],[95626.937,385272.835],[95416.929,384840.659],[95537.77,383790.214],[95570.646,383504.388],[95660.968,382719.495],[95756.185,381892.435],[95758.113,381875.835],[96155.801,382029.695],[98531.214,382949.391],[99032.956,382846.64],[99043.714,382781.601],[99432.672,382783.273],[100474.838,382519.395],[101877.885,382262.674],[101930.054,382253.115],[102215.307,382194.563],[102511.253,382076.504],[102613.742,382046.127],[102802.818,381872.727],[102980.791,381748.124],[103116.954,381697.107],[103137.326,381689.445],[103149.93,381755.403],[103266.263,381789.039],[103497.034,381841.262],[103508.293,381843.818],[103498.852,381873.063],[103485.871,381913.248],[103538.085,381921.229],[103602.977,381931.141],[103638.669,381973.224],[103615.148,382016.798],[103683.14,382106.229],[103775.428,382194.692],[103859.087,382231.23],[103865.536,382225.88],[103893.573,382202.456],[103976.6,382117.564],[104122.49,382023.976],[104214.381,382021.33],[104633.132,382118.621],[104744.849,382148.053],[105088.325,382164.187],[105058.368,382459.427],[105037.67,382663.345],[104981.386,383218.189],[104964.336,383386.024],[104884.503,384173.243],[104946.878,384205.949],[105028.157,384248.593],[105171.98,384324.057],[105688.256,384594.985],[106301.07,384916.66],[106724.397,384965.625],[106839.898,385188.99],[107173.101,385833.469],[107201.949,385889.271],[107198.82,385984.815],[107245.432,386104.09],[107303.859,386172.019],[107324.693,386196.244],[107383.082,386300.945],[107484.1,386446.023],[107499.602,386483.65],[107478.329,386508.66],[107430.833,386564.512],[107446.945,386600.409],[107463.872,386638.022],[107520.252,386666.365],[107576.539,386673.792],[107637.418,386681.79],[107691.749,386702.978],[107748.66,386695.271],[108407.91,386861.059],[108362.177,387056.237],[108379.427,387122.277],[108531.979,387224.456],[108545.759,387283.742],[108690.031,387385.557],[108867.663,387725.553],[109302.595,388558.602],[109396.377,388601.592],[109630.493,388708.8],[109682.212,388732.536],[109698.637,388740.065],[110507.42,389128.025],[110522.241,389249.722],[110729.462,389679.083],[110749.22,389794.34],[110687.293,389931.561],[110910.37,390248.755],[111130.835,390339.795],[111332.997,390314.293],[111446.926,390570.093],[111847.477,390656.613],[112402.806,390861.572],[112899.294,390733.922],[112863.849,390675.641],[112919.187,390642.082],[112895.049,390561.677],[112943.928,390552.759],[112965.269,390505.465],[113010.106,390452.914],[113004.705,390350.213],[113057.717,390236.459],[113151.346,390214.1],[113185.556,390240.519],[113212.492,390227.112],[113236.879,390190.864],[113299.362,390147.014],[113330.102,390135.747],[113445.402,390155.938],[113650.092,390102.138],[113682.706,390103.541],[113739.234,390137.903],[113805.321,390224.812],[113981.824,390210.195],[114056.388,390242.745],[114118.531,390229.059],[114346.412,390088.042],[114360.019,390039.926],[114377.741,390007.13],[114416.411,389988.574],[114440.135,390011.302],[114472.797,390022.945],[114533.769,390014.503],[114567.759,390009.781],[114620.425,389995.898],[114650.478,389972.128],[114719.316,389917.788],[114798.596,389884.059],[115262.068,389706.84],[115275.514,389694.496],[115344.155,389631.488],[115381.43,389589.197],[115435.735,389504.218],[115447.125,389486.439],[115465.385,389218.893],[115456.411,389190.426],[115438.214,389132.548],[115426.161,389056.655],[115442.571,389023.428],[115511.677,388947.345],[115615.807,388743.659],[115646.416,388651.357],[115657.961,388559.259],[115678.042,388398.95],[115712.55,388365.584],[115866.99,388323.057],[116286.341,388207.577],[116342.454,388218.997],[116408.414,388214.656],[116503.839,388243.635],[116696.949,388260.917],[116744.965,388244.478],[116770.966,388251.791],[116811.832,388245.142],[117085.0,388104.743],[116990.112,387762.954],[116987.826,387717.468],[116962.882,387222.012],[116943.975,387174.703],[116784.601,386776.051],[116742.359,386146.218],[116721.196,385989.675],[116719.135,385974.449],[116786.01,385967.602],[116902.364,385955.656],[117042.786,385881.564],[117241.939,385718.812],[117186.293,385605.523],[117093.59,385500.523],[116999.606,385429.078],[116907.4,385391.053],[116822.058,385383.295],[116727.021,385426.456],[116627.501,385597.819],[116614.111,385610.214],[116345.762,385140.975],[116296.799,385055.292],[116180.128,384851.363],[116158.11,384812.871],[115814.634,384596.062],[115861.087,384188.286],[115974.957,383188.779],[115912.151,383132.801],[115977.404,382756.7],[116002.952,382597.297],[116108.544,381938.188],[116142.864,381724.148],[116186.233,381637.927],[116244.638,381498.245],[116516.89,381415.346],[116540.791,381457.609],[116554.787,381482.424],[116610.87,381475.658],[116760.252,381457.563],[116787.924,381478.994],[116982.08,381629.51],[117046.942,381624.797],[116977.992,381483.073],[116897.06,381376.709],[116912.961,381326.525],[116696.196,381053.189],[116636.84,381078.67],[116701.177,381224.651],[116617.442,381268.506],[116552.753,381195.623],[116456.337,381264.22],[116490.853,381320.865],[116241.791,381435.185],[115999.754,381489.274],[116025.949,381603.22],[115857.315,381699.085],[115674.903,381649.708],[115597.344,381689.694],[115589.425,381771.695],[115550.002,381800.483],[115334.38,381920.54],[115292.506,381991.236],[115164.588,381994.408],[115064.863,382057.996],[114896.789,382062.27],[114832.39,382036.634],[114736.692,382085.678],[114717.776,382129.663],[114696.436,382179.341],[114628.407,382187.058],[114585.522,382234.126],[114620.055,382291.148],[114557.276,382320.297],[114459.668,382242.418],[114267.615,382299.751],[114254.91,382367.496],[114185.601,382379.846],[114054.767,382326.385],[113970.01,382389.373],[113911.239,382294.614],[113844.351,382348.225],[113698.181,382346.575],[113567.967,382459.116],[113481.632,382455.816],[113452.274,382454.666],[113307.921,382720.25],[113219.757,382726.482],[113213.827,382770.644],[112431.463,382699.547],[112198.579,382602.933],[112095.464,382560.136],[112036.55,382505.73],[111905.447,382603.078],[111848.759,382565.399],[111841.451,382560.566],[111972.083,382411.819],[111983.202,382238.554],[112080.277,382121.414],[112046.233,382006.719],[112084.156,381934.637],[112051.469,381799.515],[112095.281,381777.95],[112122.882,381747.566],[112084.35,381669.846],[111998.388,381556.369],[112014.021,381468.01],[111969.796,381367.364],[112001.312,381351.41],[112003.839,381321.238],[111990.589,381276.347],[112018.519,381251.801],[112043.797,381246.692],[112073.578,381231.087],[112045.079,381192.666],[112060.43,381136.574],[112079.8,381107.262],[112107.928,381064.746],[112163.141,381053.822],[112188.552,381010.718],[112207.386,380926.116],[112176.117,380839.767],[112184.315,380801.314],[112231.373,380784.118],[112280.101,380696.65],[112482.398,380715.367],[112614.717,380689.673],[112798.677,380498.838],[112985.586,380385.253],[113189.046,380311.869],[113273.97,380198.245],[113402.855,380171.765],[113508.079,380276.542],[113613.03,380322.802],[113664.31,380207.791],[114155.487,380371.032],[114217.725,380380.1],[114468.313,380416.532],[115035.265,380498.983],[115638.034,380586.782],[116044.093,380645.952],[116141.358,380660.115],[116821.237,380743.236],[116914.665,380756.608],[117328.466,380574.232],[117361.335,380559.747],[117400.624,380604.014],[117530.24,380557.608],[117633.208,380718.446],[117763.8,380691.286],[117818.725,380624.742],[117941.284,380635.583],[118013.688,380547.164],[118091.301,380533.582],[118241.352,380560.084],[118313.807,380598.11],[118302.939,380384.357],[118301.245,380352.105],[118369.436,380285.805],[118660.345,380239.157],[118835.606,380126.762],[118871.546,380161.44],[118892.773,380181.926],[118894.042,380272.312],[118769.902,380381.836],[118822.341,380457.115],[118879.979,380539.812],[119054.294,380564.831],[119186.435,380622.472],[119297.393,380670.921],[119274.379,380756.804],[119538.38,380804.961],[119576.378,380811.872],[119609.924,380679.301],[119702.124,380707.14],[119810.147,380829.882],[119887.581,380805.593],[119914.602,380804.627],[119930.563,380804.016],[119950.251,380924.87],[120133.549,380938.737],[120133.677,380790.323],[120348.418,380844.034],[120482.052,380787.107],[120504.378,380765.873],[120731.833,380549.778],[120849.837,380535.91],[120860.776,380502.126],[120894.001,380399.382],[121000.384,380431.322],[120975.662,380484.889],[120927.695,380588.844],[121021.814,380649.737],[121102.295,380726.075],[121162.607,380694.188],[121203.855,380672.33],[121234.393,380656.162],[121321.744,380609.967],[121284.295,380528.499],[121267.106,380491.121],[121171.054,380489.925],[121142.98,380489.611],[121141.826,380426.148],[121102.873,380271.097],[121292.916,380244.744],[121361.907,380424.24],[121381.588,380475.453],[121447.918,380411.377],[121435.542,380370.462],[121369.251,380204.353],[121508.637,380203.042],[121513.573,380033.681],[121570.942,380086.76],[121774.222,379939.405],[121697.564,379634.793],[121843.356,379418.673],[121825.648,379355.096],[122338.266,379139.166],[122205.355,378951.615],[122362.395,378903.487],[122410.96,378901.84],[122701.71,378921.955],[122778.483,378731.89],[122346.884,378731.699],[122197.276,378600.661],[122074.299,378536.596],[122543.641,378384.939],[123016.487,378575.131],[122847.669,378727.669],[122808.241,378891.963],[122793.087,378955.028],[123010.371,379045.773],[123037.443,379057.062],[123038.671,379047.597],[123049.23,378967.206],[123091.172,378648.033],[123248.239,378835.123],[123439.648,379063.057],[123622.909,379281.369],[124342.444,380138.743],[125290.497,381268.948],[125560.312,381590.734],[125708.729,381726.55],[127011.145,382806.922],[127430.81,383145.226],[127515.177,383213.245],[127847.803,383494.871],[127860.899,383505.926],[127923.177,383554.044],[127972.223,383591.942],[128178.027,383808.962],[128194.038,383825.843],[128246.975,383851.041],[128346.575,383898.466],[128381.652,383931.936],[128449.707,383996.829],[128402.753,384011.705],[128442.56,384596.522],[128450.986,384652.494],[128459.151,384678.373],[128470.637,384714.804],[128529.868,384789.201],[128614.414,384792.988],[128644.118,384890.847],[128729.569,384908.705],[128809.817,385042.795],[128823.205,385091.511],[128849.113,385276.447],[128769.469,385405.856],[128801.151,385491.024],[128810.536,385531.694],[128836.912,385646.149],[128711.231,385982.896],[128639.807,385992.946],[128609.555,386142.183],[128601.498,386216.486],[128646.609,386459.006],[128860.502,387086.424],[129005.164,387215.958],[129240.853,387404.052],[129235.902,387454.976],[129274.072,387494.722],[129390.741,387663.847],[129521.967,387897.43],[129577.917,388048.286],[129897.567,388314.034],[130062.461,388410.455],[130151.611,388487.561],[130229.842,388555.209],[130336.115,388583.505],[130368.106,388620.285],[130396.08,388652.413],[130403.925,388765.964],[130445.829,388763.258],[130457.841,388762.476],[130559.876,388755.864],[130772.176,388742.161],[130800.158,388740.358],[130902.434,388667.389],[130882.663,388475.683],[130793.443,388141.793],[130825.603,387922.915],[130719.452,387871.635],[130855.654,387705.55],[131106.6,387399.582],[131121.786,387356.623],[131145.363,387317.462],[131237.362,387164.668],[131280.97,387070.288],[131276.362,386946.819],[131388.272,386948.966],[131435.663,386949.858],[131472.94,386949.963],[131553.366,386950.202],[133527.878,386955.301],[133541.392,386955.355],[133568.102,386945.786],[133626.274,386924.903],[133980.298,385965.481],[134410.393,384800.514],[134614.867,384292.6],[135328.403,382520.815],[135321.434,382508.159],[135243.764,382367.56],[135178.312,382248.998],[135170.782,382235.399],[134750.668,381585.176],[134666.587,381431.928],[134579.629,381273.409],[134449.497,381036.189],[134215.375,380609.544],[133925.343,380047.971],[133399.189,379029.554],[133131.755,378545.25],[132995.88,378299.191],[133219.8,378043.625],[133534.767,377684.275],[133667.431,377532.858],[133748.211,377440.737],[133979.24,377177.221],[134046.831,377100.122],[134119.968,377016.66],[134953.886,376065.881],[135013.674,375997.67],[135691.834,375224.798],[135726.54,375185.283],[135930.763,374952.609],[135941.894,374939.94],[136130.115,374725.524],[136176.092,374671.452],[136212.355,374551.778],[136252.025,374420.8],[136332.405,374155.503],[136353.189,374086.84],[136444.987,373959.844],[136705.399,373599.614],[136800.38,373510.495],[136911.439,373406.301],[136999.553,373323.607],[137212.152,373146.692],[137218.72,373002.766],[137305.463,371101.233],[137336.516,370198.822],[137339.113,370123.329],[137379.762,369612.212],[139354.054,369034.545],[140060.061,369637.631],[140226.297,369707.067],[140300.146,369737.948],[140648.073,369875.686],[140684.154,369889.213],[141285.387,370114.177],[141680.201,370141.554],[141714.949,370153.757],[141967.878,370391.514],[142532.652,370008.177],[142543.3,370000.92],[142888.102,369766.963],[143053.137,369654.989],[143512.99,369343.041],[143993.716,369017.018],[144006.318,369008.48],[144782.988,368513.635],[144811.862,368498.614],[144861.008,368472.762],[144864.515,368465.524],[144875.696,368442.584],[144481.992,366997.902],[144475.666,366974.608],[144345.693,366497.891],[144273.148,366235.325],[144143.889,365767.511],[144062.005,365471.259],[144024.207,365334.447],[143939.32,365027.412],[143930.387,364995.057],[143753.23,364354.252],[143748.094,364335.74],[143837.016,364259.617],[143907.723,364199.053],[144509.843,363648.481],[144566.031,363597.136],[144593.204,363572.939],[144868.13,363668.061],[146014.557,364064.915],[146345.402,364179.488],[146642.596,364104.456],[146852.591,364051.495],[147381.468,363918.069],[147645.481,363851.488],[148200.496,363711.546],[148227.184,363703.89],[148632.118,363587.447],[149039.872,363658.155],[149417.351,363723.645],[149521.288,363762.971],[149688.778,363770.86],[149806.139,363800.777],[149862.969,363815.238],[149952.586,363812.256],[150049.985,363808.991],[150708.647,363787.036],[150867.782,363781.788],[151354.995,363765.621],[151480.219,363774.434],[151583.101,363825.317],[151719.02,363916.453],[151808.897,364052.177],[151864.194,364027.112],[151895.454,364071.204],[151908.062,364146.346],[151916.392,364187.058],[151917.641,364289.352],[151922.83,364388.64],[151976.85,364511.706],[152042.2,364619.469],[152092.379,364746.322],[152126.794,364829.072],[152127.705,364896.545],[152084.005,364930.056],[152093.028,365028.062],[152096.96,365070.947],[152128.657,365162.21],[152250.96,365125.82],[153171.777,364851.902],[153803.345,364679.947],[154551.114,364476.464],[154892.971,364391.563],[155022.535,364343.614],[155168.886,364312.189],[155614.934,364177.168],[155675.342,364158.875],[156065.996,364040.685],[156091.159,364033.07],[156309.706,363951.965],[157106.263,363656.533],[157222.759,363817.006],[157247.898,363868.804],[157785.943,364601.933],[157890.646,364744.614],[158229.631,365230.315],[158271.289,365229.341],[158356.733,365227.339],[158416.848,365225.988],[158466.814,365218.179],[158520.11,365188.512],[158565.705,365196.165],[158638.099,365343.901],[158684.02,365429.708],[158726.363,365492.095],[158766.147,365616.057],[158768.946,365698.829],[158814.447,365871.969],[160414.34,366150.55],[160722.537,366514.732],[160743.646,366539.676],[160774.207,366565.576],[161215.658,366869.144],[161269.305,366921.386],[161272.631,367165.863],[161297.991,367302.12],[161431.782,367513.608],[161700.357,367712.982],[161695.977,367888.251],[161775.185,367875.118],[161812.331,367868.993],[161985.434,367840.693],[162153.165,367790.419],[162239.74,367773.465],[162527.026,367717.145],[162801.465,367650.865],[163464.412,367490.892],[163552.643,367469.624],[163795.291,367411.076],[163891.833,367385.379],[163940.911,367359.933],[163967.335,367346.24],[163998.175,367260.855],[164201.96,366696.68],[164387.057,366416.723],[164776.354,365985.695],[165145.866,365572.067],[165741.638,364905.455],[165900.52,364764.45],[165998.327,364762.936],[166001.204,364658.534],[166474.753,364357.035],[166519.343,364328.6],[166799.582,364150.241],[166854.253,363885.146],[166832.521,363730.569],[166914.115,363730.759],[166896.097,363420.94],[166838.885,363439.886],[166828.1,363199.225],[166825.91,363149.992],[166889.748,363120.492],[166792.988,362851.597],[166814.983,362683.993],[166821.925,362429.802],[166834.15,362336.491],[166753.433,361991.038],[166751.29,361981.91],[166732.164,361751.855],[166838.497,360959.274],[167074.192,359306.476],[167077.495,359283.288],[167083.533,359241.139],[167511.26,359066.896],[169481.415,359647.617],[169477.54,359449.802],[171160.942,360020.186],[171504.559,362237.019],[171634.799,364872.478],[171664.198,364962.131],[172088.663,365634.048],[172913.125,366836.612],[173603.867,367843.629],[174858.566,369567.584],[181709.01,371692.421],[186563.666,373176.852],[188658.4,373813.323],[188927.056,373891.931],[190430.628,375205.093],[192868.815,377412.124],[191723.953,379518.549],[190867.213,380963.901],[188900.155,384265.355],[188672.817,384684.436],[187898.678,389295.461],[187312.074,390673.183],[186261.447,397600.083],[188543.237,397192.409],[189941.548,396931.21],[190998.639,396031.624],[192109.003,396123.271],[193010.348,396216.142],[195853.031,397126.167],[196602.846,397515.57],[197027.908,397698.159],[197380.319,397925.177],[197779.675,398102.607],[198728.367,397368.814],[199701.87,396139.764],[199855.189,396491.251],[199762.143,396632.613],[199845.386,396661.778],[199880.996,396708.822],[200079.659,396782.242],[200269.151,396617.217],[200346.797,396612.796],[200576.436,396707.819],[200468.422,396826.948],[200594.089,396872.64],[200708.1,396731.094],[200808.048,396825.345],[200614.185,397016.344],[200348.179,397381.433],[200121.465,397978.247],[200087.504,398574.231],[200222.133,399301.616],[200173.18,399655.59],[199903.49,400145.889],[199386.709,400741.442],[199255.528,401010.257],[199166.041,401310.37],[199103.839,401831.014],[199127.007,402674.942],[199099.723,403212.414],[198962.51,403641.618],[198763.411,403947.125],[198168.57,404492.501],[197890.69,404822.012],[197538.937,405122.876],[197178.965,405496.737],[196151.52,406143.995],[195815.735,406309.319],[195519.376,406480.933],[195229.359,406775.277],[195047.924,407074.728],[194943.811,407374.408],[194879.812,407735.098],[194855.356,408132.15],[194939.914,409374.623],[194912.853,410078.504],[194808.448,410672.739],[194347.164,412479.666],[194328.005,413289.697],[194270.246,413551.536],[194200.085,413654.124],[193981.715,413848.964],[193683.604,414012.602],[193332.515,414161.391],[192788.938,414329.168],[192381.807,414405.062],[191775.528,414447.317],[190948.231,414546.581],[190439.312,414702.509],[189963.92,414950.453],[189763.624,415106.937],[189544.837,415336.731],[189406.436,415660.485],[189298.269,416668.569],[189066.524,417447.071],[188992.505,417903.614],[188846.518,418195.067],[188647.477,418410.179],[188301.363,418690.13],[187999.581,418854.466],[187769.608,418941.686],[187374.611,419032.077],[186850.24,419057.982],[184270.719,418751.111],[183432.339,418578.682],[182846.129,418390.32],[182293.587,418262.955],[181666.029,418226.037],[181279.649,418264.774],[180886.956,418350.569],[180332.076,418567.133],[179999.992,418753.934],[179712.32,419005.449],[179357.359,419528.283],[178968.543,420217.753],[178821.041,420391.443],[178642.095,420524.325],[178422.258,420636.608],[178098.592,420734.402],[177355.878,420753.119],[177025.091,420875.983],[176801.326,421046.45],[176638.407,421249.509],[176407.224,421782.821],[176253.237,422044.896],[176084.329,422233.039],[175884.338,422391.353],[175677.851,422513.545],[175364.82,422617.956],[174437.2,422723.804],[174152.43,422844.922],[173820.382,423113.57],[173514.773,423470.619],[173287.113,423837.316],[173115.355,424212.736],[172819.409,425143.275],[172711.352,425319.399],[172557.554,425475.895],[172324.486,425618.549],[172056.372,425690.223],[171779.55,425698.189],[171295.581,425640.575],[170971.234,425708.287],[170116.65,426315.096],[169523.095,426629.919],[169158.873,426764.665],[168852.96,426809.258],[168619.758,426784.866],[167917.611,426608.559],[166941.142,426592.954],[166732.238,426546.234],[166533.191,426438.8],[166374.548,426279.286],[166292.479,426139.475],[166136.475,425715.576],[165952.449,425480.923],[165643.38,425316.823],[165439.555,425299.873],[165231.153,425345.67],[164750.528,425535.682],[164162.331,425582.969],[163947.422,425656.844],[163752.399,425796.571],[163349.852,426378.195],[163160.506,426572.692],[162787.17,426803.787],[162462.321,426899.64],[162095.287,426881.695],[161719.181,426713.125],[161597.149,426596.256],[161408.359,426280.212],[161237.043,425530.969],[161174.948,425367.068],[161007.688,425121.102],[160689.229,424866.122],[160328.792,424723.541],[160079.935,424665.152],[159621.233,424591.279],[159027.459,424549.99],[158605.872,424566.245],[158147.278,424655.496],[157916.618,424741.912],[157606.335,424926.813],[157341.016,425223.287],[157041.004,425710.341],[156905.984,425853.361],[156709.761,425964.489],[156440.213,425998.336],[156208.678,425946.095],[155994.05,425790.29],[155587.766,425037.752],[154752.095,424000.937],[154317.473,423239.605],[153788.706,422426.099],[153463.708,421720.834],[153263.992,421052.427],[153166.793,420395.505],[153173.835,419343.872],[153143.118,419164.319],[152945.969,418792.195],[152678.448,418534.313],[152400.7,418382.086],[151389.569,417966.341],[150588.58,417577.812],[150121.847,417297.271],[149309.151,416692.124],[149029.081,416530.796],[148779.74,416460.563],[148453.688,416500.027],[147823.004,416792.038],[147535.866,416830.671],[147082.373,416822.019],[146603.14,416724.725],[146375.918,416596.945],[145917.481,416253.143],[145622.091,416135.311],[145398.721,416117.042],[145179.414,416181.102],[145027.951,416282.419],[144741.814,416561.852],[144192.875,416975.476],[143737.187,417170.892],[143500.152,417215.151],[143143.87,417195.564],[142865.103,417130.033],[142533.068,416990.776],[142182.314,416899.095],[141748.334,416852.771],[141565.098,416880.848],[141075.686,417035.822],[140410.077,417164.15],[139692.001,417152.713],[138400.006,416908.106],[137100.005,416575.19],[137008.986,416600.102],[136972.045,416699.974],[136925.706,417182.26],[136960.599,417349.795],[137071.181,417497.979],[137659.858,417907.554],[137900.424,418133.744],[138138.192,418499.634],[137933.713,418612.802],[137812.088,418723.525],[137668.175,418986.302],[137644.483,419332.273],[137669.39,419468.028],[137919.289,420105.439],[137908.012,420249.718],[137839.942,420407.486],[137609.943,420600.525],[137190.683,420705.572],[136423.989,421054.628],[136306.807,421138.281],[135645.288,421841.524],[135395.884,422009.652],[135086.337,422136.031],[134821.302,422149.439],[134520.062,422048.804],[134249.185,421801.595],[134061.298,421489.192],[133941.446,421377.215],[133740.157,421257.129],[133555.597,421210.352],[133252.963,421220.998],[133012.797,421281.899],[132904.121,421347.738],[132387.334,422002.771],[132322.958,422117.209],[132231.823,422484.708],[131722.916,423232.731],[130806.378,423735.324],[130226.0,423915.164],[129554.429,424322.552],[129302.715,424542.398],[129082.937,424839.359],[129011.291,425000.162],[128996.775,425386.02],[128945.484,425487.697],[128896.283,425540.188],[128510.853,425738.688],[128340.875,425884.724],[127803.06,425874.039],[127460.032,425903.057],[126208.709,426198.687],[123900.977,426731.098],[123561.97,426757.022],[123269.358,426733.387],[122981.02,426710.187],[122697.032,426645.754],[122189.024,426481.886],[121699.017,426261.931],[120679.015,425705.115],[120360.922,425447.567],[119759.978,424931.84],[119026.037,424223.155],[118626.985,423911.948],[118258.981,423712.193],[117668.032,423484.801],[116986.994,423383.828],[116484.979,423408.85],[115612.026,423603.264],[114972.018,423685.987],[114308.04,423625.961],[113237.991,423206.901],[112677.024,422909.028],[112113.033,422471.112],[111612.019,421938.086],[111390.993,421628.084],[111062.942,420979.85],[110651.991,419618.135],[110369.969,419101.105],[110081.017,418742.086],[109580.045,418205.866],[109241.992,417896.905],[107790.979,416688.912],[107062.029,416178.841],[106251.981,415757.166],[105881.849,415371.134],[105807.011,415292.927],[103722.549,414741.6],[102008.828,414209.745],[101776.007,414137.103],[100413.979,413268.012],[99845.049,413031.057],[97460.991,412337.9],[96597.01,412121.991],[96080.387,412032.995],[95763.05,411978.196],[94689.016,411883.138],[94148.976,411893.031],[93687.98,411943.187],[92886.967,412198.737],[91564.944,412715.251],[88396.999,413853.76],[86303.971,412081.809],[85307.946,411016.091],[85308.004,410707.99],[85259.025,410412.808],[85089.976,409994.95],[84786.014,409477.111],[84386.986,409020.872],[84107.308,408777.341],[83536.013,408422.902],[82996.012,408142.852],[82018.004,407741.782],[81579.994,407617.85],[80687.007,407467.931],[80389.99,407375.961],[79713.036,407088.051],[78162.961,406723.116],[78019.016,406692.21],[77858.999,406708.232],[76224.002,406944.882],[75777.736,407098.7],[75452.97,405676.822],[74731.001,405324.076],[73982.039,405047.807],[73624.193,404870.639],[73292.72,404647.225],[72858.812,404234.445],[72619.231,403914.497],[72345.165,403381.593],[72151.407,402814.726],[72083.44,402420.661],[72068.869,402021.045],[72107.622,401623.558],[72264.394,401045.378],[72431.862,400682.228],[72646.397,400345.132],[74512.981,397996.657],[74741.193,397668.284],[74924.032,397313.102],[75058.18,396936.611],[75164.242,396326.678]],[[124442.507,384100.441],[124450.502,384158.133],[124558.305,384154.092],[124560.028,384122.652],[124589.729,384049.881],[124595.972,383931.469],[124422.958,383936.737],[124314.612,383955.248],[124243.811,383962.463],[124319.074,384031.986],[124323.934,384099.877],[124442.507,384100.441]],[[123595.926,380110.709],[123609.646,380112.794],[123648.159,379685.175],[123620.24,379682.622],[123345.965,379657.79],[123123.15,379661.688],[123135.837,379676.46],[123217.192,379695.086],[123258.276,379744.448],[123317.371,379730.951],[123371.146,379779.4],[123326.823,379807.268],[123251.396,379890.512],[123204.013,379929.413],[123038.613,379949.977],[123003.351,380001.988],[123313.783,379969.891],[123344.27,379982.884],[123394.5,380065.733],[123435.713,380086.281],[123595.926,380110.709]],[[124573.425,385034.186],[124721.434,385049.876],[124733.377,384908.012],[124813.443,384812.913],[124708.332,384753.296],[124768.878,384671.775],[124781.774,384654.398],[124650.812,384573.687],[124525.058,384538.785],[124493.62,384489.744],[124460.845,384340.138],[124363.141,384346.679],[124240.951,384390.697],[124360.187,384450.219],[124320.513,384534.066],[124157.259,384494.727],[124155.049,384354.282],[124010.154,384311.443],[124019.431,384231.172],[123896.766,384254.452],[123933.67,384110.764],[123854.131,384234.299],[123838.277,384228.054],[123837.082,384327.801],[123671.845,384284.262],[123647.856,384306.049],[123687.465,384370.721],[123674.772,384369.798],[123546.034,384360.137],[123426.069,384604.084],[123723.222,384639.568],[123771.944,384683.436],[123894.186,384689.304],[123983.607,384693.596],[123984.135,384728.804],[124124.004,384730.064],[124128.559,384679.082],[124429.954,384762.588],[124453.525,384705.985],[124547.376,384788.193],[124664.44,384818.03],[124644.951,384877.557],[124611.913,384874.361],[124573.425,385034.186]],[[123777.583,384052.702],[123834.869,383928.023],[123871.12,383757.249],[123876.999,383729.566],[123534.042,383766.505],[123502.084,383719.976],[123556.188,383626.688],[123556.962,383487.949],[123662.262,383487.298],[123669.274,383288.611],[123841.236,383306.631],[123825.609,383456.586],[123899.28,383468.428],[124129.227,383544.233],[124062.541,383315.067],[123930.766,383307.806],[123874.469,383221.151],[123894.702,383152.828],[124057.824,383140.26],[124097.805,382985.93],[123987.53,382942.268],[123898.157,383098.348],[123779.58,383078.273],[123661.709,382902.718],[123655.849,382894.02],[123705.266,382867.404],[123891.545,382881.889],[123902.085,382882.714],[123901.315,382876.266],[123876.659,382671.544],[123911.365,382592.786],[123879.07,382503.48],[123624.826,382353.073],[123461.226,382538.714],[123405.803,382511.301],[123240.647,382429.726],[123124.543,382474.177],[122937.161,382799.607],[122740.385,382808.476],[122683.677,382863.351],[122665.777,382880.71],[122431.359,382967.041],[122364.345,382991.725],[122312.568,382936.876],[122136.356,383006.325],[122168.834,383049.837],[122308.125,383099.836],[122409.508,383061.858],[122477.991,383152.425],[122548.176,383134.397],[122601.513,383194.745],[122490.858,383342.698],[122585.086,383420.64],[122660.51,383406.975],[122676.653,383283.38],[122769.731,383284.457],[122852.488,383434.569],[122753.055,383521.422],[122850.014,383620.101],[122875.652,383732.417],[122805.449,383746.435],[122687.276,383559.167],[122586.109,383493.727],[122452.135,383614.573],[122669.388,383828.794],[122604.151,383917.88],[122613.328,383945.023],[122623.32,383974.664],[122588.037,384078.022],[122396.535,384191.282],[122471.572,384308.786],[122561.833,384214.81],[122635.301,384277.755],[122732.463,384361.021],[122805.452,384245.131],[122911.745,384272.049],[122998.089,384123.368],[122953.286,384090.998],[122894.444,384048.482],[123036.005,383967.763],[122925.327,383836.514],[122987.94,383732.763],[123001.943,383709.534],[122977.117,383670.251],[123005.904,383505.358],[123092.154,383372.422],[123184.386,383538.223],[123127.036,383717.257],[123141.342,383725.567],[123193.015,383755.615],[123199.226,383759.248],[123205.176,383826.686],[123301.967,383872.862],[123307.859,383875.663],[123466.602,383895.088],[123424.929,383991.248],[123470.442,384054.38],[123553.997,384170.233],[123604.872,384240.786],[123634.702,384140.696],[123641.683,384117.234],[123579.65,384074.729],[123599.144,384006.298],[123777.583,384052.702]]]}},{"type":"Feature","properties":{"name":"Zuid-Holland"},"geometry":{"type":"Polygon","coordinates":[[[48120.358,419981.873],[48685.063,419425.193],[50637.08,418748.755],[51350.409,418919.498],[51982.538,419802.671],[52689.077,420591.814],[53833.859,421248.728],[55143.981,421562.521],[56424.496,421351.701],[57479.87,420403.941],[59012.153,420068.779],[60151.057,419819.623],[60500.027,417999.962],[60999.98,417499.897],[61589.557,416585.986],[61665.431,415502.947],[61665.138,414451.925],[61878.348,413520.911],[62398.753,412583.744],[63279.177,412413.555],[64180.993,412366.207],[65866.336,412088.591],[66544.203,411769.73],[66685.582,411703.152],[67585.43,411532.935],[69572.011,411441.072],[69813.28,411241.752],[72433.965,409074.833],[73045.606,408660.368],[75777.736,407098.7],[76224.002,406944.882],[77858.999,406708.232],[78019.016,406692.21],[78162.961,406723.116],[79713.036,407088.051],[80389.99,407375.961],[80687.007,407467.931],[81579.994,407617.85],[82018.004,407741.782],[82996.012,408142.852],[83536.013,408422.902],[84107.308,408777.341],[84386.986,409020.872],[84786.014,409477.111],[85089.976,409994.95],[85259.025,410412.808],[85308.004,410707.99],[85307.946,411016.091],[86303.971,412081.809],[88396.999,413853.76],[91564.944,412715.251],[92886.967,412198.737],[93687.98,411943.187],[94148.976,411893.031],[94689.016,411883.138],[95763.05,411978.196],[96080.387,412032.995],[96597.01,412121.991],[97460.991,412337.9],[99845.049,413031.057],[100413.979,413268.012],[101776.007,414137.103],[102008.828,414209.745],[103722.549,414741.6],[105807.011,415292.927],[105881.849,415371.134],[106251.981,415757.166],[107062.029,416178.841],[107790.979,416688.912],[109241.992,417896.905],[109580.045,418205.866],[110081.017,418742.086],[110369.969,419101.105],[110651.991,419618.135],[111062.942,420979.85],[111390.993,421628.084],[111612.019,421938.086],[112113.033,422471.112],[112677.024,422909.028],[113237.991,423206.901],[114308.04,423625.961],[114972.018,423685.987],[115612.026,423603.264],[116484.979,423408.85],[116986.994,423383.828],[117668.032,423484.801],[118258.981,423712.193],[118626.985,423911.948],[119026.037,424223.155],[119759.978,424931.84],[120360.922,425447.567],[120679.015,425705.115],[121699.017,426261.931],[122189.024,426481.886],[122697.032,426645.754],[122981.02,426710.187],[123269.358,426733.387],[123561.97,426757.022],[123900.977,426731.098],[126208.709,426198.687],[127460.032,425903.057],[127803.06,425874.039],[128340.875,425884.724],[129167.891,425842.624],[130142.143,425630.595],[130390.004,427307.07],[130476.661,428114.315],[129896.807,428212.645],[129670.103,428204.496],[129110.657,428266.322],[128844.003,428334.739],[128690.469,428493.473],[128549.874,428529.816],[128518.139,428412.05],[128235.512,428531.93],[128346.282,428848.813],[128223.778,429322.256],[128205.79,429669.532],[127901.813,430311.624],[127922.604,430398.516],[127982.846,430443.584],[128086.251,430419.663],[128499.334,430063.492],[128677.432,429994.686],[128906.286,429994.322],[129263.168,430113.858],[129430.585,430137.199],[129881.847,430069.551],[130179.409,430061.281],[130222.17,430217.665],[130215.844,430631.519],[129999.237,430913.132],[129832.443,431214.03],[129926.249,431558.18],[129912.039,431808.248],[129943.873,431990.996],[130099.285,432536.052],[130216.329,432624.477],[130204.665,432660.694],[128798.563,432028.68],[128785.254,432084.379],[128076.208,431711.256],[127998.21,431959.503],[127997.682,432187.419],[128079.08,432431.859],[128246.937,432673.725],[128305.73,432911.114],[128060.505,433817.681],[128098.402,434260.174],[128002.457,434963.51],[126589.749,434378.05],[126540.386,434388.066],[126552.148,435543.253],[126137.703,435816.377],[125891.337,435877.662],[125890.784,436060.575],[125827.923,436118.685],[125932.35,436197.794],[125644.233,436334.1],[125585.993,436258.453],[125508.882,436396.034],[125387.515,436413.718],[125342.942,436450.476],[124910.579,438216.071],[124835.922,438165.175],[124773.922,438450.317],[124651.473,438400.159],[124569.883,438261.025],[124370.549,438039.446],[124267.347,437950.517],[124186.433,437923.812],[123719.937,439999.582],[123643.608,440156.714],[123570.812,440136.756],[123548.671,440245.595],[123309.84,440350.187],[123129.07,440033.024],[122918.735,439794.607],[122679.464,439587.761],[122409.844,439443.485],[121164.696,439153.421],[119976.859,438942.148],[119528.971,440819.147],[119475.569,440854.74],[119153.334,441468.249],[119046.121,441857.372],[118803.974,442301.769],[118737.46,442379.077],[118623.876,442423.628],[117910.597,443121.08],[117791.757,443097.821],[117020.078,444255.508],[117015.454,444284.36],[117083.245,444341.589],[115903.587,445867.616],[118344.952,446396.992],[118595.461,446525.444],[117914.983,447897.573],[117427.172,447737.447],[116973.655,447712.345],[116405.814,447800.318],[115740.798,447440.179],[115135.613,447469.512],[114927.524,447452.097],[114607.41,448365.468],[115394.064,448888.043],[115167.286,449594.806],[115508.5,449653.231],[115887.241,449999.943],[116010.897,450149.679],[116756.755,451391.318],[116741.804,451427.482],[117678.847,452125.78],[118015.309,452338.063],[118586.223,452446.734],[118996.887,452695.425],[119241.962,452795.966],[119411.687,452928.877],[119755.38,453507.445],[119118.328,453544.259],[119125.123,453492.862],[119037.586,453548.68],[118578.345,453525.258],[118250.573,453560.766],[117580.853,453550.509],[117321.634,453501.505],[116780.905,453320.149],[117071.955,453966.865],[116984.897,453978.155],[117012.19,454207.593],[116860.136,454151.01],[116844.177,454224.566],[116542.121,454187.002],[116566.564,454732.615],[116511.932,454759.795],[116366.396,456140.311],[116346.525,457493.598],[116348.06,457585.268],[116440.197,457610.032],[116506.192,457797.946],[114243.335,459516.264],[114321.698,459676.955],[114658.755,459829.979],[114938.256,459798.901],[114986.403,459837.511],[115033.218,459961.918],[115204.161,460053.563],[115333.981,460227.322],[115326.387,460348.327],[115363.424,460523.329],[115404.33,460565.451],[115313.967,460932.455],[115407.423,460996.688],[115395.998,461156.777],[115530.321,461341.632],[115721.885,461489.931],[115899.133,461403.639],[115957.885,461405.291],[116002.246,461522.938],[116208.545,461706.801],[116300.919,461679.322],[116644.99,461715.708],[116877.453,461838.757],[117048.887,461989.766],[117136.494,461844.398],[117143.248,461778.534],[117318.704,461774.641],[117381.38,461513.14],[117562.858,461616.636],[117655.322,461545.454],[117687.123,461427.22],[117745.229,461383.947],[117967.211,461388.24],[118061.47,461326.844],[118218.407,461394.831],[118310.889,461398.375],[118354.398,461361.559],[118390.132,461254.371],[118555.628,461135.994],[119257.091,461152.541],[119620.512,461250.968],[119685.165,461302.69],[119905.285,461314.705],[119853.953,463222.964],[120820.042,463654.657],[121135.808,463810.377],[121135.593,463854.105],[121097.595,463850.971],[119417.805,465169.576],[118621.192,465786.082],[118540.478,465771.821],[118423.257,465811.292],[118343.88,465792.796],[118261.005,465833.297],[117846.853,465907.256],[117353.912,466381.677],[117265.682,466583.57],[117176.357,466645.335],[117135.202,466745.843],[116844.549,466945.009],[116736.604,467113.518],[116648.233,467163.824],[116549.834,467309.732],[116448.233,467390.354],[116460.894,467488.725],[116364.661,467709.334],[115838.88,468075.071],[115746.834,468288.428],[115790.4,468355.566],[115052.17,468267.661],[114968.02,468595.183],[114978.054,469775.47],[115018.43,470108.33],[114667.085,470418.94],[114592.152,470766.757],[114495.922,470764.539],[114505.779,471126.52],[114151.911,471254.711],[113989.29,471258.112],[113817.481,471352.056],[113578.778,471346.424],[113272.536,471206.794],[113144.903,470899.272],[112970.599,470734.792],[112612.358,470486.158],[112306.13,470190.813],[112117.489,470121.12],[111691.29,470114.645],[111506.398,469924.439],[111311.438,469826.459],[111015.506,469819.229],[110425.812,468959.061],[110373.585,468913.299],[110271.103,468964.96],[109995.988,469284.228],[110035.512,469316.081],[110060.394,469327.594],[109917.801,469428.084],[109896.981,469431.055],[109760.885,469557.582],[109704.697,469613.229],[109706.589,469625.784],[109695.082,469645.584],[109719.19,469673.459],[109693.382,469698.897],[109707.092,469763.195],[109704.373,469813.457],[109665.381,469858.321],[109652.472,469889.093],[109660.982,470038.782],[109629.188,470014.705],[109655.216,470226.654],[109604.475,470428.346],[109709.085,471776.733],[108324.998,471964.882],[107805.042,471782.599],[107093.596,471182.012],[106934.043,471146.227],[106680.03,471198.712],[106455.76,471106.326],[106026.261,471651.318],[105643.125,471285.818],[105219.044,471142.35],[104440.393,470609.909],[104236.234,470529.657],[103404.736,470045.04],[102435.513,469873.072],[101377.29,469906.157],[100082.241,470395.235],[99934.007,470382.915],[99420.269,470220.517],[99213.618,470192.239],[98335.339,470412.78],[98247.26,470455.793],[98055.329,470798.429],[97855.865,471172.983],[97842.65,471321.684],[98090.906,471801.857],[98249.577,471890.445],[98560.615,471989.652],[98686.454,472139.327],[99003.399,473612.42],[99185.615,474969.548],[99072.255,475853.716],[99133.104,475964.635],[99403.258,476216.295],[100490.271,477239.865],[100677.716,477821.48],[101012.705,478418.848],[101110.183,478995.955],[101613.519,480062.658],[102083.381,480704.097],[102117.142,480908.31],[101713.749,481071.818],[101318.446,481293.467],[101068.927,481383.589],[100718.47,481387.426],[100204.477,481472.938],[99496.684,481131.05],[99208.194,481264.6],[99059.9,480871.98],[98834.763,480459.372],[97720.844,480997.256],[97453.416,481111.971],[94102.194,482633.314],[92957.229,483122.818],[92472.205,481921.257],[91517.616,479872.153],[90309.618,477391.836],[88791.389,474528.425],[86911.396,471226.377],[84805.05,467714.681],[82718.128,464834.391],[81342.291,463079.87],[79877.2,461318.944],[79692.775,461112.091],[78838.981,460338.937],[78214.618,459722.002],[77442.826,458864.635],[76959.852,458820.396],[76609.219,458651.43],[76306.534,458190.962],[76211.931,457937.357],[76274.98,457466.044],[74300.061,455203.322],[72531.734,453241.884],[69767.477,450079.264],[69469.213,449696.79],[67948.996,447532.74],[67322.412,446999.896],[62000.062,447000.001],[56499.981,445500.118],[55499.976,437999.952],[57668.97,436777.001],[56380.103,430869.674],[56195.683,430025.16],[49753.286,427744.652],[43662.616,422663.327],[47250.023,420840.195],[48120.358,419981.873]]]}},{"type":"Feature","properties":{"name":"Gelderland"},"geometry":{"type":"Polygon","coordinates":[[[170013.96,445108.537],[170105.648,445120.274],[170303.551,445042.386],[170563.922,444679.878],[170598.055,444242.017],[170659.469,444109.757],[170648.61,443837.696],[170927.2,443423.475],[171006.084,443248.496],[171187.767,443125.141],[171424.137,442860.23],[171330.729,442469.852],[171174.731,442239.317],[170955.287,442105.323],[170880.088,442013.406],[170884.831,441991.392],[171026.594,442028.339],[171333.271,441346.043],[171483.117,440874.969],[171506.705,440591.117],[171504.359,440468.892],[171351.79,440381.831],[171239.449,440416.232],[171012.574,440367.102],[171041.147,440000.543],[170939.081,439980.245],[170760.337,440129.486],[170045.033,439444.378],[169703.055,439644.568],[169120.126,440099.541],[168720.258,440269.483],[168143.708,440452.117],[167022.321,440675.086],[166763.007,440785.669],[166446.111,440967.004],[166112.229,441255.24],[165699.683,441914.706],[165488.435,442137.94],[165164.095,442276.896],[163577.235,442747.981],[163433.523,442828.398],[162782.321,443367.215],[162038.1,443788.386],[161811.136,443876.742],[161829.528,443940.463],[161487.942,443933.609],[161219.452,443897.052],[160739.779,443831.724],[160122.673,443887.904],[159619.157,443885.687],[158924.882,444124.905],[158436.901,444091.834],[158235.015,444028.06],[158006.335,443901.027],[157536.591,443416.073],[157137.229,443144.251],[156851.691,443020.251],[155844.319,442756.798],[155258.04,442481.314],[155005.918,442385.403],[154640.744,442308.592],[154111.3,442329.85],[153379.397,442506.595],[153114.457,442497.286],[152760.391,442411.762],[152325.584,442163.705],[151632.992,441263.108],[151476.028,441100.614],[151060.923,440870.899],[150491.359,440725.409],[150197.3,440741.813],[150032.212,440803.054],[149234.29,441379.827],[149002.027,441480.286],[148735.599,441539.634],[147871.968,441631.574],[147176.845,441805.784],[146946.639,441908.005],[146343.979,442238.332],[146010.852,442503.377],[145698.152,442814.578],[145364.852,443219.685],[145244.787,443307.755],[145091.351,443386.16],[144970.717,443408.93],[144620.422,443372.709],[144428.636,443276.763],[144217.489,443063.323],[144050.822,442775.085],[143764.838,442147.564],[143476.296,441723.833],[143299.658,441543.84],[143047.677,441364.479],[142876.215,441289.794],[142647.733,441243.237],[142321.04,441257.239],[141752.531,441435.669],[141402.143,441653.061],[140750.503,442151.864],[140000.026,440720.401],[139618.572,439846.856],[138952.33,438748.893],[138777.902,438358.109],[138735.843,438335.771],[138649.295,438358.527],[138538.803,438220.986],[138607.471,438040.802],[138594.047,437932.203],[138167.111,437416.608],[137701.287,436682.34],[137751.392,436269.179],[137691.36,436229.111],[137461.323,436290.603],[136561.933,434480.283],[136392.624,434436.351],[136392.6,434309.462],[136491.784,434216.138],[136437.84,433794.45],[136207.97,433440.118],[136105.797,433282.184],[135635.788,433396.46],[135424.691,433381.539],[135096.995,433294.548],[134773.442,433418.116],[134584.316,433397.634],[134466.823,433310.721],[134414.186,433217.092],[134357.089,432735.193],[134279.501,432495.754],[133873.727,431946.558],[133416.364,431792.748],[132989.618,431780.142],[132609.979,431814.98],[132178.38,431704.448],[132101.115,431644.944],[132007.236,431537.176],[131944.532,431402.453],[131882.931,431186.731],[131887.082,431011.426],[131942.988,430886.838],[132082.087,430743.567],[132652.037,430403.994],[132683.824,430325.805],[132658.096,430225.343],[132462.62,430054.716],[132041.457,429955.217],[131891.92,429968.198],[131795.589,430030.67],[131801.633,429989.421],[131684.506,430053.214],[131390.273,430110.611],[130179.409,430061.281],[129881.847,430069.551],[129430.585,430137.199],[129263.168,430113.858],[128906.286,429994.322],[128677.432,429994.686],[128499.334,430063.492],[128086.251,430419.663],[127982.846,430443.584],[127922.604,430398.516],[127901.813,430311.624],[128205.79,429669.532],[128223.778,429322.256],[128346.282,428848.813],[128235.512,428531.93],[128518.139,428412.05],[128549.874,428529.816],[128690.469,428493.473],[128844.003,428334.739],[129110.657,428266.322],[129670.103,428204.496],[129896.807,428212.645],[130476.661,428114.315],[130390.004,427307.07],[130142.143,425630.595],[129167.891,425842.624],[128340.875,425884.724],[128510.853,425738.688],[128896.283,425540.188],[128945.484,425487.697],[128996.775,425386.02],[129011.291,425000.162],[129082.937,424839.359],[129302.715,424542.398],[129554.429,424322.552],[130226.0,423915.164],[130806.378,423735.324],[131722.916,423232.731],[132231.823,422484.708],[132322.958,422117.209],[132387.334,422002.771],[132904.121,421347.738],[133012.797,421281.899],[133252.963,421220.998],[133555.597,421210.352],[133740.157,421257.129],[133941.446,421377.215],[134061.298,421489.192],[134249.185,421801.595],[134520.062,422048.804],[134821.302,422149.439],[135086.337,422136.031],[135395.884,422009.652],[135645.288,421841.524],[136306.807,421138.281],[136423.989,421054.628],[137190.683,420705.572],[137609.943,420600.525],[137839.942,420407.486],[137908.012,420249.718],[137919.289,420105.439],[137669.39,419468.028],[137644.483,419332.273],[137668.175,418986.302],[137812.088,418723.525],[137933.713,418612.802],[138138.192,418499.634],[137900.424,418133.744],[137659.858,417907.554],[137071.181,417497.979],[136960.599,417349.795],[136925.706,417182.26],[136972.045,416699.974],[137008.986,416600.102],[137100.005,416575.19],[138400.006,416908.106],[139692.001,417152.713],[140410.077,417164.15],[141075.686,417035.822],[141565.098,416880.848],[141748.334,416852.771],[142182.314,416899.095],[142533.068,416990.776],[142865.103,417130.033],[143143.87,417195.564],[143500.152,417215.151],[143737.187,417170.892],[144192.875,416975.476],[144741.814,416561.852],[145027.951,416282.419],[145179.414,416181.102],[145398.721,416117.042],[145622.091,416135.311],[145917.481,416253.143],[146375.918,416596.945],[146603.14,416724.725],[147082.373,416822.019],[147535.866,416830.671],[147823.004,416792.038],[148453.688,416500.027],[148779.74,416460.563],[149029.081,416530.796],[149309.151,416692.124],[150121.847,417297.271],[150588.58,417577.812],[151389.569,417966.341],[152400.7,418382.086],[152678.448,418534.313],[152945.969,418792.195],[153143.118,419164.319],[153173.835,419343.872],[153166.793,420395.505],[153263.992,421052.427],[153463.708,421720.834],[153788.706,422426.099],[154317.473,423239.605],[154752.095,424000.937],[155587.766,425037.752],[155994.05,425790.29],[156208.678,425946.095],[156440.213,425998.336],[156709.761,425964.489],[156905.984,425853.361],[157041.004,425710.341],[157341.016,425223.287],[157606.335,424926.813],[157916.618,424741.912],[158147.278,424655.496],[158605.872,424566.245],[159027.459,424549.99],[159621.233,424591.279],[160079.935,424665.152],[160328.792,424723.541],[160689.229,424866.122],[161007.688,425121.102],[161174.948,425367.068],[161237.043,425530.969],[161408.359,426280.212],[161597.149,426596.256],[161719.181,426713.125],[162095.287,426881.695],[162462.321,426899.64],[162787.17,426803.787],[163160.506,426572.692],[163349.852,426378.195],[163752.399,425796.571],[163947.422,425656.844],[164162.331,425582.969],[164750.528,425535.682],[165231.153,425345.67],[165439.555,425299.873],[165643.38,425316.823],[165952.449,425480.923],[166136.475,425715.576],[166292.479,426139.475],[166374.548,426279.286],[166533.191,426438.8],[166732.238,426546.234],[166941.142,426592.954],[167917.611,426608.559],[168619.758,426784.866],[168852.96,426809.258],[169158.873,426764.665],[169523.095,426629.919],[170116.65,426315.096],[170971.234,425708.287],[171295.581,425640.575],[171779.55,425698.189],[172056.372,425690.223],[172324.486,425618.549],[172557.554,425475.895],[172711.352,425319.399],[172819.409,425143.275],[173115.355,424212.736],[173287.113,423837.316],[173514.773,423470.619],[173820.382,423113.57],[174152.43,422844.922],[174437.2,422723.804],[175364.82,422617.956],[175677.851,422513.545],[175884.338,422391.353],[176084.329,422233.039],[176253.237,422044.896],[176407.224,421782.821],[176638.407,421249.509],[176801.326,421046.45],[177025.091,420875.983],[177355.878,420753.119],[178098.592,420734.402],[178422.258,420636.608],[178642.095,420524.325],[178821.041,420391.443],[178968.543,420217.753],[179357.359,419528.283],[179712.32,419005.449],[179999.992,418753.934],[180332.076,418567.133],[180886.956,418350.569],[181279.649,418264.774],[181666.029,418226.037],[182293.587,418262.955],[182846.129,418390.32],[183432.339,418578.682],[184270.719,418751.111],[186850.24,419057.982],[187374.611,419032.077],[187769.608,418941.686],[187999.581,418854.466],[188279.109,419464.11],[188200.983,419716.091],[188123.188,420259.235],[188122.924,420623.379],[188145.548,420625.642],[188174.029,420869.484],[188239.152,420879.205],[188270.972,420930.817],[188913.915,421035.701],[189454.606,421208.275],[189809.936,421176.35],[189951.062,421117.92],[190386.656,420475.901],[190771.79,419795.731],[191181.256,419417.942],[191327.938,419073.101],[191330.058,418651.338],[191461.203,418311.005],[192717.044,417852.165],[192532.857,417667.821],[192490.418,417561.419],[192486.28,417444.957],[192567.326,417375.971],[192659.526,417187.801],[192678.352,417168.75],[192740.773,417175.783],[192796.114,417164.35],[192836.84,417080.601],[193062.036,417118.406],[193411.896,417143.098],[193879.493,417420.892],[194005.196,417447.345],[194042.673,417765.946],[194085.892,417834.317],[193962.888,417933.049],[194199.261,418165.304],[194212.543,418166.799],[194229.48,418168.767],[194329.795,418286.484],[194405.743,418244.023],[195239.003,418893.929],[195427.902,419062.612],[195512.723,419126.714],[195525.542,419129.598],[195541.748,419127.727],[195589.075,419110.975],[195604.245,419109.04],[195620.143,419111.115],[195661.891,419131.09],[195686.466,419152.874],[195695.538,419166.576],[195723.091,419174.477],[195804.083,419178.138],[195817.936,419181.088],[195838.747,419194.552],[195924.125,419269.791],[196165.275,419494.281],[196535.891,419805.021],[196618.169,419877.019],[196629.238,419890.796],[196639.328,419918.583],[196642.273,419933.85],[196644.063,419980.149],[196699.765,420159.572],[196713.15,420226.717],[196693.122,420269.496],[196679.8,420273.558],[196648.374,420292.434],[196636.25,420293.613],[196623.379,420305.744],[196592.7,420342.762],[196532.169,420433.827],[196414.025,420560.021],[196321.096,420608.988],[196118.223,420715.966],[196162.391,420926.887],[196220.075,421197.609],[196143.361,421290.604],[196622.389,421801.563],[196561.324,421871.54],[196433.299,421765.286],[196233.909,421919.907],[196225.098,421988.538],[196035.647,421900.091],[195945.137,422061.79],[195931.343,422086.433],[195916.3,422086.421],[195867.549,422095.036],[195531.055,422014.369],[195469.014,422357.159],[195555.865,422406.369],[195389.997,422483.08],[195668.504,423006.079],[195538.687,423084.412],[195510.174,423176.694],[195804.403,423388.859],[195743.24,423402.659],[195479.149,423592.888],[195125.109,423936.393],[194978.095,424116.794],[194897.509,424193.422],[194892.291,424268.314],[194635.805,424479.174],[194403.752,424598.395],[194211.583,424764.612],[193773.474,424832.354],[193682.133,424890.17],[193722.897,424996.348],[193568.602,425093.957],[193539.186,425242.428],[193520.455,425324.338],[193599.399,425401.992],[193676.322,425477.686],[193778.176,425347.576],[193850.401,425433.082],[193999.175,425277.918],[194123.608,425406.169],[194194.857,425364.391],[194257.474,425429.913],[194333.732,425514.289],[194344.054,425547.692],[193457.489,426264.051],[193552.277,426372.868],[194133.046,427088.653],[194677.256,427734.957],[194794.812,427647.605],[194960.543,427509.46],[195173.819,427374.65],[195226.277,427352.819],[195280.847,427347.083],[195341.059,427351.239],[195411.241,427349.802],[195514.672,427328.33],[195608.597,427306.226],[195660.859,427287.569],[195723.526,427256.869],[195791.949,427243.074],[195986.028,427192.365],[196087.157,427158.035],[196268.135,427075.076],[196345.989,427055.023],[196425.451,427057.404],[196640.555,427078.769],[196804.912,427088.982],[197015.905,427135.751],[197174.72,427218.472],[197250.229,427239.635],[197352.317,427260.079],[197416.505,427291.051],[197492.82,427338.872],[197540.807,427374.048],[197588.209,427417.175],[197667.528,427459.905],[197780.991,427507.602],[197940.366,427582.452],[197991.355,427612.54],[198146.835,427742.827],[198228.708,427815.852],[198262.74,427845.63],[198296.841,427875.408],[198338.997,427918.163],[198356.803,427967.16],[198387.097,428141.823],[198400.986,428209.145],[198426.516,428261.38],[198471.675,428299.044],[198521.334,428310.434],[198564.336,428302.853],[198614.512,428306.349],[198650.395,428324.741],[198685.887,428348.471],[198799.053,428438.634],[199226.979,428696.789],[199476.648,428390.362],[199527.591,428497.402],[199641.667,428452.466],[199761.749,428587.773],[200018.074,428825.386],[200118.378,428924.197],[200519.963,429187.79],[200687.111,429302.965],[200992.127,429496.734],[201027.993,429515.199],[201031.236,429544.602],[200785.243,429994.513],[200931.555,430060.606],[201025.364,430085.722],[201315.777,430105.255],[201331.842,430289.93],[201339.438,430377.229],[201371.893,430521.334],[201447.176,430515.189],[201471.05,430607.424],[201513.576,430771.651],[201573.474,430982.214],[202039.965,430660.854],[202652.718,430189.389],[203044.603,429821.016],[203657.695,429388.227],[204067.602,429230.448],[204595.269,429110.528],[205114.623,429038.98],[206190.639,429046.239],[206616.053,429002.704],[206712.213,428979.829],[207122.039,428882.492],[208698.705,428315.396],[208677.568,428583.425],[208663.456,428829.443],[208632.71,429364.29],[208539.631,429553.11],[208494.508,429723.083],[208497.331,429791.04],[208539.481,430365.831],[208564.785,430405.711],[208584.157,430430.174],[208660.541,430486.401],[208695.8,430516.542],[208702.75,430555.725],[208679.526,430604.71],[208586.06,430641.706],[208475.654,430717.02],[208402.284,430736.821],[208321.009,430771.281],[208255.484,430817.927],[208204.652,430872.462],[208106.006,430937.561],[208055.854,430967.182],[207953.669,431057.948],[207855.428,431091.903],[207749.51,431119.159],[207660.814,431133.357],[207603.869,431131.424],[207549.248,431154.16],[207488.741,431202.926],[207463.774,431268.477],[207435.03,431329.704],[207390.609,431381.7],[207324.015,431430.071],[207253.032,431453.641],[207196.386,431476.248],[207156.032,431528.455],[207161.184,431585.921],[207162.786,431706.436],[207156.921,431723.954],[207086.723,431933.9],[207075.968,432202.989],[206992.597,432405.846],[206955.421,432507.599],[206952.242,432538.497],[206951.915,432586.615],[206945.434,432650.358],[206941.39,432665.114],[206923.687,432688.963],[206873.05,432724.598],[206841.326,432762.489],[206787.311,432875.084],[206705.744,433008.87],[206685.582,433067.631],[206658.671,433223.289],[206643.629,433266.359],[206635.799,433277.85],[206613.156,433300.369],[206586.601,433321.57],[206507.194,433367.204],[206450.396,433390.319],[206360.078,433419.155],[206243.571,433464.191],[206230.754,433475.353],[206211.98,433500.139],[206201.238,433510.377],[206135.848,433555.994],[206067.111,433592.343],[206008.367,433614.33],[205937.898,433675.642],[205884.533,433707.031],[205769.626,433758.214],[205740.896,433767.213],[205710.53,433771.133],[205662.535,433768.756],[205616.895,433761.563],[205602.209,433770.593],[205507.671,433874.337],[205454.187,433907.733],[205337.699,433952.79],[205168.899,434000.885],[205052.121,434034.207],[205021.6,434040.077],[204975.4,434040.895],[204910.854,434031.35],[204835.862,434013.079],[204656.828,433962.455],[204552.078,433925.09],[204522.398,433919.011],[204394.646,433924.09],[204381.398,433927.186],[204369.909,433933.415],[204331.337,433984.382],[204295.865,434031.597],[204651.741,434207.906],[204734.008,434293.894],[204697.103,434391.662],[204895.885,434734.604],[205071.412,434620.422],[205263.36,435061.167],[205483.894,434920.08],[205814.688,434679.317],[206058.196,434812.641],[206372.726,434948.987],[206636.863,435031.593],[207496.729,435303.289],[207695.739,435384.378],[207778.623,435418.241],[207844.703,435492.095],[207972.332,435488.938],[208106.222,435343.434],[208402.435,435021.64],[208565.941,434760.972],[208720.644,434988.107],[208780.634,434984.356],[208843.741,435049.123],[209170.548,434774.935],[209971.15,434103.453],[210062.988,434056.229],[210339.265,433986.621],[210345.965,433928.671],[210227.755,433682.861],[210361.969,433509.047],[209989.262,433448.528],[209711.353,433340.95],[209838.59,433080.426],[209946.98,432853.746],[210395.471,432364.342],[210460.53,432294.688],[210689.187,432094.948],[211097.813,431822.573],[211226.622,431738.4],[211401.03,431626.927],[211561.521,431540.783],[211952.224,431380.874],[212043.403,431352.204],[212249.675,431363.404],[212741.818,431477.372],[213009.763,431562.972],[213244.862,431617.606],[213324.109,431623.146],[213411.674,431600.579],[213534.586,431574.087],[213622.815,431542.018],[213690.935,431524.513],[213770.184,431530.004],[213873.407,431511.746],[214049.876,431584.589],[214121.465,431608.688],[214175.352,431612.44],[214268.906,431581.836],[214366.218,431556.786],[214783.231,431477.02],[215057.745,431428.733],[215233.555,431426.506],[215486.109,431631.443],[215706.85,432018.484],[215780.372,432094.981],[215874.374,432146.583],[215989.681,432162.117],[216090.525,432169.189],[216215.133,432159.084],[216447.973,432104.023],[216584.481,432030.929],[216668.912,431950.466],[216751.795,431892.461],[216843.552,431868.837],[216961.461,431847.041],[217097.444,431781.409],[217230.438,431704.34],[217367.728,431620.095],[217463.903,431532.948],[217569.492,431472.736],[217680.672,431439.189],[217793.796,431432.095],[217797.195,431383.514],[217785.119,431341.36],[217751.688,431282.748],[217741.673,431210.688],[217753.587,431147.694],[217832.492,431093.161],[217902.847,431053.043],[217905.195,430857.966],[218052.405,430308.88],[218037.022,430206.432],[218125.037,429859.665],[218207.081,429760.282],[218254.352,429620.96],[218345.227,429360.576],[218490.493,429430.956],[218581.311,429461.204],[218675.464,429481.037],[218822.688,429505.275],[218969.31,429530.734],[219186.979,429606.955],[219273.588,429620.973],[219361.048,429619.648],[219500.387,429610.926],[219606.695,429612.185],[219724.163,429629.612],[220062.7,429640.563],[220176.773,429638.096],[220312.174,429619.776],[220540.833,429567.908],[220619.473,429545.683],[220675.112,429543.407],[220795.139,429562.674],[220951.614,429579.642],[221116.38,429555.666],[221170.452,429526.004],[221224.746,429490.003],[221289.315,429458.701],[221466.838,429406.031],[221545.183,429367.683],[221631.67,429331.168],[221800.242,429250.129],[221880.799,429198.685],[221983.203,429100.969],[222044.03,429028.234],[222084.942,428955.457],[222134.39,428888.635],[222218.111,428686.915],[222316.137,428223.909],[222300.595,428162.225],[222249.079,427966.591],[222251.987,427875.78],[222636.983,427642.847],[222741.252,427678.248],[222838.813,427748.165],[222939.446,427789.696],[223083.264,427821.023],[223225.542,427836.254],[223366.28,427835.446],[223470.21,427829.41],[223553.207,427819.307],[223633.893,427766.501],[223703.285,427760.776],[223813.461,427741.87],[223905.111,427721.766],[224087.056,427662.461],[224106.053,427624.557],[224152.804,427601.28],[224196.38,427585.691],[224243.48,427557.134],[224273.587,427506.144],[224285.76,427445.949],[224335.722,427414.928],[224379.44,427396.729],[224472.353,427320.962],[224563.63,427306.094],[224635.089,427271.258],[224732.51,427206.407],[224798.878,427168.554],[224866.888,427106.912],[224937.855,427008.928],[225352.058,427103.684],[225326.629,427213.373],[225281.053,427257.964],[224994.067,428060.817],[225332.204,427970.249],[225363.834,428049.471],[225307.853,428204.797],[225253.944,428293.723],[225124.292,428438.894],[225074.708,428578.734],[225015.432,428667.532],[224959.192,428788.364],[224957.158,428931.54],[225000.606,429069.954],[225135.013,429235.956],[225153.693,429348.767],[225120.378,429407.495],[225411.365,429801.689],[225391.646,429856.434],[225387.591,429914.571],[225360.695,429957.811],[225303.424,430017.538],[225243.264,430042.508],[225171.6,430042.839],[225101.434,430059.159],[224973.97,430098.046],[224886.648,430131.765],[224823.492,430161.873],[224772.088,430214.01],[224719.568,430282.043],[224668.306,430331.567],[224599.506,430366.551],[224549.188,430402.849],[224507.971,430461.027],[224474.67,430519.76],[224439.837,430562.45],[224379.13,430595.379],[224288.822,430634.186],[224230.593,430669.988],[224190.846,430706.992],[224174.184,430793.441],[224082.346,430816.207],[224042.774,430850.655],[223990.508,430839.031],[223940.696,430851.697],[223921.771,431025.35],[223870.699,431072.215],[223843.232,431123.355],[223843.306,431160.576],[223859.597,431208.201],[223903.034,431290.47],[223960.305,431423.558],[224002.334,431620.25],[224029.785,431797.38],[224062.999,431886.242],[224080.311,431926.927],[224116.286,431965.311],[224130.721,432024.706],[224137.035,432086.214],[224112.325,432187.24],[224201.179,432194.253],[224230.947,432185.708],[224265.071,432153.578],[224270.473,432114.096],[224293.827,432083.876],[224329.243,432070.458],[224355.247,432040.385],[224408.58,431999.009],[224464.773,431878.17],[224486.037,431839.855],[224522.606,431810.542],[224572.595,431816.689],[224611.115,431835.306],[224650.926,431835.415],[224690.11,431806.306],[224731.212,431787.907],[224773.672,431788.221],[224806.476,431774.602],[224831.126,431725.876],[224863.131,431685.653],[224906.884,431667.46],[224945.753,431680.799],[224987.896,431723.559],[225032.129,431774.416],[225077.652,431806.821],[225123.735,431831.278],[225182.021,431832.651],[225233.512,431817.684],[225281.172,431781.188],[225315.446,431746.453],[225359.55,431722.982],[225420.521,431724.563],[225462.598,431730.162],[225494.698,431764.273],[225497.409,431801.587],[225531.249,431849.075],[225572.24,431870.516],[225607.31,431862.387],[225647.62,431817.391],[225778.285,431656.615],[225977.846,431498.042],[226060.765,431450.704],[226121.088,431423.076],[226211.839,431416.132],[226256.742,431419.274],[226313.155,431409.952],[226360.827,431373.466],[226405.289,431344.725],[226459.229,431332.531],[226530.383,431340.168],[226602.064,431339.857],[226675.78,431310.479],[226725.492,431244.93],[226744.215,431166.641],[226752.936,431079.641],[226764.395,431030.012],[226776.872,430813.213],[226810.725,430746.546],[226852.547,430717.604],[226963.182,430653.654],[226999.531,430610.058],[227125.281,430704.778],[227427.559,430928.678],[227534.168,430907.467],[227636.486,430901.884],[227690.014,430956.572],[227798.301,431002.375],[227835.308,431065.448],[227893.089,431104.566],[227960.077,431239.845],[228092.404,431306.424],[228275.305,431287.288],[228312.093,431216.613],[228362.795,431155.545],[228486.758,430996.297],[228649.768,430714.616],[228779.227,430548.447],[228906.907,430407.624],[229070.15,430259.764],[229203.728,430173.058],[229241.889,430148.253],[229300.829,430123.257],[229462.109,430069.349],[229553.771,430049.626],[229646.814,430039.051],[229775.746,430029.235],[229792.113,430102.918],[229827.34,430138.662],[229841.31,430192.893],[229993.379,430303.38],[230134.515,430379.825],[230243.622,430382.019],[230358.342,430384.356],[230481.275,430404.067],[230553.119,430455.668],[230686.748,430544.756],[230809.698,430626.732],[230923.276,430647.202],[231455.452,430847.578],[231580.592,430917.924],[231622.464,430941.486],[231707.96,431024.748],[231727.792,431068.058],[231808.048,431243.431],[231788.724,431362.474],[231714.739,431530.864],[231727.574,431673.212],[231826.361,431627.937],[231853.87,431621.85],[231868.837,431622.858],[231899.182,431634.007],[232131.557,431768.661],[232313.5,431878.68],[232397.096,431931.658],[232460.19,431976.197],[232468.33,431988.786],[232473.342,432003.162],[232482.184,432034.901],[232486.916,432067.354],[232493.924,432081.873],[232559.495,432148.651],[232609.701,432191.268],[232660.308,432227.938],[232685.44,432241.737],[232713.75,432252.747],[232727.752,432253.688],[232757.17,432248.748],[232822.684,432230.238],[232853.001,432227.316],[232885.009,432228.593],[233037.773,432253.282],[233252.259,432299.36],[233281.734,432308.445],[233339.197,432333.546],[233606.782,432495.695],[233670.538,432545.268],[233672.687,432557.486],[233668.718,432571.222],[233642.673,432613.541],[233634.464,432645.07],[233633.351,432661.076],[233635.367,432675.239],[233645.497,432687.972],[233674.7,432701.061],[233690.525,432704.203],[233705.573,432704.217],[233735.075,432698.283],[233750.986,432700.369],[233779.105,432714.387],[233816.172,432744.069],[233975.414,432891.625],[233988.84,432900.572],[234031.701,432918.608],[234078.078,432929.912],[234124.1,432946.162],[234151.086,432962.056],[234182.992,432993.383],[234255.379,433077.707],[234280.675,433117.61],[234291.835,433130.416],[234304.666,433133.346],[234320.761,433132.433],[234335.487,433137.507],[234428.83,433194.179],[234468.019,433222.008],[234478.316,433232.743],[234487.396,433246.407],[234493.398,433260.857],[234510.835,433370.461],[234518.799,433400.131],[234532.021,433426.101],[234579.815,433488.618],[234613.999,433545.189],[234634.37,433569.715],[234658.848,433578.45],[234692.927,433578.826],[234738.823,433567.985],[234768.677,433557.0],[234800.948,433526.135],[234865.609,433433.362],[234887.889,433415.858],[234918.742,433404.945],[234949.138,433401.035],[234982.272,433400.341],[235013.902,433407.579],[235029.454,433414.671],[235034.812,433424.104],[234978.381,433499.424],[234964.316,433528.521],[234957.232,433558.118],[234955.0,433590.073],[234957.754,433622.387],[234963.705,433637.838],[234973.915,433649.574],[235013.301,433660.385],[235224.75,433764.42],[235255.437,433482.663],[235410.206,433450.319],[235469.212,433251.752],[235574.043,433259.114],[235785.764,433301.975],[235793.994,433500.177],[235903.572,433496.829],[235969.857,433653.909],[236544.168,434064.273],[236609.429,434103.06],[236709.261,434162.386],[237066.7,434374.932],[237490.058,434612.904],[238699.905,434981.41],[239582.887,435316.854],[240211.223,435542.342],[240374.28,435434.346],[240805.029,435458.41],[241049.465,435836.67],[241777.387,436146.697],[242431.421,436473.732],[242906.352,436743.176],[243166.986,436925.98],[243564.504,437163.466],[244229.866,437366.532],[244277.735,437327.438],[244259.995,437201.431],[244522.321,437132.12],[244611.634,437069.345],[244784.736,437027.606],[244822.744,437051.323],[245008.763,437167.563],[245124.471,436671.669],[245159.638,436521.018],[245304.845,436418.868],[245442.761,436495.641],[245545.614,436505.459],[245583.806,436475.437],[245562.984,436143.056],[246806.533,435061.996],[246848.743,435027.828],[247564.208,435313.546],[247693.251,435579.227],[247808.655,435816.839],[247851.729,435901.21],[247892.741,435981.594],[248106.503,436042.657],[248170.103,436061.202],[248352.682,436075.958],[248366.671,436076.942],[248838.233,436277.453],[248913.366,436451.24],[249025.489,436555.392],[249040.082,436719.919],[249047.511,436871.959],[249045.997,436893.909],[249173.437,437008.146],[249485.916,437059.112],[249661.56,437201.816],[249871.888,437278.694],[250132.741,437321.988],[250212.021,437413.915],[250362.783,437587.719],[250482.684,437726.664],[250721.22,438003.203],[251392.407,438821.629],[251204.263,438987.043],[251550.9,439324.298],[251635.341,439379.347],[251740.911,439447.938],[251784.886,439626.232],[251815.178,439749.121],[251831.691,439814.486],[251946.637,440279.992],[251863.58,440434.735],[251895.247,440814.161],[251957.732,441470.672],[252011.307,442096.408],[252269.121,442188.45],[252648.951,442326.514],[252949.659,442436.902],[252975.495,442504.124],[253027.755,442640.028],[253165.002,442659.363],[253605.968,442721.917],[254052.488,442720.631],[254305.699,443420.645],[254335.152,443591.555],[254326.304,443718.356],[254290.321,443868.711],[254142.609,444113.22],[254096.652,444406.27],[254134.514,445186.139],[254107.541,445264.115],[253896.501,445873.783],[253854.27,445995.806],[252558.455,446133.546],[252807.556,446488.587],[252223.967,446931.555],[252120.019,447010.49],[252061.529,447054.867],[251937.23,447149.267],[251351.216,447594.29],[251219.871,447694.024],[250093.473,448637.14],[249654.529,448730.888],[249502.225,449115.547],[248802.922,449718.794],[248703.669,449804.118],[248572.077,449864.52],[246074.4,451006.908],[245833.981,451002.573],[245669.47,450999.631],[244740.784,450983.147],[244268.722,450974.83],[244226.703,450974.078],[244224.285,451310.105],[244223.068,451479.51],[244222.918,451501.263],[244216.722,452365.922],[244129.364,452395.906],[244131.772,452566.043],[244138.444,452796.85],[244315.704,452831.408],[244682.279,453700.602],[244744.169,453705.001],[244812.257,454036.737],[244785.47,454147.258],[244709.192,454205.14],[244670.243,454360.901],[244959.527,454435.729],[245361.155,454539.544],[245967.045,454696.309],[247438.499,454902.986],[247518.994,454993.843],[248055.559,455599.11],[248265.835,455734.865],[248486.961,456126.176],[248420.055,456353.998],[248225.136,456499.629],[248092.873,456614.612],[248024.155,456823.264],[248063.786,456848.322],[248012.512,456961.985],[248075.523,456997.607],[248121.677,457113.484],[248283.347,457167.65],[248385.916,457279.135],[248450.439,457288.694],[248600.823,457290.188],[248702.097,457218.981],[248791.73,457457.987],[248895.622,457679.959],[248905.079,458089.946],[249002.421,458792.995],[249028.276,459255.264],[249051.166,459817.69],[247619.164,459782.606],[247620.416,459733.831],[247517.832,459728.08],[247081.94,459751.364],[246030.971,459720.979],[245864.033,459834.659],[245702.653,459878.839],[244743.545,460303.326],[243377.657,460536.123],[242317.79,460984.763],[242605.143,461534.883],[242769.402,461793.733],[242972.222,461993.012],[243072.654,462223.646],[243104.37,462454.285],[243054.214,463014.149],[242884.729,463241.223],[242937.718,463271.874],[242959.034,463247.213],[243006.327,463261.238],[243054.555,463438.7],[242998.469,463463.133],[242961.652,463535.927],[243023.298,463759.475],[242947.141,463829.457],[242819.048,463844.605],[242804.738,463906.725],[242958.634,464134.855],[243065.391,464158.838],[243011.037,464365.862],[243045.982,464473.481],[242960.475,464463.451],[242997.529,464710.767],[242857.885,464956.232],[242615.964,464997.802],[242443.825,465071.606],[242467.456,465134.397],[242427.599,465171.086],[241042.6,465870.21],[240828.994,465439.463],[240723.013,465092.489],[240339.5,465631.829],[240057.962,465748.792],[240025.648,465735.942],[239963.511,465596.887],[239722.98,465640.737],[239685.271,465603.203],[239782.29,465521.232],[239702.315,465376.368],[239691.541,465225.898],[239562.609,465170.673],[239444.38,465177.952],[239180.774,464850.868],[238932.502,464699.382],[238808.642,464579.665],[238611.872,464812.373],[238476.153,464746.436],[238331.52,464919.718],[238167.598,465232.005],[238162.349,465343.086],[238388.367,465608.835],[238386.431,465699.608],[237715.481,466395.18],[237566.433,466492.905],[237500.451,466480.735],[237510.422,466533.147],[237449.033,466594.5],[237332.834,466609.596],[237368.86,466666.613],[237321.477,466692.145],[237272.607,466708.304],[237244.436,466670.502],[237093.366,466664.161],[235992.364,466337.037],[234886.038,466100.49],[233497.135,466321.966],[232807.365,466392.612],[232164.507,466518.442],[231929.187,466474.838],[230853.071,466036.746],[230664.913,466029.644],[230592.67,466079.063],[230528.744,466233.878],[230407.963,466351.33],[230323.885,466387.832],[230181.099,466362.297],[230088.696,466472.12],[229678.57,466583.938],[229566.019,466899.775],[229246.269,467243.889],[229192.985,467424.808],[229033.075,467730.155],[228987.017,467945.513],[229013.771,468184.937],[228989.517,468348.431],[229046.942,468466.018],[228841.349,468584.356],[228765.644,468557.746],[228531.781,468616.699],[228482.095,468576.014],[228374.111,468577.419],[228147.774,468636.446],[228012.53,468766.482],[227884.967,468997.676],[227902.309,469106.148],[227867.903,469214.304],[227739.391,469348.286],[227631.595,469599.249],[227583.796,469628.26],[227565.262,469708.219],[227390.022,469935.333],[227072.319,470256.3],[226975.722,470309.199],[226915.681,470440.747],[226384.577,470834.667],[226144.16,471155.025],[225961.133,471537.863],[225892.567,471780.912],[225764.468,472059.331],[225323.648,472623.569],[225294.699,472884.603],[225312.729,473188.033],[224909.511,473269.287],[224533.463,473255.48],[224319.788,473287.703],[223488.06,473204.858],[223213.697,473259.602],[223012.1,473350.691],[222937.657,473581.401],[221914.701,473059.776],[220849.056,473071.418],[220739.376,473023.281],[220700.858,472911.94],[220722.189,472738.188],[220677.956,472725.306],[220561.119,472783.624],[220306.707,472639.722],[220192.551,472619.134],[220189.989,472593.229],[220253.125,472574.086],[220241.191,472484.353],[220161.748,472421.327],[219948.595,472442.284],[220002.673,471882.28],[219972.812,471549.121],[220000.017,471441.653],[219082.078,471397.869],[218791.104,471256.133],[217228.215,471216.336],[217149.382,471606.695],[216881.799,471656.812],[216872.854,471804.026],[216812.314,471812.617],[216501.208,471674.159],[216468.235,471669.076],[216409.964,471742.573],[215686.03,471437.885],[215383.109,471458.774],[215405.98,471292.255],[214960.711,471381.482],[214948.445,471435.245],[214796.472,471503.844],[214711.429,471504.542],[214677.831,471556.769],[214631.937,471563.449],[214526.739,471419.142],[214416.918,471371.979],[214275.043,471396.651],[214242.136,471368.606],[214041.08,471365.314],[213976.144,471321.256],[213921.671,471397.052],[213810.114,471397.839],[213728.166,471336.168],[213598.061,471374.073],[213607.296,471454.02],[213577.952,471459.57],[213473.791,471453.276],[213397.991,471400.139],[213143.307,471384.457],[213052.782,471453.385],[212948.06,471468.738],[212868.98,471552.713],[212587.172,471563.782],[212451.003,471625.068],[212076.141,471520.588],[211970.389,471566.493],[211683.155,471798.313],[211566.949,471821.186],[211518.839,471795.155],[211710.204,471249.831],[211274.928,471443.039],[210662.055,471574.086],[210075.707,471537.818],[209948.861,471586.925],[209788.04,471535.905],[209597.788,471768.083],[209490.856,471827.603],[209330.841,472049.109],[208954.144,471988.129],[208233.025,471727.791],[208004.848,471444.774],[208337.567,471340.082],[208375.844,471310.34],[208329.455,471192.283],[207977.933,471380.339],[207956.593,471356.799],[208038.879,471195.504],[208059.757,471016.582],[208171.748,470880.31],[208174.625,470863.817],[208192.638,470761.308],[208403.191,470576.752],[208320.562,470507.541],[208328.734,470364.202],[208266.382,470360.081],[208181.504,470242.001],[208087.688,470240.16],[207992.483,470339.339],[208073.878,470709.461],[207899.295,471021.263],[206952.711,471341.043],[206821.46,471483.984],[206569.453,471922.37],[206539.538,472282.462],[206587.343,472549.508],[206702.563,472607.18],[207071.641,472896.68],[207339.497,473165.665],[207383.167,473363.465],[207352.361,473463.783],[207102.615,473652.977],[207028.903,473583.436],[206733.323,473507.343],[206659.11,473445.814],[206610.136,473455.985],[206300.08,473592.404],[206086.606,473772.289],[205796.932,473855.874],[205459.19,473882.572],[205286.133,473973.776],[205275.134,474189.25],[205387.192,474561.809],[205533.912,474757.695],[205587.565,474762.583],[205595.411,474819.912],[205690.983,474915.136],[205730.96,475005.063],[205475.548,475154.389],[205364.427,475272.148],[205280.19,475475.861],[205226.989,475958.344],[205141.508,476182.02],[205034.463,476338.439],[204638.597,476722.838],[204502.766,476917.979],[204415.442,477248.969],[204440.334,477841.008],[204390.808,478071.788],[204317.349,478209.03],[204037.055,478559.413],[203974.071,478718.795],[203927.801,479064.722],[203795.831,479275.22],[203709.236,479492.511],[203531.333,479489.037],[203555.69,479384.459],[203010.465,479343.471],[202796.569,479389.801],[202680.655,479557.645],[202537.657,479517.601],[202447.402,480090.22],[202479.08,480346.056],[202566.531,480652.501],[202310.734,480672.522],[202228.801,481292.292],[201811.685,481310.855],[201698.356,481249.474],[201329.766,481310.541],[201301.54,481466.5],[201342.953,481671.013],[201474.87,481777.959],[201601.949,481757.514],[201603.593,481854.279],[201643.108,481846.585],[201701.495,482427.856],[201756.444,482535.696],[201794.562,482736.01],[201823.11,482931.56],[201924.474,483046.24],[201816.145,483170.003],[201916.619,483191.374],[201996.026,483639.048],[201997.24,483779.984],[201912.207,484028.366],[201918.982,484276.286],[201888.808,484292.578],[201943.593,484454.386],[201926.508,484953.83],[202020.783,485085.47],[202080.505,485096.221],[202077.216,485180.199],[202714.442,485336.2],[203202.665,485683.492],[203114.279,485860.497],[202917.45,486068.663],[202725.381,486163.162],[202223.542,486254.25],[202089.588,486371.419],[202040.855,486502.922],[202014.442,486737.007],[202050.404,487019.144],[202105.908,487151.698],[202258.819,487310.665],[202449.698,487405.019],[203006.151,487499.141],[204695.073,488028.162],[204974.06,488223.704],[205133.945,488404.475],[205305.35,488763.182],[205330.279,488928.954],[205240.228,489644.632],[205324.17,489934.074],[205473.285,490152.914],[205598.049,490484.84],[205350.346,490460.272],[205234.002,490539.313],[205128.718,490699.086],[204804.134,490790.489],[204659.426,490954.102],[204502.951,491273.883],[204416.282,491321.807],[204241.685,491346.82],[204289.46,491564.168],[204498.175,492084.569],[204416.93,492390.199],[204439.455,492721.963],[204522.703,493015.28],[204618.556,493200.847],[204659.906,493208.497],[204724.177,493448.995],[204716.709,493659.838],[204640.614,493749.09],[204587.69,493881.417],[204702.388,494047.703],[204813.702,494140.907],[204417.169,494735.839],[204132.519,494999.991],[203829.026,495199.488],[203723.484,495320.676],[203624.629,495519.211],[203601.832,495827.547],[203667.044,496139.368],[203688.504,496499.104],[203538.218,497933.996],[203420.387,498243.511],[203125.681,498637.587],[202907.988,498869.303],[202581.27,499097.08],[202372.655,499205.838],[201750.659,499436.73],[201300.571,499749.991],[200978.842,500159.574],[200519.191,501272.098],[200280.736,501568.277],[199500.988,502174.11],[198491.455,502633.65],[198323.453,502283.322],[198184.482,502184.901],[197935.062,502086.743],[197635.814,502208.933],[197594.023,502177.581],[197455.934,502210.77],[197085.447,501992.382],[196660.972,501558.362],[196057.039,500863.112],[195432.469,500261.128],[194280.096,498904.066],[193816.02,499728.134],[193485.707,499753.135],[193436.418,499784.128],[193223.579,499711.144],[193027.513,499563.636],[192757.863,499269.972],[192350.67,498899.612],[192304.953,498907.444],[192241.96,498993.925],[191568.069,498616.167],[191065.903,500000.067],[190448.656,501282.542],[189831.098,502242.128],[188787.343,503521.361],[188674.709,503623.736],[188628.053,503592.483],[188477.128,503811.269],[188376.969,503892.539],[188295.648,503833.847],[188192.072,503929.062],[187384.191,503495.379],[187290.255,502978.182],[186880.786,501448.697],[186497.696,500955.131],[186288.046,499792.849],[186138.787,499275.773],[186141.843,499040.233],[185784.342,498242.956],[185179.969,498499.8],[184119.988,496470.025],[184586.096,495859.882],[183722.131,494514.304],[183850.995,494433.165],[183752.255,494299.287],[183541.606,494118.084],[183368.227,493898.939],[182571.96,493237.375],[182212.977,492827.024],[181928.055,492652.714],[180954.472,491776.928],[180100.067,491116.302],[180094.613,491064.924],[179896.006,490863.969],[179457.093,490633.45],[179186.556,490297.646],[178972.61,490122.968],[178835.92,490155.463],[178559.915,490578.565],[178291.922,490403.714],[178567.88,489980.541],[178250.218,489773.188],[178151.8,489583.404],[177354.983,488960.023],[177298.718,489042.551],[176754.421,488801.172],[176212.69,488283.533],[175921.259,488223.704],[175522.52,488031.427],[174845.932,487923.451],[174777.307,487912.104],[173073.439,486426.765],[172547.682,487029.707],[170907.489,486274.976],[170451.205,486064.677],[170288.574,485757.742],[170080.312,486074.987],[169998.475,486140.551],[169866.977,486185.993],[169184.919,486193.717],[168892.296,486133.911],[168657.717,485970.251],[167836.389,484778.336],[167177.846,482732.561],[165776.496,478380.05],[165169.079,476493.407],[165074.526,476240.257],[164970.367,476091.12],[164212.177,475829.85],[161120.059,474934.175],[161070.184,475103.455],[160824.404,475031.451],[160809.256,475082.78],[160587.836,475017.159],[160602.81,474966.273],[160274.265,474869.614],[160294.991,474737.122],[160200.576,474666.148],[156333.31,473523.595],[156190.179,473509.539],[155415.04,470287.989],[155570.823,470139.471],[156372.137,469498.32],[156534.826,470056.455],[157310.219,469454.945],[157376.461,469353.506],[158247.152,468644.324],[158363.853,468571.025],[158384.472,468607.533],[158557.283,468506.24],[158597.979,468661.145],[158647.38,468642.545],[158618.117,468513.071],[158688.349,468474.516],[158578.124,468282.12],[158567.153,468187.485],[158617.487,466906.631],[158573.753,466582.719],[158473.624,466262.996],[158546.554,466226.221],[158628.222,465004.419],[158537.504,464973.312],[158600.959,464775.982],[158787.186,464577.077],[158888.066,464483.363],[159170.107,464396.142],[161059.528,464170.18],[161059.331,464218.968],[161341.765,464187.501],[161289.788,464036.789],[161072.948,464022.499],[160864.37,463964.114],[160888.281,463879.696],[160834.176,463865.613],[160863.872,463749.771],[161047.928,463781.813],[161271.488,463711.663],[161412.837,463565.816],[161500.379,463521.37],[161452.939,463352.805],[161648.482,463323.357],[161617.089,462876.384],[161585.571,462878.901],[161538.391,462588.562],[161454.649,462488.707],[161677.978,462332.405],[162014.052,462224.614],[162492.08,462128.963],[162652.16,462139.388],[162535.101,461475.433],[162716.675,461434.101],[162880.993,461289.667],[163033.418,461224.546],[163238.714,461190.894],[163230.048,461153.106],[163484.425,461064.416],[163687.185,460862.331],[163545.87,460627.383],[163558.438,460446.608],[163359.112,460412.723],[163238.451,460320.009],[163145.199,460295.211],[163087.71,460320.595],[162848.29,460176.352],[162667.173,460245.661],[162581.199,460227.672],[162498.272,459599.486],[162363.201,459616.641],[162397.713,459297.489],[162496.006,459150.83],[162513.912,459040.488],[162727.52,459002.209],[162817.42,459040.512],[163083.722,459071.925],[163056.318,458887.69],[162986.806,458714.069],[163245.512,458607.072],[163260.255,458412.671],[163154.312,458460.893],[162999.857,458393.997],[162907.411,458549.223],[162652.924,458654.909],[162263.005,458618.664],[161911.558,458668.228],[161793.538,458572.605],[162125.629,458483.062],[162285.035,458333.094],[162301.107,458094.912],[161650.13,457485.465],[161706.45,456874.785],[161682.214,456479.227],[161766.405,456171.599],[161143.038,455811.311],[160997.643,455784.82],[160859.004,455664.995],[160798.354,455690.792],[160783.205,455575.732],[160678.405,455492.89],[160261.926,454986.538],[160221.231,455031.443],[159979.091,454869.479],[159995.535,454740.937],[159934.22,454670.393],[160089.879,454552.561],[160348.707,454475.175],[160405.426,454387.787],[160432.924,454192.614],[160474.963,454148.936],[160683.04,454081.247],[160937.215,453852.797],[161097.253,453809.712],[161188.274,453722.821],[161343.339,453686.079],[161633.628,453484.858],[161766.208,453553.795],[161875.719,453544.21],[162086.157,453678.628],[162303.418,453734.962],[162492.013,453702.143],[162723.554,453676.575],[162878.103,453908.959],[163051.201,453917.748],[163082.112,454302.307],[163189.236,454276.615],[163366.605,454306.172],[163424.826,454456.97],[163396.904,454530.354],[163704.711,454503.681],[163849.498,454557.842],[164062.541,454564.178],[164117.584,454473.047],[164292.257,454379.969],[164387.302,454454.413],[164532.495,454686.886],[164855.982,454908.644],[164903.243,455064.056],[164560.927,455192.834],[164845.228,455733.663],[165277.49,455611.097],[165354.727,456056.015],[165133.601,456079.312],[165392.272,456485.998],[165410.721,456625.277],[165075.609,456846.548],[164975.382,456872.213],[164886.734,457122.48],[165572.186,457288.111],[165744.105,457089.437],[165904.785,457147.086],[165827.382,457373.941],[166177.001,457479.132],[166369.277,456970.725],[166456.637,456881.362],[166339.625,456738.905],[166286.97,456586.415],[166203.622,456475.913],[166458.375,456366.181],[166458.081,456152.229],[166550.254,455974.595],[166479.324,455930.316],[166517.639,455543.725],[166492.686,455368.823],[166574.46,455410.179],[166658.295,455332.271],[166617.133,455260.469],[166712.936,455180.921],[166897.949,455144.812],[166892.159,454815.027],[166936.059,454660.26],[167020.324,454567.896],[167042.352,454473.769],[166942.156,453892.033],[166788.084,453639.552],[166899.822,453361.839],[166833.221,452377.486],[166680.018,451338.525],[166756.242,451303.102],[166720.373,451184.137],[167599.201,451092.106],[167537.771,450833.441],[167543.933,450580.121],[167521.597,450581.734],[167362.762,450255.794],[168396.711,449850.208],[168915.233,449582.997],[168889.403,449224.283],[168690.876,449235.637],[168676.832,448977.089],[168745.113,448754.482],[168726.83,448029.916],[168937.099,448009.695],[168895.82,447489.669],[168710.64,447502.729],[168700.546,447129.262],[168646.666,447061.636],[168891.149,446801.3],[168997.447,446551.155],[168976.143,446116.91],[169063.058,445904.095],[169371.006,445666.881],[169787.842,445196.144],[169932.777,445097.724],[170013.96,445108.537]]]}},{"type":"Feature","properties":{"name":"Utrecht"},"geometry":{"type":"Polygon","coordinates":[[[123129.07,440033.024],[123309.84,440350.187],[123548.671,440245.595],[123570.812,440136.756],[123643.608,440156.714],[123719.937,439999.582],[124186.433,437923.812],[124267.347,437950.517],[124370.549,438039.446],[124569.883,438261.025],[124651.473,438400.159],[124773.922,438450.317],[124835.922,438165.175],[124910.579,438216.071],[125342.942,436450.476],[125387.515,436413.718],[125508.882,436396.034],[125585.993,436258.453],[125644.233,436334.1],[125932.35,436197.794],[125827.923,436118.685],[125890.784,436060.575],[125891.337,435877.662],[126137.703,435816.377],[126552.148,435543.253],[126540.386,434388.066],[126589.749,434378.05],[128002.457,434963.51],[128098.402,434260.174],[128060.505,433817.681],[128305.73,432911.114],[128246.937,432673.725],[128079.08,432431.859],[127997.682,432187.419],[127998.21,431959.503],[128076.208,431711.256],[128785.254,432084.379],[128798.563,432028.68],[130204.665,432660.694],[130216.329,432624.477],[130099.285,432536.052],[129943.873,431990.996],[129912.039,431808.248],[129926.249,431558.18],[129832.443,431214.03],[129999.237,430913.132],[130215.844,430631.519],[130222.17,430217.665],[130179.409,430061.281],[131390.273,430110.611],[131684.506,430053.214],[131801.633,429989.421],[131795.589,430030.67],[131891.92,429968.198],[132041.457,429955.217],[132462.62,430054.716],[132658.096,430225.343],[132683.824,430325.805],[132652.037,430403.994],[132082.087,430743.567],[131942.988,430886.838],[131887.082,431011.426],[131882.931,431186.731],[131944.532,431402.453],[132007.236,431537.176],[132101.115,431644.944],[132178.38,431704.448],[132609.979,431814.98],[132989.618,431780.142],[133416.364,431792.748],[133873.727,431946.558],[134279.501,432495.754],[134357.089,432735.193],[134414.186,433217.092],[134466.823,433310.721],[134584.316,433397.634],[134773.442,433418.116],[135096.995,433294.548],[135424.691,433381.539],[135635.788,433396.46],[136105.797,433282.184],[136207.97,433440.118],[136437.84,433794.45],[136491.784,434216.138],[136392.6,434309.462],[136392.624,434436.351],[136561.933,434480.283],[137461.323,436290.603],[137691.36,436229.111],[137751.392,436269.179],[137701.287,436682.34],[138167.111,437416.608],[138594.047,437932.203],[138607.471,438040.802],[138538.803,438220.986],[138649.295,438358.527],[138735.843,438335.771],[138777.902,438358.109],[138952.33,438748.893],[139618.572,439846.856],[140000.026,440720.401],[140750.503,442151.864],[141402.143,441653.061],[141752.531,441435.669],[142321.04,441257.239],[142647.733,441243.237],[142876.215,441289.794],[143047.677,441364.479],[143299.658,441543.84],[143476.296,441723.833],[143764.838,442147.564],[144050.822,442775.085],[144217.489,443063.323],[144428.636,443276.763],[144620.422,443372.709],[144970.717,443408.93],[145091.351,443386.16],[145244.787,443307.755],[145364.852,443219.685],[145698.152,442814.578],[146010.852,442503.377],[146343.979,442238.332],[146946.639,441908.005],[147176.845,441805.784],[147871.968,441631.574],[148735.599,441539.634],[149002.027,441480.286],[149234.29,441379.827],[150032.212,440803.054],[150197.3,440741.813],[150491.359,440725.409],[151060.923,440870.899],[151476.028,441100.614],[151632.992,441263.108],[152325.584,442163.705],[152760.391,442411.762],[153114.457,442497.286],[153379.397,442506.595],[154111.3,442329.85],[154640.744,442308.592],[155005.918,442385.403],[155258.04,442481.314],[155844.319,442756.798],[156851.691,443020.251],[157137.229,443144.251],[157536.591,443416.073],[158006.335,443901.027],[158235.015,444028.06],[158436.901,444091.834],[158924.882,444124.905],[159619.157,443885.687],[160122.673,443887.904],[160739.779,443831.724],[161219.452,443897.052],[161487.942,443933.609],[161829.528,443940.463],[161811.136,443876.742],[162038.1,443788.386],[162782.321,443367.215],[163433.523,442828.398],[163577.235,442747.981],[165164.095,442276.896],[165488.435,442137.94],[165699.683,441914.706],[166112.229,441255.24],[166446.111,440967.004],[166763.007,440785.669],[167022.321,440675.086],[168143.708,440452.117],[168720.258,440269.483],[169120.126,440099.541],[169703.055,439644.568],[170045.033,439444.378],[170760.337,440129.486],[170939.081,439980.245],[171041.147,440000.543],[171012.574,440367.102],[171239.449,440416.232],[171351.79,440381.831],[171504.359,440468.892],[171506.705,440591.117],[171483.117,440874.969],[171333.271,441346.043],[171026.594,442028.339],[170884.831,441991.392],[170880.088,442013.406],[170955.287,442105.323],[171174.731,442239.317],[171330.729,442469.852],[171424.137,442860.23],[171187.767,443125.141],[171006.084,443248.496],[170927.2,443423.475],[170648.61,443837.696],[170659.469,444109.757],[170598.055,444242.017],[170563.922,444679.878],[170303.551,445042.386],[170105.648,445120.274],[170013.96,445108.537],[169932.777,445097.724],[169787.842,445196.144],[169371.006,445666.881],[169063.058,445904.095],[168976.143,446116.91],[168997.447,446551.155],[168891.149,446801.3],[168646.666,447061.636],[168700.546,447129.262],[168710.64,447502.729],[168895.82,447489.669],[168937.099,448009.695],[168726.83,448029.916],[168745.113,448754.482],[168676.832,448977.089],[168690.876,449235.637],[168889.403,449224.283],[168915.233,449582.997],[168396.711,449850.208],[167362.762,450255.794],[167521.597,450581.734],[167543.933,450580.121],[167537.771,450833.441],[167599.201,451092.106],[166720.373,451184.137],[166756.242,451303.102],[166680.018,451338.525],[166833.221,452377.486],[166899.822,453361.839],[166788.084,453639.552],[166942.156,453892.033],[167042.352,454473.769],[167020.324,454567.896],[166936.059,454660.26],[166892.159,454815.027],[166897.949,455144.812],[166712.936,455180.921],[166617.133,455260.469],[166658.295,455332.271],[166574.46,455410.179],[166492.686,455368.823],[166517.639,455543.725],[166479.324,455930.316],[166550.254,455974.595],[166458.081,456152.229],[166458.375,456366.181],[166203.622,456475.913],[166286.97,456586.415],[166339.625,456738.905],[166456.637,456881.362],[166369.277,456970.725],[166177.001,457479.132],[165827.382,457373.941],[165904.785,457147.086],[165744.105,457089.437],[165572.186,457288.111],[164886.734,457122.48],[164975.382,456872.213],[165075.609,456846.548],[165410.721,456625.277],[165392.272,456485.998],[165133.601,456079.312],[165354.727,456056.015],[165277.49,455611.097],[164845.228,455733.663],[164560.927,455192.834],[164903.243,455064.056],[164855.982,454908.644],[164532.495,454686.886],[164387.302,454454.413],[164292.257,454379.969],[164117.584,454473.047],[164062.541,454564.178],[163849.498,454557.842],[163704.711,454503.681],[163396.904,454530.354],[163424.826,454456.97],[163366.605,454306.172],[163189.236,454276.615],[163082.112,454302.307],[163051.201,453917.748],[162878.103,453908.959],[162723.554,453676.575],[162492.013,453702.143],[162303.418,453734.962],[162086.157,453678.628],[161875.719,453544.21],[161766.208,453553.795],[161633.628,453484.858],[161343.339,453686.079],[161188.274,453722.821],[161097.253,453809.712],[160937.215,453852.797],[160683.04,454081.247],[160474.963,454148.936],[160432.924,454192.614],[160405.426,454387.787],[160348.707,454475.175],[160089.879,454552.561],[159934.22,454670.393],[159995.535,454740.937],[159979.091,454869.479],[160221.231,455031.443],[160261.926,454986.538],[160678.405,455492.89],[160783.205,455575.732],[160798.354,455690.792],[160859.004,455664.995],[160997.643,455784.82],[161143.038,455811.311],[161766.405,456171.599],[161682.214,456479.227],[161706.45,456874.785],[161650.13,457485.465],[162301.107,458094.912],[162285.035,458333.094],[162125.629,458483.062],[161793.538,458572.605],[161911.558,458668.228],[162263.005,458618.664],[162652.924,458654.909],[162907.411,458549.223],[162999.857,458393.997],[163154.312,458460.893],[163260.255,458412.671],[163245.512,458607.072],[162986.806,458714.069],[163056.318,458887.69],[163083.722,459071.925],[162817.42,459040.512],[162727.52,459002.209],[162513.912,459040.488],[162496.006,459150.83],[162397.713,459297.489],[162363.201,459616.641],[162498.272,459599.486],[162581.199,460227.672],[162667.173,460245.661],[162848.29,460176.352],[163087.71,460320.595],[163145.199,460295.211],[163238.451,460320.009],[163359.112,460412.723],[163558.438,460446.608],[163545.87,460627.383],[163687.185,460862.331],[163484.425,461064.416],[163230.048,461153.106],[163238.714,461190.894],[163033.418,461224.546],[162880.993,461289.667],[162716.675,461434.101],[162535.101,461475.433],[162652.16,462139.388],[162492.08,462128.963],[162014.052,462224.614],[161677.978,462332.405],[161454.649,462488.707],[161538.391,462588.562],[161585.571,462878.901],[161617.089,462876.384],[161648.482,463323.357],[161452.939,463352.805],[161500.379,463521.37],[161412.837,463565.816],[161271.488,463711.663],[161047.928,463781.813],[160863.872,463749.771],[160834.176,463865.613],[160888.281,463879.696],[160864.37,463964.114],[161072.948,464022.499],[161289.788,464036.789],[161341.765,464187.501],[161059.331,464218.968],[161059.528,464170.18],[159170.107,464396.142],[158888.066,464483.363],[158787.186,464577.077],[158600.959,464775.982],[158537.504,464973.312],[158628.222,465004.419],[158546.554,466226.221],[158473.624,466262.996],[158573.753,466582.719],[158617.487,466906.631],[158567.153,468187.485],[158578.124,468282.12],[158688.349,468474.516],[158618.117,468513.071],[158647.38,468642.545],[158597.979,468661.145],[158557.283,468506.24],[158384.472,468607.533],[158363.853,468571.025],[158247.152,468644.324],[157376.461,469353.506],[157310.219,469454.945],[156534.826,470056.455],[156372.137,469498.32],[155570.823,470139.471],[155415.04,470287.989],[156190.179,473509.539],[156071.701,473498.052],[155411.906,474124.416],[151749.51,477749.695],[151469.792,478026.655],[149450.747,476589.204],[146728.265,477109.996],[145224.439,474074.19],[145292.447,474056.254],[143781.158,470809.961],[143889.544,470803.374],[143498.713,469358.191],[143346.336,468747.83],[143341.673,468712.181],[143383.794,468703.571],[143264.522,468475.932],[141692.055,465539.881],[141427.856,465525.354],[138320.002,465813.65],[138309.0,465786.094],[137007.452,465892.503],[136836.193,465902.918],[136409.335,465783.503],[134024.049,465079.546],[131665.105,464237.863],[131399.442,466179.582],[131351.45,466233.717],[130754.276,466272.702],[130798.014,466336.131],[130829.526,466501.091],[130915.756,466576.997],[130966.892,466841.22],[130942.098,467002.226],[131002.605,467105.908],[131021.817,467324.39],[131138.215,467520.374],[131069.396,467831.351],[130698.352,467879.439],[130579.378,467987.837],[130436.09,468051.797],[130318.188,468208.54],[130095.016,468229.627],[130006.86,468337.884],[130108.301,468281.743],[130111.099,468362.394],[130060.006,468357.143],[130073.189,468490.759],[130132.392,468477.723],[130117.726,468388.675],[130234.133,468365.561],[130275.422,468488.468],[131032.675,468281.864],[131088.646,468603.755],[130945.358,468637.104],[131026.606,469110.802],[130834.327,469137.659],[130881.582,469500.313],[130842.584,469506.011],[130846.152,469571.806],[131044.126,469560.22],[131080.761,469624.13],[131066.359,469649.234],[130969.186,469651.818],[130984.876,469730.294],[131055.742,469729.061],[131074.42,469895.754],[131051.374,469963.402],[130979.569,469995.571],[131069.162,470751.506],[131225.847,470724.439],[131230.439,470763.025],[131067.097,470804.978],[131078.781,470861.388],[131182.305,470848.984],[131283.514,471051.778],[131312.167,471042.74],[131345.535,471133.817],[131453.072,471247.906],[131316.247,471359.766],[131374.15,471395.984],[131389.631,471476.131],[131438.919,471439.402],[132343.318,471907.166],[132432.939,471995.879],[132493.234,471968.012],[132386.881,472186.684],[131672.708,472881.387],[131707.942,473039.105],[131723.969,473462.668],[131582.295,473801.189],[131502.146,474272.662],[131414.977,474349.459],[131301.22,474334.313],[131230.617,474255.71],[131085.62,473965.229],[130973.771,473902.127],[130904.848,473946.578],[130731.119,474187.701],[130676.33,474383.628],[130782.378,474581.327],[130785.246,474734.969],[130714.698,474869.833],[130403.766,475147.248],[130381.26,475241.156],[130459.91,475400.82],[130475.097,475538.213],[130437.465,475623.74],[130249.264,475827.958],[130131.391,476129.075],[130157.66,476174.784],[130216.42,476194.017],[130479.341,476071.317],[130624.433,476060.42],[130681.505,476111.043],[130835.031,476415.937],[131433.542,476707.18],[131563.607,476711.681],[131885.492,476595.064],[131962.224,476665.637],[131966.784,476992.846],[132035.6,477138.561],[132372.76,477284.268],[132681.56,477501.056],[132836.313,477499.916],[132913.978,477090.003],[132987.223,477018.356],[133074.107,476997.999],[133035.506,477510.934],[133007.673,477504.659],[132969.818,477623.269],[132880.429,477752.234],[132646.198,477980.879],[132175.866,477656.129],[132016.527,477807.185],[131823.392,477499.882],[131498.448,477225.477],[131366.822,477377.258],[131277.964,477310.59],[131180.203,477379.432],[130853.064,477643.324],[130661.963,477897.667],[130243.048,477103.476],[130075.193,477263.038],[130058.705,479454.604],[129716.759,479498.733],[129726.342,479525.387],[129568.414,479600.077],[129392.795,479556.756],[129253.829,479400.926],[129134.87,479355.316],[128944.926,479009.942],[128849.622,479015.119],[128807.884,478746.243],[128715.575,478725.481],[128708.659,478393.223],[128409.999,477978.853],[127462.441,478124.064],[127394.999,478020.462],[126888.577,477668.487],[126518.427,477323.009],[126450.051,477050.913],[126371.209,476923.58],[126299.131,476974.512],[126251.045,477067.309],[126203.666,477023.023],[125997.921,476995.796],[125926.014,476778.915],[125769.314,476784.067],[125653.436,476825.476],[125532.148,476788.867],[125434.696,476755.512],[125166.306,476799.96],[124972.947,476870.727],[124752.52,476782.945],[124657.231,476780.58],[124535.679,476868.782],[124307.844,476930.44],[124234.087,476998.882],[124057.242,477077.148],[123886.803,477039.162],[123683.449,476944.533],[123547.483,476962.808],[123523.106,476778.317],[123578.194,476640.442],[123577.575,476467.705],[123637.169,476291.582],[123568.254,476144.758],[123647.886,476076.325],[123675.41,475954.76],[123756.655,475843.926],[123753.956,475697.461],[123489.281,475592.602],[123427.792,475536.582],[123370.832,475190.519],[123329.037,475102.997],[123005.492,474985.8],[122967.074,474946.605],[123008.998,474625.053],[122911.361,474393.473],[122718.434,474257.592],[122478.056,473958.247],[122393.859,473932.486],[122308.359,473952.577],[122076.63,474019.925],[121936.552,474016.575],[121852.142,473969.628],[121729.652,473814.677],[121626.029,473769.978],[121462.928,473811.803],[121386.62,473903.169],[121168.847,474037.893],[121099.708,474018.06],[120942.453,473820.862],[120817.409,473775.493],[120753.411,473833.237],[120633.302,474056.434],[120533.366,474086.002],[120220.457,473995.227],[119945.621,473756.94],[119838.384,473806.936],[119688.475,474044.443],[119568.888,473836.895],[119428.385,473799.237],[119231.247,473602.881],[118968.052,473443.953],[118821.375,473400.015],[118773.229,473274.302],[118672.64,473192.256],[118649.489,472829.531],[118584.093,472779.107],[118453.311,472791.086],[118399.596,472754.987],[118449.429,472533.477],[118388.728,472435.066],[118342.987,472424.722],[118218.285,472520.723],[118122.841,472536.732],[118051.225,472340.269],[117820.263,472193.901],[117792.181,472056.587],[117498.195,472043.56],[117278.216,471809.234],[117109.049,471731.581],[116921.394,471551.322],[116503.397,471444.62],[116304.115,471350.261],[116145.631,471331.974],[115973.012,471214.943],[115816.359,471156.707],[115481.294,471144.959],[115253.34,471253.765],[115014.926,471135.96],[114505.779,471126.52],[114495.922,470764.539],[114592.152,470766.757],[114667.085,470418.94],[115018.43,470108.33],[114978.054,469775.47],[114968.02,468595.183],[115052.17,468267.661],[115790.4,468355.566],[115746.834,468288.428],[115838.88,468075.071],[116364.661,467709.334],[116460.894,467488.725],[116448.233,467390.354],[116549.834,467309.732],[116648.233,467163.824],[116736.604,467113.518],[116844.549,466945.009],[117135.202,466745.843],[117176.357,466645.335],[117265.682,466583.57],[117353.912,466381.677],[117846.853,465907.256],[118261.005,465833.297],[118343.88,465792.796],[118423.257,465811.292],[118540.478,465771.821],[118621.192,465786.082],[119417.805,465169.576],[121097.595,463850.971],[121135.593,463854.105],[121135.808,463810.377],[120820.042,463654.657],[119853.953,463222.964],[119905.285,461314.705],[119685.165,461302.69],[119620.512,461250.968],[119257.091,461152.541],[118555.628,461135.994],[118390.132,461254.371],[118354.398,461361.559],[118310.889,461398.375],[118218.407,461394.831],[118061.47,461326.844],[117967.211,461388.24],[117745.229,461383.947],[117687.123,461427.22],[117655.322,461545.454],[117562.858,461616.636],[117381.38,461513.14],[117318.704,461774.641],[117143.248,461778.534],[117136.494,461844.398],[117048.887,461989.766],[116877.453,461838.757],[116644.99,461715.708],[116300.919,461679.322],[116208.545,461706.801],[116002.246,461522.938],[115957.885,461405.291],[115899.133,461403.639],[115721.885,461489.931],[115530.321,461341.632],[115395.998,461156.777],[115407.423,460996.688],[115313.967,460932.455],[115404.33,460565.451],[115363.424,460523.329],[115326.387,460348.327],[115333.981,460227.322],[115204.161,460053.563],[115033.218,459961.918],[114986.403,459837.511],[114938.256,459798.901],[114658.755,459829.979],[114321.698,459676.955],[114243.335,459516.264],[116506.192,457797.946],[116440.197,457610.032],[116348.06,457585.268],[116346.525,457493.598],[116366.396,456140.311],[116511.932,454759.795],[116566.564,454732.615],[116542.121,454187.002],[116844.177,454224.566],[116860.136,454151.01],[117012.19,454207.593],[116984.897,453978.155],[117071.955,453966.865],[116780.905,453320.149],[117321.634,453501.505],[117580.853,453550.509],[118250.573,453560.766],[118578.345,453525.258],[119037.586,453548.68],[119125.123,453492.862],[119118.328,453544.259],[119755.38,453507.445],[119411.687,452928.877],[119241.962,452795.966],[118996.887,452695.425],[118586.223,452446.734],[118015.309,452338.063],[117678.847,452125.78],[116741.804,451427.482],[116756.755,451391.318],[116010.897,450149.679],[115887.241,449999.943],[115508.5,449653.231],[115167.286,449594.806],[115394.064,448888.043],[114607.41,448365.468],[114927.524,447452.097],[115135.613,447469.512],[115740.798,447440.179],[116405.814,447800.318],[116973.655,447712.345],[117427.172,447737.447],[117914.983,447897.573],[118595.461,446525.444],[118344.952,446396.992],[115903.587,445867.616],[117083.245,444341.589],[117015.454,444284.36],[117020.078,444255.508],[117791.757,443097.821],[117910.597,443121.08],[118623.876,442423.628],[118737.46,442379.077],[118803.974,442301.769],[119046.121,441857.372],[119153.334,441468.249],[119475.569,440854.74],[119528.971,440819.147],[119976.859,438942.148],[121164.696,439153.421],[122409.844,439443.485],[122679.464,439587.761],[122918.735,439794.607],[123129.07,440033.024]]]}},{"type":"Feature","properties":{"name":"Limburg"},"geometry":{"type":"Polygon","coordinates":[[[191775.528,414447.317],[192381.807,414405.062],[192788.938,414329.168],[193332.515,414161.391],[193683.604,414012.602],[193981.715,413848.964],[194200.085,413654.124],[194270.246,413551.536],[194328.005,413289.697],[194347.164,412479.666],[194808.448,410672.739],[194912.853,410078.504],[194939.914,409374.623],[194855.356,408132.15],[194879.812,407735.098],[194943.811,407374.408],[195047.924,407074.728],[195229.359,406775.277],[195519.376,406480.933],[195815.735,406309.319],[196151.52,406143.995],[197178.965,405496.737],[197538.937,405122.876],[197890.69,404822.012],[198168.57,404492.501],[198763.411,403947.125],[198962.51,403641.618],[199099.723,403212.414],[199127.007,402674.942],[199103.839,401831.014],[199166.041,401310.37],[199255.528,401010.257],[199386.709,400741.442],[199903.49,400145.889],[200173.18,399655.59],[200222.133,399301.616],[200087.504,398574.231],[200121.465,397978.247],[200348.179,397381.433],[200614.185,397016.344],[200808.048,396825.345],[200708.1,396731.094],[200594.089,396872.64],[200468.422,396826.948],[200576.436,396707.819],[200346.797,396612.796],[200269.151,396617.217],[200079.659,396782.242],[199880.996,396708.822],[199845.386,396661.778],[199762.143,396632.613],[199855.189,396491.251],[199701.87,396139.764],[198728.367,397368.814],[197779.675,398102.607],[197380.319,397925.177],[197027.908,397698.159],[196602.846,397515.57],[195853.031,397126.167],[193010.348,396216.142],[192109.003,396123.271],[190998.639,396031.624],[189941.548,396931.21],[188543.237,397192.409],[186261.447,397600.083],[187312.074,390673.183],[187898.678,389295.461],[188672.817,384684.436],[188900.155,384265.355],[190867.213,380963.901],[191723.953,379518.549],[192868.815,377412.124],[190430.628,375205.093],[188927.056,373891.931],[188658.4,373813.323],[186563.666,373176.852],[181709.01,371692.421],[174858.566,369567.584],[173603.867,367843.629],[172913.125,366836.612],[172088.663,365634.048],[171664.198,364962.131],[171634.799,364872.478],[171504.559,362237.019],[171160.942,360020.186],[169477.54,359449.802],[169481.415,359647.617],[167511.26,359066.896],[168630.847,358620.26],[168807.91,358549.648],[169065.104,358447.111],[169919.813,358096.487],[169952.45,358083.066],[170379.326,357908.059],[170974.652,357664.025],[171176.103,357581.445],[171667.13,357380.272],[172069.385,357215.505],[172407.067,357077.193],[172451.964,357058.823],[172463.369,357054.969],[172717.964,356968.904],[172787.655,356906.123],[172805.78,356889.832],[173047.896,356798.623],[173133.091,356750.92],[173289.095,356663.589],[173446.119,356575.71],[173478.407,356557.637],[173569.949,356506.405],[173615.942,356305.208],[173655.829,356130.689],[173375.152,356057.079],[173638.337,355598.844],[173745.215,355412.779],[173943.159,355068.242],[173960.986,355078.098],[174047.786,355125.926],[174079.314,355155.247],[174121.029,355180.49],[174174.953,355184.976],[174213.388,355180.837],[174333.049,355236.47],[174389.863,355243.472],[174441.502,355232.655],[174483.827,355207.729],[174643.169,355197.771],[174701.162,355171.239],[174745.901,355173.136],[174803.424,355195.832],[174857.774,355189.535],[174874.142,355187.652],[174977.325,355164.247],[175020.278,355149.174],[175228.152,355076.123],[175245.359,354862.755],[175467.409,354928.556],[175541.118,355046.835],[175677.092,354999.435],[175970.365,355077.006],[176022.205,355154.427],[176134.843,355154.058],[176196.487,355117.379],[176216.215,355047.483],[176307.593,354948.517],[176542.211,354840.475],[176589.403,354957.378],[176632.26,354999.557],[176694.027,354976.456],[176987.027,354968.365],[176970.378,354832.066],[177289.218,354793.009],[177304.469,354791.128],[177439.381,354784.044],[177483.445,354670.093],[177528.907,354604.099],[177615.406,354690.591],[177891.435,354946.922],[178018.876,354998.838],[178121.504,355048.142],[178246.139,355077.967],[178387.563,355067.544],[178460.42,355120.5],[178587.418,355129.875],[178631.976,355133.196],[178652.037,355081.501],[178718.601,355103.894],[178729.454,355168.025],[178928.293,355191.872],[178987.333,355118.723],[179214.495,355156.286],[179231.672,355249.319],[179546.916,355280.53],[179609.781,355155.229],[179654.874,355119.791],[179677.26,355305.356],[179804.634,355408.659],[179880.704,355400.964],[179905.949,355492.759],[180059.36,355623.786],[180297.576,355533.735],[180600.562,355279.366],[180616.807,355253.526],[180827.011,355177.821],[180771.652,355070.962],[181540.428,355001.475],[182235.506,354412.274],[182102.519,354073.359],[181979.364,353849.034],[182025.474,353765.616],[182184.837,353750.386],[182357.182,353733.896],[182461.485,353670.764],[182263.238,353553.888],[182180.823,353525.802],[181982.304,353458.165],[181941.907,353413.006],[181867.374,353474.525],[181808.375,353461.921],[181733.948,353410.133],[181760.624,353004.647],[181779.838,352848.939],[181839.328,352816.154],[181877.165,352857.127],[181956.326,352894.424],[182028.096,352867.658],[182083.362,352794.135],[182075.481,352941.28],[182220.58,352956.125],[182263.632,352707.65],[182329.06,352644.753],[182381.7,352735.872],[182431.241,352726.404],[182459.35,352273.703],[182244.645,352104.061],[182239.771,351988.166],[182185.975,351862.665],[182137.436,351774.129],[182271.268,351717.157],[182334.516,351403.875],[182411.118,351432.711],[182577.315,351474.324],[182646.43,351496.391],[182720.77,351541.74],[182835.818,351595.822],[182900.023,351690.014],[182933.607,351779.31],[183038.778,351840.575],[183123.681,351872.025],[183364.752,352052.419],[183436.911,352059.662],[183485.678,352077.734],[183589.994,352052.006],[183770.426,352113.707],[184037.517,352319.756],[184018.847,352484.303],[184115.48,352559.615],[184126.379,352568.132],[184227.454,352691.81],[184319.855,352680.825],[184774.872,352301.416],[184817.72,352265.676],[184831.273,352263.029],[184932.198,352243.427],[184944.969,352457.385],[184978.72,352564.997],[185025.026,352678.58],[185143.968,352775.625],[185285.503,352948.347],[185570.212,353237.743],[185725.175,353127.476],[185738.03,353118.263],[185790.344,353067.124],[185801.017,352956.103],[185821.431,352894.258],[185871.411,352830.478],[185917.927,352842.219],[185970.824,352822.569],[186081.016,352716.214],[186125.616,352657.966],[186171.698,352649.347],[186180.335,352586.709],[186187.685,352574.516],[186236.769,352492.711],[186186.05,352372.693],[186186.137,352284.026],[186260.796,352236.087],[186345.29,352198.89],[186407.155,352121.616],[186453.615,352103.6],[186586.264,352052.241],[186495.731,351871.286],[186451.52,351660.134],[186692.983,351535.132],[186705.407,351523.083],[187054.655,351183.438],[187134.808,351161.468],[187203.702,351121.962],[187521.98,350863.868],[187707.188,350736.498],[187782.004,350675.343],[187705.819,350595.142],[187509.69,350475.017],[187229.735,350362.047],[187167.68,350303.137],[187151.448,350280.062],[187124.665,350254.472],[187023.194,350057.752],[186887.134,349379.595],[186834.742,349272.688],[186749.406,349161.016],[186687.436,349135.989],[186612.444,349110.938],[186492.384,349106.359],[186255.534,349106.185],[186119.118,349091.78],[185989.191,349080.811],[185830.517,349042.47],[185720.425,348992.189],[185586.799,348891.205],[185510.394,348825.832],[185374.834,348659.926],[185188.02,348381.245],[185032.567,348177.46],[184864.756,348025.396],[184849.718,348010.623],[184704.736,347868.321],[184610.231,347731.934],[184557.369,347586.11],[184464.293,347279.128],[184461.493,347127.197],[184514.371,346925.913],[184628.792,346728.323],[184751.611,346605.601],[184878.814,346548.602],[185144.811,346548.884],[185545.001,346595.815],[185743.493,346559.234],[185916.248,346470.773],[186058.201,346351.925],[186164.563,346241.597],[186221.756,346074.511],[186256.604,345907.956],[186243.535,345690.989],[186239.03,345665.93],[186199.464,345445.853],[186076.251,345231.22],[185843.512,344972.651],[185643.348,344862.81],[185537.558,344839.204],[185428.884,344876.327],[184877.966,345195.211],[184725.875,345237.603],[184598.059,345255.997],[184424.626,345240.089],[184250.524,345206.438],[184032.451,345075.364],[183846.931,344959.28],[183790.582,344894.714],[183784.735,344888.006],[183689.889,344779.336],[183637.297,344656.331],[183629.955,344559.722],[183624.277,344485.263],[183645.902,344370.794],[183699.129,344256.336],[184086.51,343779.748],[184198.996,343568.008],[184247.237,343428.161],[184265.668,343293.373],[184228.808,343151.816],[184157.09,343075.867],[183994.324,342963.912],[183850.079,342859.855],[183757.686,342744.634],[183746.793,342731.056],[183726.233,342685.549],[183715.727,342659.179],[183703.038,342572.109],[183751.534,342330.018],[183922.679,341825.618],[183997.376,341663.89],[183981.986,341484.686],[183947.828,341375.855],[183859.46,341245.024],[183819.445,341223.271],[183649.769,341131.426],[183467.837,341105.324],[183315.545,341107.484],[183193.891,341135.238],[182807.166,341392.842],[182440.943,341553.851],[182223.795,341560.313],[182131.017,341526.334],[182018.397,341445.915],[181968.777,341250.017],[182012.247,340751.113],[181954.083,340312.029],[181810.174,339860.147],[181526.042,339191.545],[181193.671,338709.839],[181072.545,338500.847],[181029.649,338321.513],[181043.823,338141.246],[181064.987,338083.224],[181148.778,337960.495],[181156.283,337953.802],[181297.004,337879.817],[181718.036,337778.863],[181902.026,337690.712],[182033.892,337603.127],[182105.251,337528.631],[182172.16,337446.714],[182269.17,337266.111],[182307.742,337078.3],[182275.052,336911.804],[182152.786,336719.356],[182124.861,336685.666],[182100.532,336648.546],[181716.631,336060.901],[181653.94,335902.709],[181596.449,335579.891],[181595.1,335522.033],[181594.47,335494.55],[181627.375,335280.394],[181686.256,334897.047],[181692.855,334714.628],[181665.406,334552.781],[181662.797,334453.475],[181552.391,334239.021],[181445.979,334099.24],[180980.056,333613.472],[180825.885,333407.768],[180499.846,332699.078],[180319.005,332480.464],[180005.288,332330.795],[179653.196,332227.242],[179542.809,332069.292],[179485.615,331963.72],[179454.542,331837.134],[179434.512,331706.764],[179301.869,331446.362],[179256.954,331371.055],[178988.111,331142.728],[178804.754,330888.111],[178521.017,330519.73],[178437.339,330358.978],[178405.203,330288.298],[178403.679,330075.301],[178501.167,329836.722],[178657.955,329692.759],[178736.291,329641.778],[179023.9,329557.396],[179131.216,329576.144],[179358.132,329615.819],[179497.043,329668.712],[179647.528,329791.252],[179785.159,329940.435],[179910.213,330088.281],[180050.379,330211.617],[180133.939,330228.602],[180416.38,330185.824],[180582.346,330098.37],[180787.685,329929.682],[180794.153,329922.038],[180910.748,329783.838],[181074.36,329520.61],[181113.41,329330.791],[181103.146,329262.374],[181058.819,329114.073],[180979.916,329006.705],[180714.25,328913.309],[180472.146,328800.017],[180284.075,328687.114],[180211.8,328506.364],[180185.77,328260.593],[180182.408,328229.482],[180102.794,327951.965],[179937.332,327539.084],[179815.344,327311.429],[179747.398,327209.696],[179621.839,327078.372],[179472.228,326947.382],[179219.556,326641.913],[179110.304,326475.913],[178985.023,326255.049],[178899.069,326050.057],[178851.664,325893.696],[178824.83,325667.787],[178879.304,325203.732],[178871.363,325013.177],[178786.109,324788.277],[178722.478,324661.935],[178670.015,324584.04],[178584.944,324453.763],[178434.624,324347.832],[178245.662,324308.37],[178137.839,324330.357],[178083.523,324356.925],[177929.85,324432.111],[177736.249,324606.528],[177623.995,324686.245],[177403.087,324716.261],[177146.593,324648.122],[176946.967,324561.547],[176863.256,324489.878],[176786.321,324354.159],[176742.128,324209.235],[176774.824,323771.822],[176763.628,323641.5],[176739.854,323416.06],[176703.035,323205.418],[176532.55,322797.745],[176319.882,322570.186],[175945.139,322274.556],[175789.446,322110.942],[175673.037,321931.804],[175577.293,321686.558],[175553.848,321521.813],[175574.879,321234.314],[175494.579,321250.959],[175480.104,321253.961],[175445.256,321256.326],[175319.101,321264.893],[175122.934,321278.252],[175106.073,321279.409],[174951.807,321368.366],[174849.754,321323.805],[174753.516,321230.541],[174664.098,321175.352],[174466.26,321053.282],[174325.006,321014.591],[174273.128,320875.166],[174098.455,320745.52],[173939.995,320778.922],[173726.304,320507.357],[173587.852,320622.723],[173403.05,320414.967],[173337.571,320458.455],[173080.121,320206.675],[173458.368,319868.091],[173308.383,319709.692],[172897.597,319404.369],[173067.812,319261.117],[172946.777,319101.161],[173037.184,318990.227],[172955.471,318899.607],[173079.95,318842.247],[173036.216,318794.09],[172999.181,318753.298],[172914.257,318663.446],[173034.598,318582.82],[172815.877,318248.922],[172909.499,318118.138],[172933.318,317951.847],[172981.715,317836.594],[172818.387,317767.663],[172844.757,317586.195],[172729.234,317570.889],[172742.581,317396.94],[172785.045,317327.5],[172973.756,317069.666],[172898.016,317035.026],[173004.563,316880.927],[172938.26,316795.423],[173181.454,316646.867],[173061.284,316484.354],[173170.02,316393.511],[173338.537,316252.376],[173363.622,316162.019],[173392.409,315962.262],[173506.207,316036.093],[173509.292,316030.264],[173541.069,315970.47],[173575.491,315920.031],[173609.074,315838.718],[173567.507,315652.67],[173543.515,315486.655],[173426.372,315251.554],[173455.535,315194.755],[173638.271,315324.016],[173950.419,314968.209],[173901.642,314914.575],[173968.844,314844.345],[173822.852,314636.775],[173881.58,314620.024],[173804.981,314493.699],[174142.645,314324.339],[174428.558,314306.663],[174531.245,314203.144],[174746.951,314144.558],[174747.211,314251.47],[174794.078,314251.26],[174818.384,314253.578],[174864.74,314257.984],[174900.669,314261.405],[174905.841,314190.559],[175130.419,314162.561],[175156.196,314058.699],[175510.002,314102.146],[175525.841,313938.783],[175600.723,313860.15],[175610.444,313737.981],[175656.731,313637.541],[175731.869,313637.175],[175754.6,313637.099],[175836.037,313735.049],[175932.967,313774.49],[175963.98,313704.973],[176049.01,313655.257],[176120.746,313642.034],[176175.282,313603.598],[176324.196,313583.018],[176402.198,313640.189],[176488.954,313625.587],[176516.427,313620.918],[176528.277,313618.965],[176564.532,313612.831],[176565.509,313581.462],[176567.414,313521.841],[176604.299,313474.881],[176612.909,313463.959],[176714.496,313334.724],[176796.35,313230.55],[176887.705,313114.291],[176972.768,312912.178],[176934.914,312687.96],[176790.74,312447.551],[176768.4,312420.478],[176725.438,312368.344],[176673.32,312305.157],[176664.272,312294.161],[176608.26,312226.231],[176604.051,312221.152],[176535.867,312138.431],[176444.394,311983.969],[176431.862,311801.467],[176621.422,311499.659],[176684.211,311399.742],[176767.896,311077.525],[176869.6,310932.496],[176985.429,310767.448],[177055.872,310670.794],[177108.795,310598.207],[177144.892,310313.173],[177032.675,309893.002],[176899.062,309606.355],[176774.771,309221.794],[176569.208,308908.542],[176386.963,308682.836],[176016.668,308224.301],[175828.159,307833.55],[175803.474,307541.474],[175884.654,307543.415],[175930.66,307544.491],[176030.573,307572.931],[176139.116,307561.693],[176219.774,307553.346],[176217.383,307379.34],[176480.543,307301.773],[176626.234,307277.071],[176711.75,307289.222],[176798.218,307301.545],[176943.255,307314.897],[177002.74,307341.016],[177138.417,307488.001],[177251.192,307707.482],[177297.189,307693.885],[177405.258,307661.923],[177560.669,307640.07],[177591.422,307723.81],[177671.181,307719.097],[177709.038,307823.671],[177784.123,307814.601],[177818.087,307913.208],[177899.167,307896.6],[177976.391,307937.716],[178034.544,307848.418],[178164.912,307840.101],[178474.562,308278.99],[178498.005,308360.198],[178552.88,308333.136],[178629.325,308295.437],[178676.46,308240.862],[178648.905,308218.374],[178637.271,308208.865],[178648.276,308124.476],[178803.753,307994.525],[178765.634,307928.99],[178943.541,307765.16],[179212.139,307645.871],[179221.163,307549.959],[179544.125,307570.172],[179828.18,307529.085],[179998.136,307960.668],[179921.967,307996.79],[179981.68,308087.915],[179955.709,308154.707],[179941.348,308191.684],[180006.873,308371.504],[180077.964,308515.751],[180231.31,308827.109],[180322.245,308878.506],[180413.705,309037.654],[180608.395,309219.843],[180740.153,309329.968],[180892.915,309506.007],[180981.823,309507.733],[181200.241,309878.911],[181270.037,309858.072],[181351.326,309955.552],[181692.963,310365.207],[181925.019,310396.561],[182113.656,310422.079],[182129.62,310424.22],[182251.548,310440.716],[182516.865,310416.646],[182470.425,310329.79],[182617.95,309826.443],[182654.249,309640.514],[182692.473,309444.639],[182739.659,309308.053],[182801.573,309128.882],[182855.465,309130.006],[183047.861,308685.43],[183263.378,308734.609],[183644.496,308996.425],[183797.403,308769.765],[184133.825,308257.669],[184503.52,307694.941],[184584.958,307571.027],[184683.557,307421.013],[185139.207,307461.42],[185376.565,307564.216],[185575.442,307710.962],[185873.677,307772.589],[186299.42,307705.506],[186470.01,307938.28],[186784.533,308233.467],[186901.887,308311.455],[187294.319,308483.665],[187484.34,307808.33],[187521.636,307393.091],[187580.531,307157.496],[187834.651,307610.679],[188362.874,308105.911],[188535.459,308199.981],[188558.241,308255.699],[188713.555,308302.769],[188874.599,308390.211],[188910.153,308407.41],[189029.123,308465.043],[189164.193,308461.707],[189287.676,308487.167],[189444.146,308491.157],[189482.08,308521.559],[189501.801,308537.378],[190178.407,309008.982],[190221.134,309038.756],[190309.366,308872.144],[190437.597,308522.074],[190484.593,308249.048],[190509.606,307905.057],[190475.459,307852.645],[190464.697,307785.93],[190428.592,307627.814],[190435.703,307563.336],[190604.927,307400.011],[190629.153,307376.648],[190844.864,307299.651],[190872.836,307270.697],[190886.165,307256.883],[191042.38,307095.206],[191248.328,306963.81],[191314.269,306955.762],[191443.007,307180.733],[191396.045,307224.959],[191510.582,307385.806],[191686.85,307369.198],[191766.46,307443.192],[191826.469,307286.584],[191968.049,307394.121],[192154.0,307459.147],[192173.448,307335.795],[192283.012,307326.349],[192229.982,307021.687],[192289.626,306879.1],[192595.555,306922.926],[192712.523,306954.318],[193360.28,307575.322],[193532.664,307559.193],[193698.598,307570.557],[193735.594,307573.059],[193940.03,307705.264],[194095.005,307704.765],[194300.341,307763.173],[194395.56,307834.322],[194464.914,307919.349],[194572.586,307925.679],[194839.157,307993.479],[194941.71,307949.713],[195163.211,308113.972],[195218.35,308142.103],[195231.915,308148.995],[195336.391,308202.322],[195473.868,308204.231],[195540.661,308158.529],[196010.848,308035.742],[196348.012,307898.804],[196471.395,307723.287],[196441.308,307413.98],[196496.855,307386.891],[196598.811,307337.256],[196686.806,307347.533],[196758.618,307355.956],[197035.543,307175.02],[197049.946,307165.624],[197151.795,307208.286],[197169.836,307215.832],[197612.926,307171.904],[197843.276,307195.058],[198015.941,307258.85],[198171.657,307196.733],[198186.847,307190.685],[198289.991,307237.552],[198397.351,307286.403],[198443.614,307307.43],[198537.287,307296.758],[198683.273,307321.854],[199056.635,307386.046],[199169.608,307429.454],[199298.312,307423.936],[199431.065,307411.279],[199593.555,307408.061],[199728.284,307342.583],[199637.856,307773.974],[199530.964,308328.439],[199574.061,308502.036],[199700.654,308615.22],[199764.223,308754.116],[199798.55,308847.535],[199830.843,308935.373],[199967.054,309169.581],[199989.091,309203.205],[200189.21,309509.18],[200139.439,309590.017],[200075.454,309658.827],[200024.732,309695.377],[199922.466,309737.431],[199847.051,309754.243],[199768.585,309756.844],[199724.604,309768.813],[199694.617,309781.793],[199657.433,309811.288],[199573.669,309904.797],[199547.429,309921.037],[199504.975,309940.141],[199448.006,309994.388],[199419.872,310009.443],[199319.794,310048.636],[199306.137,310057.753],[199272.659,310091.51],[199247.285,310109.817],[199176.543,310146.037],[199090.867,310180.183],[198952.206,310211.655],[198877.266,310260.86],[198704.759,310379.053],[198688.052,310402.998],[198678.907,310433.46],[198648.352,310468.47],[198580.503,310534.984],[198527.41,310591.499],[198512.778,310599.497],[198362.374,310641.177],[198318.091,310686.253],[198263.802,310759.727],[198196.367,310841.046],[198161.221,310890.15],[198116.087,310940.505],[198085.801,310948.318],[198048.863,310937.83],[198007.26,310936.928],[197938.798,311006.782],[197911.082,311061.901],[197914.29,311129.849],[197914.63,311258.63],[197906.582,311297.892],[197879.369,311326.536],[197791.293,311389.833],[197409.517,311718.167],[197361.933,311746.591],[197326.257,311746.076],[197263.827,311731.825],[197206.723,311725.851],[197185.874,311740.255],[197167.612,311774.65],[197153.174,311811.358],[197120.085,311830.835],[197046.674,311831.683],[197012.013,311845.141],[196988.948,311863.366],[196946.952,311868.365],[196846.316,311861.318],[196808.389,311864.627],[196787.14,311884.981],[196783.809,311904.591],[196746.119,311961.415],[196713.647,312000.815],[196661.844,312032.883],[196631.289,312044.652],[196597.588,312044.269],[196568.17,312068.008],[196554.538,312092.819],[196521.61,312110.355],[196433.346,312174.452],[196468.657,312430.788],[196477.245,312537.717],[196495.903,312668.146],[196559.924,312794.434],[196586.19,312846.323],[196639.8,312964.908],[196713.383,312936.464],[196802.901,313034.036],[196800.186,313177.81],[196829.026,313259.482],[196881.884,313369.664],[196961.727,313433.394],[197010.196,313475.953],[197068.568,313527.161],[197172.984,313580.803],[197341.963,313462.922],[197448.189,313403.494],[197551.458,313331.084],[197620.023,313261.503],[197681.268,313220.622],[197838.508,313076.07],[198159.732,312843.608],[198448.256,312562.662],[198546.443,312636.75],[198588.088,312672.759],[198711.808,312711.521],[198946.026,312921.501],[199021.011,313069.163],[199115.858,313177.111],[199228.427,313404.757],[199360.758,313550.413],[199440.687,313584.088],[199868.832,313934.018],[199956.176,314005.314],[199839.839,314062.433],[199912.93,314179.886],[199748.96,314300.954],[199835.206,314445.389],[199866.319,314462.013],[199945.486,314504.256],[199990.82,314530.518],[200036.758,314649.072],[200034.278,314699.115],[199932.635,314818.44],[199869.745,315202.391],[199784.257,315378.043],[199938.905,315506.218],[199925.263,315543.37],[199705.198,315605.319],[199501.3,315680.433],[199336.735,316184.726],[199477.398,316584.842],[199357.088,316701.625],[199310.592,316746.784],[199429.798,317297.464],[199447.986,317381.507],[199499.029,317559.844],[199506.892,317587.28],[199727.071,317595.582],[199806.154,317670.365],[199988.076,317752.275],[200019.037,317711.269],[200190.078,317776.403],[200372.375,317910.564],[200379.307,317955.127],[200457.171,318018.728],[200574.344,318065.043],[200637.42,318052.362],[200713.708,318066.722],[200808.557,318116.46],[201023.83,318123.439],[201160.217,318182.122],[201220.396,318225.439],[201268.877,318293.072],[201362.731,318299.589],[201671.214,318480.603],[201670.707,318559.868],[201725.192,318612.818],[201817.538,318641.359],[201928.055,318750.671],[202011.883,318828.646],[202122.107,318807.457],[202155.923,318736.563],[202182.735,318638.569],[202163.362,318566.187],[202171.866,318475.759],[202156.791,318341.558],[202174.611,318245.151],[202154.696,318212.65],[202153.757,318130.479],[202225.558,318122.959],[202383.156,318090.806],[202439.218,318079.361],[202527.263,318089.907],[202659.798,318003.739],[202990.345,317846.931],[203134.744,317781.579],[203370.63,317664.91],[203400.688,317723.156],[203567.547,319045.833],[203589.43,319219.376],[203751.642,319329.66],[203844.192,319393.563],[203830.593,319617.448],[203962.709,319636.725],[204022.183,319675.952],[204144.137,319970.44],[204241.286,320218.023],[204247.286,320304.749],[204197.443,320400.62],[204316.656,320504.227],[204344.092,320528.243],[204265.64,320660.221],[204210.238,320851.886],[204116.67,320975.433],[204277.158,321148.578],[204250.671,321206.011],[204202.611,321314.972],[204195.381,321331.369],[204182.486,321343.929],[204076.202,321451.223],[204037.003,321480.332],[203957.802,321511.954],[203934.464,321542.216],[203920.576,321589.034],[203881.448,321655.305],[203844.723,321687.277],[203802.086,321689.598],[203772.033,321663.613],[203728.023,321647.287],[203694.102,321676.783],[203688.531,321718.896],[203710.27,321749.586],[203737.685,321775.378],[203739.825,321820.68],[203719.128,321851.079],[203679.933,321880.247],[203647.752,321923.11],[203649.526,321973.693],[203671.465,322001.77],[203688.933,322056.061],[203678.655,322127.056],[203641.805,322198.802],[203610.726,322225.822],[203578.843,322226.3],[203538.884,322265.975],[203513.885,322319.976],[203494.363,322371.693],[203482.551,322426.654],[203435.762,322526.9],[203420.781,322589.619],[203428.766,322627.298],[203455.81,322658.426],[203461.157,322695.97],[203452.551,322743.117],[203428.453,322783.944],[203415.745,322852.08],[203431.837,322888.055],[203496.18,323108.948],[203525.27,323236.276],[203552.712,323333.105],[203550.166,323424.033],[203555.707,323507.916],[203580.407,323589.366],[203640.842,323756.876],[203715.895,323932.926],[203731.975,324028.981],[203713.591,324191.296],[203715.34,324199.712],[203729.161,324266.764],[203798.399,324554.238],[203845.086,324652.698],[203913.527,324737.791],[204141.384,324926.205],[204182.71,324973.717],[204213.336,325055.227],[204205.384,325118.122],[204209.714,325183.86],[204232.847,325236.038],[204321.527,325358.045],[204378.011,325415.773],[204531.704,325515.712],[204598.432,325582.887],[204634.922,325656.779],[204705.705,325878.918],[204705.795,325920.585],[204695.25,325971.104],[204538.283,325847.764],[204442.463,325796.944],[204392.155,325770.371],[204351.61,325675.247],[204175.612,325753.277],[203932.35,325961.064],[203536.502,326091.988],[203133.186,326159.067],[202881.898,325879.75],[202751.912,325909.36],[202508.509,326029.264],[202434.159,325943.745],[202074.616,325996.181],[201879.074,326051.747],[202022.921,326593.428],[201658.913,326907.19],[201293.582,326685.383],[201256.942,326784.014],[201143.53,326874.28],[201077.725,326905.287],[201009.625,326937.386],[200933.597,326948.11],[200802.078,326984.597],[200397.985,327096.329],[199930.814,327224.117],[199355.185,327380.995],[199352.505,327398.328],[199208.035,328334.848],[199126.421,328864.107],[199167.889,328974.383],[199184.785,329069.095],[199242.209,329390.948],[198857.552,329614.832],[198526.632,329807.436],[198427.594,329865.118],[198484.731,329946.984],[198538.639,330024.151],[198670.546,330150.154],[198832.041,330233.135],[198966.828,330279.679],[199074.062,330392.632],[199146.057,330526.088],[199191.488,330651.697],[199284.989,330864.888],[199392.241,331140.28],[199541.985,331467.777],[199557.95,331542.512],[199575.264,331623.657],[199920.994,332632.698],[199889.413,332818.997],[199658.834,332813.536],[199464.186,332863.691],[199346.281,332879.359],[199243.052,332874.853],[199251.839,332825.03],[198993.137,332806.953],[197291.46,332688.403],[196953.293,332664.823],[196929.981,332668.637],[196907.654,332672.238],[196854.688,332708.353],[196817.227,332750.881],[196743.854,332774.982],[196688.209,332773.751],[196631.17,332753.874],[196408.688,332632.141],[196252.049,332517.678],[196172.749,332474.987],[196077.389,332433.838],[195886.718,332388.704],[195803.673,332361.675],[195728.776,332369.703],[195679.36,332392.841],[195635.498,332450.847],[195605.584,332499.172],[195554.542,332546.052],[195365.326,332695.7],[195178.664,332843.372],[195028.417,332969.362],[194855.851,333343.669],[194521.73,333213.977],[193944.432,333100.2],[193371.562,332987.355],[192639.263,332351.344],[192383.05,332183.369],[192321.293,332142.868],[192207.701,332179.758],[192120.254,332151.423],[191653.43,331926.395],[191344.48,331778.789],[190820.627,331809.985],[190795.382,332000.664],[190701.8,332105.648],[190581.535,332326.93],[190498.265,332419.862],[190619.774,332504.589],[190726.978,332550.169],[191275.297,333220.537],[191307.63,334124.76],[191310.003,334191.251],[191386.054,334827.663],[190872.479,335024.636],[190695.326,335092.6],[190695.507,335152.401],[190696.132,335365.29],[190696.106,335469.924],[190695.573,335809.023],[190697.938,335832.291],[190491.125,335966.474],[190434.085,336004.518],[190169.435,336116.565],[189968.133,336140.888],[189905.529,336100.187],[189887.362,336088.382],[189717.437,336303.729],[189521.127,336552.502],[189486.55,336617.631],[189474.029,336689.917],[189501.104,336785.611],[189507.24,336859.191],[189495.344,336922.136],[189468.121,336989.651],[189369.891,337208.829],[189339.299,337277.1],[189331.393,337336.568],[189318.03,337393.774],[189276.57,337482.166],[189192.669,337859.368],[189335.735,338087.282],[189363.386,338153.663],[189365.312,338169.919],[189427.22,338776.0],[189418.872,338802.311],[189400.073,338828.607],[189361.93,338857.778],[189265.16,338906.248],[189214.827,338928.218],[189185.289,338955.89],[189034.821,339195.864],[188676.387,339739.805],[188653.986,339787.052],[188645.417,339879.837],[188591.359,340290.063],[188626.604,340315.604],[188683.578,340347.63],[188978.156,340337.727],[189159.287,340331.645],[189282.95,340341.705],[189980.909,340398.381],[190030.318,340402.39],[190153.225,340419.975],[190447.032,340541.821],[190700.258,340935.972],[190768.737,341004.482],[191137.939,341329.654],[191380.293,341509.043],[191868.935,342040.048],[192210.159,341777.455],[192277.071,341714.916],[192340.699,341516.624],[192434.005,341210.244],[192466.331,341104.122],[192516.187,340940.554],[192633.44,340555.697],[192804.753,339983.777],[192811.26,339962.075],[193022.611,339722.94],[193398.109,339201.232],[193522.994,338883.258],[193625.27,338672.7],[193643.888,338538.556],[193817.966,338593.163],[193888.166,338595.42],[193983.843,338651.218],[193994.968,338701.089],[194134.813,338722.793],[194224.023,338747.617],[194257.609,338703.484],[194431.344,338732.965],[194448.922,338736.66],[194700.675,338709.066],[194745.661,338697.121],[194803.632,338657.019],[194920.275,338509.624],[194969.087,338529.084],[195001.147,338515.26],[195031.209,338501.31],[195024.183,338588.09],[195144.007,338855.315],[195146.632,338918.751],[195079.879,339041.499],[195038.513,339174.07],[195188.645,339294.955],[195317.127,339322.944],[195504.963,339521.68],[195677.687,339576.84],[195724.808,339635.345],[195735.062,339761.478],[195798.113,339836.075],[195771.839,339982.778],[195812.907,340069.94],[195815.139,340124.25],[195757.938,340196.5],[195752.082,340280.395],[195839.051,340472.112],[195881.142,340645.616],[195870.991,340705.111],[195765.542,340836.22],[195885.885,340951.994],[195932.314,341077.637],[195926.255,341230.508],[195908.163,341345.179],[195847.17,341388.804],[195922.241,341504.942],[196009.394,341556.371],[196086.202,341647.381],[196194.652,341682.685],[196277.113,341837.159],[196446.923,342029.554],[196473.343,342125.725],[196461.71,342190.27],[196648.116,342356.607],[196501.471,342556.119],[196532.749,342597.315],[196552.514,342623.398],[196568.514,342698.847],[196659.071,342793.76],[196744.161,342802.185],[196951.537,342864.569],[197143.551,342966.164],[197207.066,343130.12],[197236.546,343239.505],[197302.735,343312.367],[197368.383,343484.186],[197413.074,343566.94],[197628.659,343863.389],[197783.87,344036.184],[197981.132,344177.35],[198199.497,344319.981],[198314.771,344418.303],[198432.736,344553.922],[198507.216,344628.149],[198563.011,344703.721],[198588.758,344753.282],[198625.6,344795.706],[198706.211,344819.924],[198747.681,344796.247],[198814.106,344795.592],[198876.429,344815.818],[198951.819,344876.82],[199031.934,344946.153],[199074.519,345020.783],[199166.118,345191.793],[199375.276,345009.92],[199510.939,345055.211],[199602.669,345064.798],[199720.555,345155.833],[199877.306,345192.25],[200057.133,345217.528],[200307.731,345324.209],[200443.257,345390.996],[200490.196,345430.13],[200551.633,345481.409],[200640.796,345573.6],[200712.534,345686.942],[200853.734,345900.648],[200924.558,345954.686],[201018.301,345960.424],[201051.409,345974.74],[201115.698,346042.517],[201479.255,346434.089],[201551.736,346512.349],[201613.628,346545.733],[201626.886,346558.871],[201732.016,346704.519],[201757.704,346767.502],[201871.337,346893.816],[201870.156,346953.939],[201789.534,347016.561],[201852.239,347151.532],[201956.177,347375.331],[202129.807,347619.243],[202245.068,347721.605],[202464.885,347807.138],[202613.833,347843.624],[202730.419,347839.982],[202803.789,347837.664],[202912.495,347834.342],[203005.529,347866.922],[203139.598,347973.598],[203184.609,347989.764],[203197.103,347997.67],[203232.483,348051.295],[203182.38,348137.102],[203215.678,348177.524],[203535.6,348309.218],[203515.866,348448.324],[203492.183,348572.095],[203491.131,348587.049],[203493.087,348602.253],[203503.141,348631.053],[203559.236,348747.348],[203630.579,348688.114],[203747.866,348502.598],[203996.132,348583.129],[203966.982,348684.427],[203809.022,348733.649],[203959.742,348917.718],[204057.05,348903.464],[204103.434,348946.799],[204109.271,348987.797],[204107.076,349019.54],[204079.297,349043.694],[204007.877,349070.6],[203982.359,349103.622],[204109.602,349171.986],[204134.655,349198.372],[204142.313,349206.4],[204182.726,349360.712],[204188.924,349371.285],[204241.025,349460.125],[204321.918,349738.656],[204359.807,349718.328],[204609.304,349715.403],[204654.624,349730.196],[204831.141,349817.859],[204872.205,349852.582],[204904.188,349892.502],[204954.295,349922.085],[204999.85,349933.934],[205029.109,349930.215],[205065.73,349903.761],[205106.531,349900.823],[205146.281,349912.283],[205195.608,349953.431],[205246.323,349974.345],[205282.018,350002.9],[205326.555,350029.205],[205476.552,350039.64],[205548.258,350050.473],[205604.741,350071.781],[205710.952,350128.462],[205762.646,350134.983],[205808.198,350146.84],[205838.322,350172.117],[205871.553,350194.754],[205894.431,350199.21],[205944.087,350188.912],[206000.958,350209.561],[206044.675,350247.38],[206076.885,350284.417],[206115.069,350318.954],[206149.282,350327.14],[206175.229,350328.957],[206217.299,350349.294],[206267.802,350373.108],[206322.023,350385.557],[206369.25,350414.958],[206380.633,350459.186],[206368.563,350507.629],[206364.962,350559.55],[206393.653,350605.064],[206431.832,350639.604],[206493.136,350716.321],[206523.662,350735.876],[206569.037,350750.63],[206583.116,350797.945],[206610.534,350820.196],[206656.691,350823.388],[206686.23,350857.341],[206695.558,350889.867],[206729.97,350895.166],[206825.07,350861.195],[206972.208,350871.479],[207005.599,350891.177],[207042.913,350896.675],[207139.281,350886.031],[207193.291,350901.379],[207218.044,350920.49],[207263.994,350926.578],[207310.967,350918.27],[207356.713,350927.249],[207389.318,350958.513],[207417.96,350963.424],[207447.011,350962.554],[207527.445,351014.558],[207657.03,351026.461],[207713.734,351044.903],[207779.687,351055.318],[207827.514,351076.061],[207922.552,351126.165],[207960.069,351128.778],[208006.631,351126.202],[208072.242,351182.956],[208122.011,351258.906],[208163.861,351282.093],[208206.325,351296.665],[208319.041,351301.623],[208405.304,351269.925],[208440.328,351266.564],[208497.952,351230.007],[208556.427,351222.497],[208598.48,351242.854],[208638.282,351254.286],[208696.136,351242.655],[208739.836,351252.682],[208767.279,351274.889],[208812.233,351295.388],[208897.944,351312.98],[208942.692,351336.372],[209039.975,351354.756],[209073.56,351371.633],[209116.843,351374.65],[209157.841,351368.798],[209227.178,351330.148],[209262.407,351323.902],[209312.088,351330.771],[209301.898,351548.784],[209274.967,351676.333],[209260.437,351769.635],[209327.115,351783.139],[209399.977,351797.432],[209590.332,351938.089],[209784.108,352052.478],[209902.093,352164.446],[209982.156,352240.406],[210140.767,352412.007],[209784.764,352636.979],[209626.461,352737.03],[209362.307,352904.047],[209044.086,353105.219],[208918.628,353184.555],[208612.448,353378.203],[208062.457,353723.644],[207563.155,354037.344],[208070.416,354293.588],[208210.007,354364.076],[208391.646,354455.868],[208754.204,354639.798],[209412.048,354974.366],[210067.305,355307.655],[210379.149,355473.076],[210476.581,355524.812],[209447.789,356340.382],[209427.237,356356.685],[209260.878,356325.04],[209035.31,356193.755],[208945.573,356141.516],[207350.88,355381.822],[207171.707,355317.016],[207004.226,355233.144],[206912.738,355177.641],[206758.544,355068.657],[206640.415,355022.846],[206534.356,354969.261],[206444.774,354928.305],[206391.929,354898.624],[206348.936,354852.297],[206260.334,354797.002],[206183.463,354739.657],[206139.449,354707.674],[206030.055,354619.187],[205980.308,354586.815],[205932.189,354531.43],[205847.235,354340.612],[205808.114,354280.144],[205762.652,354227.846],[205705.895,354171.876],[205660.891,354154.296],[205631.062,354126.186],[205600.365,354069.196],[205545.49,354027.766],[205477.489,354008.624],[205416.236,353975.421],[205361.323,353934.048],[205289.383,353888.614],[205218.312,353872.06],[205152.396,353864.57],[205086.852,353851.355],[205025.02,353826.829],[204977.516,353803.278],[204940.099,353760.245],[204905.715,353714.516],[204894.158,353673.238],[204859.165,353636.126],[204819.31,353627.56],[204762.896,353649.65],[204660.145,353714.736],[204597.931,353736.383],[204548.061,353747.358],[204489.294,353720.142],[204442.024,353693.706],[204399.101,353687.839],[204351.489,353707.628],[204292.379,353726.638],[204234.688,353725.525],[204184.719,353696.005],[204130.703,353683.581],[204030.62,353715.829],[203893.388,353745.665],[203656.705,353797.141],[203602.422,353827.442],[203467.543,354121.99],[203378.054,354325.519],[203283.769,354526.668],[203254.252,354575.453],[203112.996,354808.814],[203094.385,354839.568],[202990.643,355033.624],[202974.416,355063.955],[202934.289,355509.715],[202935.556,355650.244],[202893.8,356061.722],[202810.611,356952.936],[202762.209,357467.988],[202727.666,357835.922],[202681.681,358325.797],[202674.309,358404.33],[202599.699,358450.917],[202560.432,359237.464],[202737.557,359407.672],[202925.865,359449.713],[203465.673,359456.206],[203639.586,359417.198],[203801.856,359481.886],[203703.841,359770.494],[203621.387,360003.512],[203586.547,360071.324],[203470.123,360333.337],[202864.536,361696.12],[203171.374,361881.583],[203304.767,361968.235],[203455.332,362066.067],[203721.399,362238.993],[203955.067,362508.415],[204084.749,362651.069],[204273.214,362858.379],[206113.303,364917.125],[206255.779,365076.598],[206447.275,365290.974],[206466.153,365625.771],[206542.114,365870.082],[206736.745,366496.21],[206806.776,366628.095],[206999.215,366875.269],[207326.032,367284.82],[207584.247,367608.405],[207813.969,367868.235],[208216.742,368538.424],[208474.296,368959.79],[208478.78,369153.594],[208483.802,369375.663],[208593.164,369558.5],[208840.893,369888.996],[208823.603,370310.54],[208866.174,370375.577],[208950.418,370504.418],[208983.175,370554.498],[209031.277,370728.407],[209122.877,370898.829],[209172.468,370991.09],[209282.89,371134.235],[209460.447,371383.241],[209508.054,371444.944],[209502.47,371510.75],[209482.494,371768.268],[209651.934,371842.295],[210094.562,371869.104],[210815.39,372078.906],[211159.384,372032.685],[210938.619,372556.064],[210974.513,372590.338],[211069.367,372681.004],[211217.519,372822.606],[211849.274,373426.324],[213270.886,374775.946],[213366.906,374867.115],[213430.159,374927.199],[213304.323,375422.144],[213031.47,376425.15],[212863.562,377037.893],[212791.175,377298.754],[212724.83,377530.924],[212616.76,377943.752],[212698.546,378051.826],[212630.971,378157.479],[213095.553,378789.897],[213127.805,378845.341],[213397.399,379281.519],[213366.748,379362.665],[212383.656,379406.025],[212331.4,379408.326],[211925.192,379249.379],[212508.326,382836.598],[212552.755,383134.669],[212534.44,383397.259],[212472.477,384464.492],[212494.967,384507.471],[212929.704,384531.392],[212883.966,385461.622],[212917.955,385613.715],[213007.289,386255.656],[213085.827,386985.538],[213053.523,387060.547],[213087.396,387409.071],[213090.238,387518.64],[213093.718,387654.363],[212792.692,388655.493],[212754.7,388657.896],[212718.727,388730.084],[212507.139,389154.528],[212393.988,389338.271],[212352.508,389443.721],[212365.41,389821.931],[212373.937,390071.308],[212382.986,390185.787],[212411.844,390549.548],[212426.172,390804.387],[212383.774,391123.225],[212359.409,391306.362],[212330.412,391524.605],[212274.174,391947.593],[212178.903,392115.576],[212120.893,392217.837],[211952.101,392566.238],[211695.479,393008.897],[211455.785,393381.441],[211352.703,393535.778],[211246.628,393629.112],[211082.248,393773.815],[211007.983,393812.378],[210908.419,393864.013],[210591.974,394186.071],[209951.322,394610.92],[209795.097,394707.41],[209673.048,394989.857],[209200.185,396015.363],[208374.784,397808.926],[207612.905,398288.525],[206919.724,398964.704],[206787.313,399106.812],[206526.325,399391.191],[206186.007,400043.88],[205867.39,400687.076],[205733.267,400769.059],[205571.879,400795.921],[205216.801,401053.055],[205207.472,401057.412],[203771.402,402127.155],[203974.9,403222.861],[203975.618,403270.098],[203947.599,403873.13],[203945.987,403939.258],[204187.887,403822.676],[204351.938,404132.079],[204381.231,404301.703],[204676.474,405376.758],[204891.562,406148.244],[205122.517,406490.38],[204990.074,406691.835],[205466.024,407046.104],[205447.791,407062.889],[205426.347,407082.478],[205511.463,407142.577],[205474.249,407230.267],[205438.959,407333.163],[205422.969,407361.151],[205419.914,407375.974],[205418.773,407407.004],[205442.502,407483.9],[205444.584,407497.105],[205472.606,407570.261],[205497.916,407610.179],[205545.652,407673.687],[205583.88,407729.534],[205450.18,407805.519],[204922.78,408030.572],[204738.586,408053.839],[204489.278,408189.957],[204436.262,408177.142],[204431.084,408175.868],[204301.327,407951.186],[203998.445,408121.629],[203486.694,408151.167],[203464.137,408172.645],[203408.673,408392.517],[203378.012,408429.495],[203338.604,408447.808],[203291.771,408457.595],[203273.793,408456.365],[203246.384,408446.423],[203221.823,408424.603],[203195.295,408387.634],[203162.584,408353.275],[203137.662,408336.459],[203079.148,408312.313],[203049.565,408305.244],[202941.085,408292.695],[202894.016,408305.431],[202871.462,408326.968],[202868.493,408340.792],[202869.26,408372.953],[202876.893,408450.741],[202889.907,408522.849],[202812.457,408525.507],[202770.158,408542.629],[202744.642,408562.914],[202690.509,408591.218],[202679.677,408602.519],[202662.669,408630.451],[202627.243,408678.124],[202554.476,408613.852],[202418.904,408558.223],[202295.273,408604.791],[201675.09,408851.508],[199938.739,409537.033],[199719.428,409761.548],[199596.64,409906.653],[199509.473,410009.742],[199442.669,410133.539],[199493.894,410664.808],[199594.997,410740.08],[199626.253,410752.317],[199629.351,410765.584],[199624.354,410779.28],[199604.056,410825.996],[199580.858,410899.667],[199489.974,411080.938],[199346.556,411338.794],[199344.139,411373.764],[199348.162,411388.04],[199359.286,411400.878],[199373.728,411409.906],[199414.611,411427.79],[199467.064,411466.582],[199481.398,411491.686],[199527.409,411594.173],[199530.507,411607.44],[199556.654,411649.394],[199569.673,411678.437],[199576.607,411723.057],[199576.392,411755.154],[199543.936,411875.249],[199538.647,411922.042],[199534.146,412000.996],[199524.298,412113.67],[199508.61,412237.975],[199494.324,412313.226],[199471.902,412389.964],[199462.934,412403.347],[199457.973,412417.043],[199444.108,412429.159],[199419.87,412445.523],[199362.801,412472.612],[199351.907,412484.921],[199320.079,412538.879],[199302.961,412582.843],[199301.853,412598.799],[199293.561,412645.399],[199294.393,412676.559],[199296.305,412706.783],[199311.113,412767.994],[199313.053,412783.198],[199314.069,412797.281],[199311.852,412829.249],[199295.553,412890.298],[199268.73,412929.614],[199243.606,412988.027],[199226.349,413048.011],[199224.239,413063.958],[199225.106,413095.118],[199236.753,413201.251],[199238.325,413250.497],[199232.905,413328.386],[199225.801,413358.03],[199189.541,413460.792],[199169.088,413538.661],[199168.024,413553.616],[199172.891,413570.014],[199172.862,413585.089],[199176.806,413600.367],[199198.866,413658.137],[199219.988,413700.712],[199224.976,413715.109],[199246.437,413738.662],[199283.543,413767.36],[199291.692,413779.948],[199304.848,413792.914],[199308.698,413838.342],[199321.713,413867.328],[199343.217,413889.881],[199384.639,413914.835],[199535.401,414025.703],[199547.988,414032.601],[199579.578,414039.834],[199626.989,414036.083],[199684.722,414014.065],[199767.777,413973.694],[199783.889,413972.78],[199826.587,413993.855],[199841.42,413996.88],[199936.533,413999.509],[199949.241,414004.407],[199957.109,414020.999],[199975.924,414096.546],[199988.632,414101.443],[200144.65,414094.275],[200219.664,414068.413],[200234.007,414064.37],[200249.038,414064.449],[200263.671,414070.478],[200274.977,414081.316],[200317.319,414164.53],[200350.045,414198.871],[200362.051,414227.851],[200375.886,414303.02],[200377.59,414336.247],[200382.609,414350.644],[200405.842,414391.408],[200447.134,414475.56],[200292.944,414557.113],[200166.531,414643.592],[200060.588,414709.453],[199965.785,414774.081],[199994.963,414571.571],[199923.394,414576.494],[199801.249,414529.844],[199748.677,414779.987],[199769.95,414920.92],[199750.898,414949.678],[199658.143,414913.139],[199614.073,415012.38],[199579.199,415138.406],[199577.167,415153.297],[199573.329,415208.225],[199569.77,415215.982],[199553.924,415241.987],[199482.836,415326.304],[199426.409,415401.628],[199402.987,415421.059],[199286.32,415468.094],[199215.715,415502.296],[199107.345,415560.979],[198878.72,415659.39],[198864.106,415667.385],[198774.309,415732.356],[198732.627,415754.523],[198704.834,415764.628],[198642.223,415770.315],[198596.478,415779.153],[198552.269,415794.123],[198487.094,415836.727],[198380.308,415929.652],[198315.983,415974.324],[198216.445,416020.53],[198147.625,416057.878],[198119.679,416069.988],[198012.135,416087.535],[197612.214,416297.412],[197498.936,416425.959],[197326.094,416516.289],[197295.779,416519.148],[197266.837,416531.199],[197207.258,416580.209],[197088.564,416685.298],[196992.865,416762.88],[196950.241,416783.997],[196766.622,416827.416],[196628.63,416849.857],[196612.451,416851.726],[196458.203,416848.003],[196393.727,416851.532],[196364.944,416861.587],[196339.581,416879.903],[196308.027,416886.708],[196263.163,416882.557],[196217.649,416873.394],[196145.626,416841.261],[196101.189,416831.163],[196022.316,416825.623],[195881.046,416822.802],[195835.632,416826.661],[195698.021,416858.198],[195620.788,416871.87],[195527.686,416883.468],[195481.546,416883.263],[195404.949,416873.913],[195339.978,416870.386],[195294.497,416861.176],[195252.652,416842.205],[195202.037,416805.585],[195173.658,416795.567],[195141.344,416798.313],[195081.052,416814.187],[194974.348,416833.808],[194910.951,416836.419],[194833.805,416835.084],[194693.082,416824.235],[194663.547,416816.158],[194546.457,416768.896],[194517.846,416761.884],[194484.761,416761.568],[194455.253,416767.567],[194410.988,416783.519],[194379.479,416789.335],[194349.551,416787.265],[194272.769,416765.859],[194242.764,416764.734],[194226.236,416771.614],[194209.184,416814.594],[194188.885,416875.405],[194175.594,416936.66],[194163.597,416964.937],[194117.069,417027.881],[194100.144,417054.785],[194088.947,417100.147],[194089.823,417116.286],[194084.77,417130.988],[194046.904,417199.563],[194040.85,417214.202],[194038.801,417229.095],[194038.739,417259.189],[194051.186,417368.431],[194064.335,417524.851],[194070.934,417617.58],[194069.684,417649.613],[194065.369,417711.495],[194066.197,417742.654],[194074.06,417788.387],[194085.892,417834.317],[194042.673,417765.946],[194005.196,417447.345],[193879.493,417420.892],[193411.896,417143.098],[193062.036,417118.406],[192836.84,417080.601],[192796.114,417164.35],[192740.773,417175.783],[192678.352,417168.75],[192659.526,417187.801],[192567.326,417375.971],[192486.28,417444.957],[192490.418,417561.419],[192532.857,417667.821],[192717.044,417852.165],[191461.203,418311.005],[191330.058,418651.338],[191327.938,419073.101],[191181.256,419417.942],[190771.79,419795.731],[190386.656,420475.901],[189951.062,421117.92],[189809.936,421176.35],[189454.606,421208.275],[188913.915,421035.701],[188270.972,420930.817],[188239.152,420879.205],[188174.029,420869.484],[188145.548,420625.642],[188122.924,420623.379],[188123.188,420259.235],[188200.983,419716.091],[188279.109,419464.11],[187999.581,418854.466],[188301.363,418690.13],[188647.477,418410.179],[188846.518,418195.067],[188992.505,417903.614],[189066.524,417447.071],[189298.269,416668.569],[189406.436,415660.485],[189544.837,415336.731],[189763.624,415106.937],[189963.92,414950.453],[190439.312,414702.509],[190948.231,414546.581],[191775.528,414447.317]]]}},{"type":"Feature","properties":{"name":"Noord-Holland"},"geometry":{"type":"Polygon","coordinates":[[[94102.194,482633.314],[97453.416,481111.971],[97720.844,480997.256],[98834.763,480459.372],[99059.9,480871.98],[99208.194,481264.6],[99496.684,481131.05],[100204.477,481472.938],[100718.47,481387.426],[101068.927,481383.589],[101318.446,481293.467],[101713.749,481071.818],[102117.142,480908.31],[102083.381,480704.097],[101613.519,480062.658],[101110.183,478995.955],[101012.705,478418.848],[100677.716,477821.48],[100490.271,477239.865],[99403.258,476216.295],[99133.104,475964.635],[99072.255,475853.716],[99185.615,474969.548],[99003.399,473612.42],[98686.454,472139.327],[98560.615,471989.652],[98249.577,471890.445],[98090.906,471801.857],[97842.65,471321.684],[97855.865,471172.983],[98055.329,470798.429],[98247.26,470455.793],[98335.339,470412.78],[99213.618,470192.239],[99420.269,470220.517],[99934.007,470382.915],[100082.241,470395.235],[101377.29,469906.157],[102435.513,469873.072],[103404.736,470045.04],[104236.234,470529.657],[104440.393,470609.909],[105219.044,471142.35],[105643.125,471285.818],[106026.261,471651.318],[106455.76,471106.326],[106680.03,471198.712],[106934.043,471146.227],[107093.596,471182.012],[107805.042,471782.599],[108324.998,471964.882],[109709.085,471776.733],[109604.475,470428.346],[109655.216,470226.654],[109629.188,470014.705],[109660.982,470038.782],[109652.472,469889.093],[109665.381,469858.321],[109704.373,469813.457],[109707.092,469763.195],[109693.382,469698.897],[109719.19,469673.459],[109695.082,469645.584],[109706.589,469625.784],[109704.697,469613.229],[109760.885,469557.582],[109896.981,469431.055],[109917.801,469428.084],[110060.394,469327.594],[110035.512,469316.081],[109995.988,469284.228],[110271.103,468964.96],[110373.585,468913.299],[110425.812,468959.061],[111015.506,469819.229],[111311.438,469826.459],[111506.398,469924.439],[111691.29,470114.645],[112117.489,470121.12],[112306.13,470190.813],[112612.358,470486.158],[112970.599,470734.792],[113144.903,470899.272],[113272.536,471206.794],[113578.778,471346.424],[113817.481,471352.056],[113989.29,471258.112],[114151.911,471254.711],[114505.779,471126.52],[115014.926,471135.96],[115253.34,471253.765],[115481.294,471144.959],[115816.359,471156.707],[115973.012,471214.943],[116145.631,471331.974],[116304.115,471350.261],[116503.397,471444.62],[116921.394,471551.322],[117109.049,471731.581],[117278.216,471809.234],[117498.195,472043.56],[117792.181,472056.587],[117820.263,472193.901],[118051.225,472340.269],[118122.841,472536.732],[118218.285,472520.723],[118342.987,472424.722],[118388.728,472435.066],[118449.429,472533.477],[118399.596,472754.987],[118453.311,472791.086],[118584.093,472779.107],[118649.489,472829.531],[118672.64,473192.256],[118773.229,473274.302],[118821.375,473400.015],[118968.052,473443.953],[119231.247,473602.881],[119428.385,473799.237],[119568.888,473836.895],[119688.475,474044.443],[119838.384,473806.936],[119945.621,473756.94],[120220.457,473995.227],[120533.366,474086.002],[120633.302,474056.434],[120753.411,473833.237],[120817.409,473775.493],[120942.453,473820.862],[121099.708,474018.06],[121168.847,474037.893],[121386.62,473903.169],[121462.928,473811.803],[121626.029,473769.978],[121729.652,473814.677],[121852.142,473969.628],[121936.552,474016.575],[122076.63,474019.925],[122308.359,473952.577],[122393.859,473932.486],[122478.056,473958.247],[122718.434,474257.592],[122911.361,474393.473],[123008.998,474625.053],[122967.074,474946.605],[123005.492,474985.8],[123329.037,475102.997],[123370.832,475190.519],[123427.792,475536.582],[123489.281,475592.602],[123753.956,475697.461],[123756.655,475843.926],[123675.41,475954.76],[123647.886,476076.325],[123568.254,476144.758],[123637.169,476291.582],[123577.575,476467.705],[123578.194,476640.442],[123523.106,476778.317],[123547.483,476962.808],[123683.449,476944.533],[123886.803,477039.162],[124057.242,477077.148],[124234.087,476998.882],[124307.844,476930.44],[124535.679,476868.782],[124657.231,476780.58],[124752.52,476782.945],[124972.947,476870.727],[125166.306,476799.96],[125434.696,476755.512],[125532.148,476788.867],[125653.436,476825.476],[125769.314,476784.067],[125926.014,476778.915],[125997.921,476995.796],[126203.666,477023.023],[126251.045,477067.309],[126299.131,476974.512],[126371.209,476923.58],[126450.051,477050.913],[126518.427,477323.009],[126888.577,477668.487],[127394.999,478020.462],[127462.441,478124.064],[128409.999,477978.853],[128708.659,478393.223],[128715.575,478725.481],[128807.884,478746.243],[128849.622,479015.119],[128944.926,479009.942],[129134.87,479355.316],[129253.829,479400.926],[129392.795,479556.756],[129568.414,479600.077],[129726.342,479525.387],[129716.759,479498.733],[130058.705,479454.604],[130075.193,477263.038],[130243.048,477103.476],[130661.963,477897.667],[130853.064,477643.324],[131180.203,477379.432],[131277.964,477310.59],[131366.822,477377.258],[131498.448,477225.477],[131823.392,477499.882],[132016.527,477807.185],[132175.866,477656.129],[132646.198,477980.879],[132880.429,477752.234],[132969.818,477623.269],[133007.673,477504.659],[133035.506,477510.934],[133074.107,476997.999],[132987.223,477018.356],[132913.978,477090.003],[132836.313,477499.916],[132681.56,477501.056],[132372.76,477284.268],[132035.6,477138.561],[131966.784,476992.846],[131962.224,476665.637],[131885.492,476595.064],[131563.607,476711.681],[131433.542,476707.18],[130835.031,476415.937],[130681.505,476111.043],[130624.433,476060.42],[130479.341,476071.317],[130216.42,476194.017],[130157.66,476174.784],[130131.391,476129.075],[130249.264,475827.958],[130437.465,475623.74],[130475.097,475538.213],[130459.91,475400.82],[130381.26,475241.156],[130403.766,475147.248],[130714.698,474869.833],[130785.246,474734.969],[130782.378,474581.327],[130676.33,474383.628],[130731.119,474187.701],[130904.848,473946.578],[130973.771,473902.127],[131085.62,473965.229],[131230.617,474255.71],[131301.22,474334.313],[131414.977,474349.459],[131502.146,474272.662],[131582.295,473801.189],[131723.969,473462.668],[131707.942,473039.105],[131672.708,472881.387],[132386.881,472186.684],[132493.234,471968.012],[132432.939,471995.879],[132343.318,471907.166],[131438.919,471439.402],[131389.631,471476.131],[131374.15,471395.984],[131316.247,471359.766],[131453.072,471247.906],[131345.535,471133.817],[131312.167,471042.74],[131283.514,471051.778],[131182.305,470848.984],[131078.781,470861.388],[131067.097,470804.978],[131230.439,470763.025],[131225.847,470724.439],[131069.162,470751.506],[130979.569,469995.571],[131051.374,469963.402],[131074.42,469895.754],[131055.742,469729.061],[130984.876,469730.294],[130969.186,469651.818],[131066.359,469649.234],[131080.761,469624.13],[131044.126,469560.22],[130846.152,469571.806],[130842.584,469506.011],[130881.582,469500.313],[130834.327,469137.659],[131026.606,469110.802],[130945.358,468637.104],[131088.646,468603.755],[131032.675,468281.864],[130275.422,468488.468],[130234.133,468365.561],[130117.726,468388.675],[130132.392,468477.723],[130073.189,468490.759],[130060.006,468357.143],[130111.099,468362.394],[130108.301,468281.743],[130006.86,468337.884],[130095.016,468229.627],[130318.188,468208.54],[130436.09,468051.797],[130579.378,467987.837],[130698.352,467879.439],[131069.396,467831.351],[131138.215,467520.374],[131021.817,467324.39],[131002.605,467105.908],[130942.098,467002.226],[130966.892,466841.22],[130915.756,466576.997],[130829.526,466501.091],[130798.014,466336.131],[130754.276,466272.702],[131351.45,466233.717],[131399.442,466179.582],[131665.105,464237.863],[134024.049,465079.546],[136409.335,465783.503],[136836.193,465902.918],[137007.452,465892.503],[138309.0,465786.094],[138320.002,465813.65],[141427.856,465525.354],[141692.055,465539.881],[143264.522,468475.932],[143383.794,468703.571],[143341.673,468712.181],[143346.336,468747.83],[143498.713,469358.191],[143889.544,470803.374],[143781.158,470809.961],[145292.447,474056.254],[145224.439,474074.19],[146728.265,477109.996],[149450.747,476589.204],[151469.792,478026.655],[150087.267,479382.641],[149424.705,479966.091],[149126.6,480193.026],[148194.289,480793.604],[147767.946,480985.195],[144236.636,481935.649],[143914.235,481992.717],[143629.008,482025.631],[142591.148,481820.563],[138903.856,481214.507],[138750.271,481224.355],[138564.106,481329.782],[137964.546,482100.149],[137813.268,482294.551],[134029.816,486992.052],[134029.801,489022.223],[138000.015,492000.137],[141276.409,492000.103],[138949.98,497649.794],[136378.532,501166.973],[135549.94,502300.111],[134165.201,506351.701],[132849.989,510200.126],[133814.547,510723.466],[137935.214,512961.786],[146199.941,517449.948],[146549.991,521050.155],[147003.479,521431.836],[147499.993,521849.991],[148092.782,522416.608],[148187.55,522373.635],[148266.899,522696.94],[148818.76,522828.736],[149214.718,522781.906],[152706.597,521244.566],[153237.58,520920.486],[154328.739,530832.125],[151670.391,534299.494],[147855.835,539275.209],[145000.023,542999.981],[143421.008,547681.946],[140506.568,556322.925],[140358.964,556760.598],[140244.661,556892.982],[140201.778,556942.634],[140141.503,557012.426],[140041.159,557128.636],[140032.195,557139.013],[138699.58,559945.094],[135474.148,566737.025],[132499.995,572999.87],[116999.994,580999.995],[116999.951,577499.987],[110000.002,566999.904],[107999.947,562500.086],[108000.016,557499.897],[103000.049,554999.963],[102999.964,552874.74],[105186.036,550701.946],[103999.967,545000.188],[108334.994,544364.829],[107812.951,542511.804],[107141.944,539785.331],[106725.615,538492.54],[106572.591,537825.468],[105682.218,534680.295],[105451.408,534090.832],[105076.46,532950.61],[104739.175,532233.238],[104607.505,531857.235],[104320.352,530930.551],[104186.046,530375.811],[104069.424,529923.659],[103480.076,527011.334],[103278.767,524999.97],[103194.73,523712.935],[102967.521,522551.786],[102966.269,521712.959],[102540.707,519614.077],[102531.984,518734.224],[102324.838,517706.168],[102240.712,516928.12],[102041.147,515839.743],[101989.625,514876.685],[101771.262,513547.443],[101708.497,512899.486],[101549.033,511966.935],[101438.548,511027.901],[101254.691,510022.573],[101147.444,509436.26],[100911.367,508084.333],[100666.537,507028.344],[100608.883,506098.536],[100461.972,505440.514],[100000.031,503232.363],[99622.766,501963.981],[99247.236,500912.932],[98744.576,499686.378],[98485.483,499271.671],[97997.449,499322.314],[97676.397,499265.343],[97367.898,499167.018],[96289.471,498453.907],[96078.35,498186.027],[95945.639,497890.063],[95908.961,497719.414],[95917.841,497544.825],[95988.615,497192.118],[96193.417,496759.637],[96448.804,496427.213],[96666.256,496241.247],[96978.487,496077.097],[97327.414,496014.02],[97651.049,496037.836],[97710.534,495759.955],[97676.34,495386.798],[97688.027,494933.323],[97604.148,494423.208],[97390.505,493677.315],[96394.112,491137.062],[95126.453,488130.427],[94658.665,487163.186],[94304.674,486179.342],[93498.122,484423.432],[92957.229,483122.818],[94102.194,482633.314]]]}},{"type":"Feature","properties":{"name":"Flevoland"},"geometry":{"type":"Polygon","coordinates":[[[137964.546,482100.149],[138564.106,481329.782],[138750.271,481224.355],[138903.856,481214.507],[142591.148,481820.563],[143629.008,482025.631],[143914.235,481992.717],[144236.636,481935.649],[147767.946,480985.195],[148194.289,480793.604],[149126.6,480193.026],[149424.705,479966.091],[150087.267,479382.641],[151469.792,478026.655],[151749.51,477749.695],[155411.906,474124.416],[156071.701,473498.052],[156190.179,473509.539],[156333.31,473523.595],[160200.576,474666.148],[160294.991,474737.122],[160274.265,474869.614],[160602.81,474966.273],[160587.836,475017.159],[160809.256,475082.78],[160824.404,475031.451],[161070.184,475103.455],[161120.059,474934.175],[164212.177,475829.85],[164970.367,476091.12],[165074.526,476240.257],[165169.079,476493.407],[165776.496,478380.05],[167177.846,482732.561],[167836.389,484778.336],[168657.717,485970.251],[168892.296,486133.911],[169184.919,486193.717],[169866.977,486185.993],[169998.475,486140.551],[170080.312,486074.987],[170288.574,485757.742],[170451.205,486064.677],[170907.489,486274.976],[172547.682,487029.707],[173073.439,486426.765],[174777.307,487912.104],[174845.932,487923.451],[175522.52,488031.427],[175921.259,488223.704],[176212.69,488283.533],[176754.421,488801.172],[177298.718,489042.551],[177354.983,488960.023],[178151.8,489583.404],[178250.218,489773.188],[178567.88,489980.541],[178291.922,490403.714],[178559.915,490578.565],[178835.92,490155.463],[178972.61,490122.968],[179186.556,490297.646],[179457.093,490633.45],[179896.006,490863.969],[180094.613,491064.924],[180100.067,491116.302],[180954.472,491776.928],[181928.055,492652.714],[182212.977,492827.024],[182571.96,493237.375],[183368.227,493898.939],[183541.606,494118.084],[183752.255,494299.287],[183850.995,494433.165],[183722.131,494514.304],[184586.096,495859.882],[184119.988,496470.025],[185179.969,498499.8],[185784.342,498242.956],[186141.843,499040.233],[186138.787,499275.773],[186288.046,499792.849],[186497.696,500955.131],[186880.786,501448.697],[187290.255,502978.182],[187384.191,503495.379],[187374.967,503674.41],[187228.705,503874.238],[187266.102,504070.6],[187125.582,504618.916],[187159.58,504929.865],[187028.149,505442.637],[186858.894,506361.701],[186928.129,506433.978],[186909.057,506550.133],[186824.633,506571.227],[186733.952,507124.554],[184022.758,510070.154],[183775.778,510271.992],[183511.997,510388.453],[183253.25,510433.243],[181483.363,510434.812],[181470.031,513403.5],[185484.99,513404.382],[185704.981,513749.982],[190097.958,514757.491],[190446.064,514588.08],[190792.573,514130.927],[191942.549,514291.41],[192457.493,514651.901],[193489.974,515195.138],[193465.024,515410.148],[195207.502,515808.769],[195720.013,515925.894],[197190.947,516890.484],[197647.141,517489.99],[197539.958,517587.092],[197485.045,517753.029],[196935.997,518379.953],[196434.013,518747.507],[195363.279,519037.387],[195066.391,519401.267],[194759.076,519630.102],[194477.349,519919.475],[194291.523,519984.578],[194213.114,520060.395],[194082.837,520011.392],[193949.866,520037.037],[193853.179,520119.447],[193645.689,520180.173],[193345.866,520171.526],[192523.872,520473.718],[192401.354,520466.437],[192380.284,520280.334],[192077.544,520331.497],[191906.927,520584.083],[191890.985,520778.362],[191960.596,521023.417],[192742.667,521806.155],[192706.996,521845.383],[193018.005,522189.523],[193160.975,522104.843],[193230.879,522120.244],[193698.797,522657.944],[193881.358,522700.566],[194079.739,523068.472],[194051.74,523560.261],[193636.822,524193.692],[193361.573,524164.372],[193397.64,524567.925],[193153.489,525072.437],[192527.236,525438.586],[192039.603,527149.38],[191661.022,528194.987],[191141.365,529401.377],[190020.262,530569.863],[189616.619,530550.458],[189349.018,530729.394],[189228.745,530986.659],[188605.592,531442.462],[188437.381,531676.493],[188240.752,531874.225],[187954.6,532035.25],[187479.94,532426.434],[186913.867,532827.247],[186202.651,533145.681],[185780.514,533111.56],[185722.571,533120.152],[185657.239,533188.065],[185372.025,533176.097],[185285.488,533248.111],[184807.212,533237.538],[184114.659,533136.593],[184076.872,533385.963],[184101.699,533465.063],[183963.487,533625.981],[183254.836,534248.368],[183101.563,534444.832],[182508.675,535549.386],[182150.964,535235.799],[182021.972,535603.133],[181779.202,536762.758],[179357.665,539235.052],[177737.51,539704.76],[177906.686,538926.157],[178060.936,538570.293],[177999.801,538529.721],[177683.808,538780.784],[176899.285,539024.226],[176886.455,538925.297],[176876.16,538884.468],[176846.001,538765.041],[176749.305,538710.694],[176342.911,538657.148],[176293.171,538650.921],[176083.263,538624.58],[174275.438,538396.747],[173867.615,538324.708],[173404.926,538260.508],[171464.828,535116.206],[163749.921,533187.278],[154328.739,530832.125],[153237.58,520920.486],[152706.597,521244.566],[149214.718,522781.906],[148818.76,522828.736],[148266.899,522696.94],[148187.55,522373.635],[148092.782,522416.608],[147499.993,521849.991],[147003.479,521431.836],[146549.991,521050.155],[146199.941,517449.948],[137935.214,512961.786],[133814.547,510723.466],[132849.989,510200.126],[134165.201,506351.701],[135549.94,502300.111],[136378.532,501166.973],[138949.98,497649.794],[141276.409,492000.103],[138000.015,492000.137],[134029.801,489022.223],[134029.816,486992.052],[137813.268,482294.551],[137964.546,482100.149]]]}},{"type":"Feature","properties":{"name":"Friesland"},"geometry":{"type":"Polygon","coordinates":[[[140041.159,557128.636],[140141.503,557012.426],[140201.778,556942.634],[140244.661,556892.982],[140358.964,556760.598],[140506.568,556322.925],[143421.008,547681.946],[145000.023,542999.981],[147855.835,539275.209],[151670.391,534299.494],[154328.739,530832.125],[163749.921,533187.278],[171464.828,535116.206],[173404.926,538260.508],[173867.615,538324.708],[174275.438,538396.747],[176083.263,538624.58],[176293.171,538650.921],[176342.911,538657.148],[176749.305,538710.694],[176846.001,538765.041],[176876.16,538884.468],[176886.455,538925.297],[176899.285,539024.226],[177683.808,538780.784],[177999.801,538529.721],[178060.936,538570.293],[177906.686,538926.157],[177737.51,539704.76],[179357.665,539235.052],[181779.202,536762.758],[182021.972,535603.133],[182150.964,535235.799],[182508.675,535549.386],[183487.748,536357.725],[184005.095,536701.684],[184165.557,536762.845],[184184.227,536634.374],[184331.782,536532.551],[184455.73,536321.87],[184528.994,536304.064],[184759.989,536337.352],[185112.182,536124.305],[185195.95,535930.365],[185349.325,535772.579],[185353.865,535725.926],[185257.163,535547.445],[185283.647,535490.747],[185451.885,535514.719],[185589.251,535659.464],[185691.029,535709.79],[185776.293,535401.252],[185818.213,535453.373],[186215.997,535536.027],[186539.047,535463.052],[186678.553,535657.916],[186803.186,535407.85],[186859.65,535358.589],[186992.713,535336.983],[187265.498,535373.112],[187483.049,535156.396],[187756.546,535082.669],[188058.866,534942.052],[188204.147,534990.612],[188342.044,535240.318],[188421.167,535311.745],[189101.278,535544.414],[189286.509,535680.64],[189439.126,535740.751],[189493.111,535825.649],[189565.704,536110.15],[189628.507,536196.337],[189718.587,536253.452],[190030.263,536338.031],[190202.224,536441.537],[190350.183,536599.68],[190462.02,536884.035],[190617.374,537088.088],[190894.257,537338.053],[191189.978,537498.594],[191200.156,537557.648],[191098.481,537924.12],[191153.125,537994.966],[191323.994,538003.471],[191337.737,538040.519],[191130.504,538154.82],[191087.027,538273.401],[191120.058,538340.692],[191198.867,538392.245],[191529.617,538370.066],[191603.406,538393.99],[191613.587,538469.626],[191577.723,538506.691],[191375.574,538542.122],[191342.769,538594.067],[191606.651,538791.343],[191813.111,538839.583],[192209.274,538839.201],[192381.642,538898.666],[192570.56,539039.778],[192654.887,539067.193],[193118.882,538754.153],[193247.788,538610.387],[193331.241,538603.81],[193383.579,538726.91],[193316.176,539074.913],[193517.779,539346.029],[193755.79,539459.144],[194285.89,539634.936],[194512.671,539646.119],[194420.087,539596.516],[194714.538,538729.963],[195065.103,538150.385],[195238.991,537788.428],[195403.858,537330.477],[195557.89,537371.708],[195676.336,537323.008],[195926.987,537041.116],[196075.647,536776.626],[196288.678,536822.551],[196830.476,537166.807],[197567.613,537385.021],[197956.304,537447.414],[198078.11,537337.709],[198416.938,536614.376],[199247.223,537141.876],[199478.72,537239.077],[199879.362,537646.045],[200339.716,537865.535],[200020.634,538391.948],[199847.259,539104.454],[200461.259,539337.618],[200877.502,539348.76],[201383.974,539274.998],[201749.162,539284.059],[201871.518,539338.709],[201936.702,539406.387],[201928.178,539462.336],[202176.683,539772.943],[202518.947,539914.27],[204347.518,541037.496],[207406.793,543358.128],[210172.027,545165.008],[211837.168,547696.551],[212683.857,548395.142],[212704.101,548545.289],[212837.135,548817.251],[212864.681,548867.715],[213463.413,549306.195],[216561.451,549057.925],[218652.577,547004.623],[218720.794,547020.82],[221032.814,548770.617],[222662.611,550000.151],[224892.958,554369.444],[223909.71,555885.074],[220443.554,561194.521],[220552.953,563123.554],[220721.578,564943.388],[218319.075,565793.575],[216521.692,566424.56],[217167.199,567870.891],[215898.884,568341.711],[215518.075,568489.345],[215372.397,568750.293],[214992.839,569267.377],[214384.963,569743.835],[213589.512,570068.671],[213343.128,570084.384],[212313.136,569970.539],[211853.827,569958.762],[211242.856,570031.846],[210936.259,570115.761],[209758.41,570172.699],[208707.036,571280.461],[208731.228,571305.326],[208585.095,571461.24],[208448.22,571685.597],[208328.835,571860.846],[207981.122,572223.845],[207822.326,572275.637],[207769.459,572326.755],[207737.468,572409.265],[207815.277,575038.16],[207836.076,575791.98],[207876.484,575989.029],[208107.717,576271.708],[208283.262,576919.06],[208544.113,577640.712],[208656.259,577794.383],[208845.094,578338.233],[208915.508,578416.763],[209013.161,578623.313],[209174.793,578685.452],[209281.51,578818.654],[209311.396,579007.53],[209272.082,579133.188],[209316.91,579232.582],[209296.258,579392.508],[209428.261,579430.392],[209613.314,579551.856],[209733.928,579565.078],[209859.894,579536.795],[209940.249,579561.084],[210069.648,579700.127],[210102.15,579823.596],[210253.175,580007.467],[210397.58,580077.52],[210573.223,580239.982],[210649.795,580436.975],[210782.521,580567.674],[210760.6,580657.406],[210792.161,580753.322],[210958.651,580918.253],[210990.904,581071.943],[210943.664,581187.257],[210981.244,581270.501],[211077.637,581380.363],[211192.556,581427.948],[211288.337,581555.17],[211226.111,581717.886],[211303.144,581868.263],[211298.095,582097.037],[211072.062,582285.444],[210980.233,582413.427],[211032.627,582568.633],[210947.181,582711.105],[210925.005,582929.496],[210656.476,583144.642],[210485.915,583104.051],[210422.321,583290.97],[210388.302,583319.46],[210281.956,583316.512],[210223.777,583381.678],[210390.725,583401.85],[210260.846,583503.086],[210256.99,583585.85],[210307.093,583589.82],[210299.782,583694.191],[210677.066,583780.015],[210930.455,583901.936],[210908.341,584003.518],[210786.247,583980.842],[210466.534,584245.49],[210510.858,584315.62],[210609.222,584383.425],[210807.07,584404.416],[210896.622,584529.0],[211044.256,584567.225],[211128.253,584629.365],[211276.776,584574.17],[211346.123,584632.747],[211388.306,584852.728],[211260.436,584946.336],[211218.76,585130.553],[211259.618,585201.54],[211409.209,585182.035],[211530.01,585277.726],[211591.226,585535.33],[211571.92,585596.207],[211422.955,585662.851],[211374.646,585758.226],[211381.182,585824.082],[211391.145,585907.842],[211603.451,585914.177],[211766.16,586022.668],[211835.867,586189.554],[211746.621,586365.97],[211813.245,586550.572],[211845.758,586614.287],[211983.566,586690.158],[212095.667,586823.103],[212129.047,586875.256],[212134.609,586988.293],[212260.738,587141.389],[212341.612,587200.063],[212419.862,587212.908],[212528.233,587095.333],[212677.242,587106.024],[212808.141,587152.174],[212936.557,587293.406],[212943.334,587519.822],[212758.818,587782.945],[212650.089,588195.183],[212721.453,588493.664],[212683.407,588781.481],[212762.902,589148.902],[212774.386,589419.506],[213029.454,589674.351],[213201.198,589753.285],[213569.444,589771.789],[213726.5,589720.227],[213732.846,589643.005],[213779.586,589611.299],[213908.673,589793.304],[213936.124,590115.921],[214148.596,590364.35],[214159.504,590666.841],[214401.654,591070.639],[214607.214,591201.857],[215134.488,591329.815],[215464.812,591691.924],[215402.823,591757.369],[215337.271,591915.375],[215192.955,592010.341],[214953.336,592104.174],[214777.199,592076.487],[214538.143,592155.433],[214930.669,595370.691],[214635.234,595434.957],[214464.923,595505.857],[214039.367,595792.715],[213425.256,595895.157],[212727.422,596146.541],[212553.866,596126.199],[212297.989,596016.558],[211923.379,595640.17],[211752.622,595516.711],[211571.232,595480.619],[211372.549,595518.57],[211293.816,595555.376],[211163.035,595699.54],[210984.406,596105.937],[210886.758,596534.878],[210783.814,596759.571],[210527.113,596996.506],[210287.186,597149.558],[210116.959,597207.033],[208879.053,597442.608],[208293.276,597596.112],[207787.38,597811.728],[207682.469,597895.053],[207488.022,598193.551],[207203.532,598791.262],[207068.165,599226.658],[206935.316,600106.692],[206911.775,600473.297],[206942.653,600773.376],[208471.415,603036.305],[208479.723,603048.642],[208649.32,603299.867],[219000.047,607098.442],[219009.848,612748.441],[220009.857,612748.443],[221009.847,612498.474],[221203.806,612603.795],[222346.048,612474.076],[222823.081,612535.492],[223230.798,612887.389],[223389.767,613162.836],[223447.059,613710.11],[223271.951,614563.679],[222928.482,615050.512],[222412.438,615462.124],[221803.676,615526.408],[221009.87,615498.482],[220009.84,615748.441],[219009.835,615498.469],[218999.972,617500.178],[217000.054,616000.25],[208000.011,614500.139],[204000.015,615499.749],[203000.002,612500.323],[198999.978,611999.807],[196000.024,611999.777],[193000.0,610999.996],[185000.01,610000.046],[175999.973,609499.837],[169999.994,612000.044],[166000.026,609499.829],[161999.992,607999.852],[152999.973,605000.223],[140999.944,602499.965],[140000.017,599999.801],[135999.986,597999.858],[135000.057,593000.074],[131000.046,591999.902],[122999.959,586000.028],[118500.01,582999.917],[116999.994,580999.995],[132499.995,572999.87],[135474.148,566737.025],[138699.58,559945.094],[140032.195,557139.013],[140041.159,557128.636]]]}},{"type":"Feature","properties":{"name":"Overijssel"},"geometry":{"type":"Polygon","coordinates":[[[204132.519,494999.991],[204417.169,494735.839],[204813.702,494140.907],[204702.388,494047.703],[204587.69,493881.417],[204640.614,493749.09],[204716.709,493659.838],[204724.177,493448.995],[204659.906,493208.497],[204618.556,493200.847],[204522.703,493015.28],[204439.455,492721.963],[204416.93,492390.199],[204498.175,492084.569],[204289.46,491564.168],[204241.685,491346.82],[204416.282,491321.807],[204502.951,491273.883],[204659.426,490954.102],[204804.134,490790.489],[205128.718,490699.086],[205234.002,490539.313],[205350.346,490460.272],[205598.049,490484.84],[205473.285,490152.914],[205324.17,489934.074],[205240.228,489644.632],[205330.279,488928.954],[205305.35,488763.182],[205133.945,488404.475],[204974.06,488223.704],[204695.073,488028.162],[203006.151,487499.141],[202449.698,487405.019],[202258.819,487310.665],[202105.908,487151.698],[202050.404,487019.144],[202014.442,486737.007],[202040.855,486502.922],[202089.588,486371.419],[202223.542,486254.25],[202725.381,486163.162],[202917.45,486068.663],[203114.279,485860.497],[203202.665,485683.492],[202714.442,485336.2],[202077.216,485180.199],[202080.505,485096.221],[202020.783,485085.47],[201926.508,484953.83],[201943.593,484454.386],[201888.808,484292.578],[201918.982,484276.286],[201912.207,484028.366],[201997.24,483779.984],[201996.026,483639.048],[201916.619,483191.374],[201816.145,483170.003],[201924.474,483046.24],[201823.11,482931.56],[201794.562,482736.01],[201756.444,482535.696],[201701.495,482427.856],[201643.108,481846.585],[201603.593,481854.279],[201601.949,481757.514],[201474.87,481777.959],[201342.953,481671.013],[201301.54,481466.5],[201329.766,481310.541],[201698.356,481249.474],[201811.685,481310.855],[202228.801,481292.292],[202310.734,480672.522],[202566.531,480652.501],[202479.08,480346.056],[202447.402,480090.22],[202537.657,479517.601],[202680.655,479557.645],[202796.569,479389.801],[203010.465,479343.471],[203555.69,479384.459],[203531.333,479489.037],[203709.236,479492.511],[203795.831,479275.22],[203927.801,479064.722],[203974.071,478718.795],[204037.055,478559.413],[204317.349,478209.03],[204390.808,478071.788],[204440.334,477841.008],[204415.442,477248.969],[204502.766,476917.979],[204638.597,476722.838],[205034.463,476338.439],[205141.508,476182.02],[205226.989,475958.344],[205280.19,475475.861],[205364.427,475272.148],[205475.548,475154.389],[205730.96,475005.063],[205690.983,474915.136],[205595.411,474819.912],[205587.565,474762.583],[205533.912,474757.695],[205387.192,474561.809],[205275.134,474189.25],[205286.133,473973.776],[205459.19,473882.572],[205796.932,473855.874],[206086.606,473772.289],[206300.08,473592.404],[206610.136,473455.985],[206659.11,473445.814],[206733.323,473507.343],[207028.903,473583.436],[207102.615,473652.977],[207352.361,473463.783],[207383.167,473363.465],[207339.497,473165.665],[207071.641,472896.68],[206702.563,472607.18],[206587.343,472549.508],[206539.538,472282.462],[206569.453,471922.37],[206821.46,471483.984],[206952.711,471341.043],[207899.295,471021.263],[208073.878,470709.461],[207992.483,470339.339],[208087.688,470240.16],[208181.504,470242.001],[208266.382,470360.081],[208328.734,470364.202],[208320.562,470507.541],[208403.191,470576.752],[208192.638,470761.308],[208174.625,470863.817],[208171.748,470880.31],[208059.757,471016.582],[208038.879,471195.504],[207956.593,471356.799],[207977.933,471380.339],[208329.455,471192.283],[208375.844,471310.34],[208337.567,471340.082],[208004.848,471444.774],[208233.025,471727.791],[208954.144,471988.129],[209330.841,472049.109],[209490.856,471827.603],[209597.788,471768.083],[209788.04,471535.905],[209948.861,471586.925],[210075.707,471537.818],[210662.055,471574.086],[211274.928,471443.039],[211710.204,471249.831],[211518.839,471795.155],[211566.949,471821.186],[211683.155,471798.313],[211970.389,471566.493],[212076.141,471520.588],[212451.003,471625.068],[212587.172,471563.782],[212868.98,471552.713],[212948.06,471468.738],[213052.782,471453.385],[213143.307,471384.457],[213397.991,471400.139],[213473.791,471453.276],[213577.952,471459.57],[213607.296,471454.02],[213598.061,471374.073],[213728.166,471336.168],[213810.114,471397.839],[213921.671,471397.052],[213976.144,471321.256],[214041.08,471365.314],[214242.136,471368.606],[214275.043,471396.651],[214416.918,471371.979],[214526.739,471419.142],[214631.937,471563.449],[214677.831,471556.769],[214711.429,471504.542],[214796.472,471503.844],[214948.445,471435.245],[214960.711,471381.482],[215405.98,471292.255],[215383.109,471458.774],[215686.03,471437.885],[216409.964,471742.573],[216468.235,471669.076],[216501.208,471674.159],[216812.314,471812.617],[216872.854,471804.026],[216881.799,471656.812],[217149.382,471606.695],[217228.215,471216.336],[218791.104,471256.133],[219082.078,471397.869],[220000.017,471441.653],[219972.812,471549.121],[220002.673,471882.28],[219948.595,472442.284],[220161.748,472421.327],[220241.191,472484.353],[220253.125,472574.086],[220189.989,472593.229],[220192.551,472619.134],[220306.707,472639.722],[220561.119,472783.624],[220677.956,472725.306],[220722.189,472738.188],[220700.858,472911.94],[220739.376,473023.281],[220849.056,473071.418],[221914.701,473059.776],[222937.657,473581.401],[223012.1,473350.691],[223213.697,473259.602],[223488.06,473204.858],[224319.788,473287.703],[224533.463,473255.48],[224909.511,473269.287],[225312.729,473188.033],[225294.699,472884.603],[225323.648,472623.569],[225764.468,472059.331],[225892.567,471780.912],[225961.133,471537.863],[226144.16,471155.025],[226384.577,470834.667],[226915.681,470440.747],[226975.722,470309.199],[227072.319,470256.3],[227390.022,469935.333],[227565.262,469708.219],[227583.796,469628.26],[227631.595,469599.249],[227739.391,469348.286],[227867.903,469214.304],[227902.309,469106.148],[227884.967,468997.676],[228012.53,468766.482],[228147.774,468636.446],[228374.111,468577.419],[228482.095,468576.014],[228531.781,468616.699],[228765.644,468557.746],[228841.349,468584.356],[229046.942,468466.018],[228989.517,468348.431],[229013.771,468184.937],[228987.017,467945.513],[229033.075,467730.155],[229192.985,467424.808],[229246.269,467243.889],[229566.019,466899.775],[229678.57,466583.938],[230088.696,466472.12],[230181.099,466362.297],[230323.885,466387.832],[230407.963,466351.33],[230528.744,466233.878],[230592.67,466079.063],[230664.913,466029.644],[230853.071,466036.746],[231929.187,466474.838],[232164.507,466518.442],[232807.365,466392.612],[233497.135,466321.966],[234886.038,466100.49],[235992.364,466337.037],[237093.366,466664.161],[237244.436,466670.502],[237272.607,466708.304],[237321.477,466692.145],[237368.86,466666.613],[237332.834,466609.596],[237449.033,466594.5],[237510.422,466533.147],[237500.451,466480.735],[237566.433,466492.905],[237715.481,466395.18],[238386.431,465699.608],[238388.367,465608.835],[238162.349,465343.086],[238167.598,465232.005],[238331.52,464919.718],[238476.153,464746.436],[238611.872,464812.373],[238808.642,464579.665],[238932.502,464699.382],[239180.774,464850.868],[239444.38,465177.952],[239562.609,465170.673],[239691.541,465225.898],[239702.315,465376.368],[239782.29,465521.232],[239685.271,465603.203],[239722.98,465640.737],[239963.511,465596.887],[240025.648,465735.942],[240057.962,465748.792],[240339.5,465631.829],[240723.013,465092.489],[240828.994,465439.463],[241042.6,465870.21],[242427.599,465171.086],[242467.456,465134.397],[242443.825,465071.606],[242615.964,464997.802],[242857.885,464956.232],[242997.529,464710.767],[242960.475,464463.451],[243045.982,464473.481],[243011.037,464365.862],[243065.391,464158.838],[242958.634,464134.855],[242804.738,463906.725],[242819.048,463844.605],[242947.141,463829.457],[243023.298,463759.475],[242961.652,463535.927],[242998.469,463463.133],[243054.555,463438.7],[243006.327,463261.238],[242959.034,463247.213],[242937.718,463271.874],[242884.729,463241.223],[243054.214,463014.149],[243104.37,462454.285],[243072.654,462223.646],[242972.222,461993.012],[242769.402,461793.733],[242605.143,461534.883],[242317.79,460984.763],[243377.657,460536.123],[244743.545,460303.326],[245702.653,459878.839],[245864.033,459834.659],[246030.971,459720.979],[247081.94,459751.364],[247517.832,459728.08],[247620.416,459733.831],[247619.164,459782.606],[249051.166,459817.69],[249246.722,459821.006],[250133.107,459836.232],[251937.067,459867.655],[252109.351,459869.963],[253218.399,459858.712],[253300.008,459857.878],[253708.54,459898.363],[254836.125,460010.259],[254909.076,460017.513],[255545.723,460152.33],[256323.774,461005.318],[256418.289,461050.928],[256568.596,461119.716],[256621.084,461215.665],[256732.374,461259.565],[256739.397,461331.325],[256739.274,461347.348],[256712.512,461471.891],[256715.939,461480.141],[256731.592,461543.452],[256853.743,462120.828],[256957.117,462600.777],[257010.059,462855.106],[257257.138,464099.303],[257171.921,464155.531],[257795.889,464729.044],[258873.632,465730.239],[258888.19,465923.858],[258855.368,466192.443],[258919.485,466308.249],[258996.987,466333.745],[259038.025,466420.913],[259203.335,466495.665],[259419.964,466583.021],[259543.523,466594.693],[259576.789,466607.024],[259695.219,466626.661],[259806.864,466645.211],[260113.645,466666.67],[260791.448,466714.409],[260963.338,466761.426],[261047.441,466834.228],[261232.236,466878.97],[261615.845,466928.489],[261809.225,466961.808],[261921.215,467027.213],[261970.903,467027.95],[262316.727,467555.052],[262380.543,467715.028],[262604.256,468030.667],[262691.678,468172.184],[262668.584,468330.111],[262674.404,468380.208],[262677.858,468410.11],[262691.199,468523.309],[262799.243,468642.238],[263030.411,468923.225],[263263.321,469494.297],[263476.207,469749.978],[263592.282,470161.809],[263626.509,470283.148],[263745.065,470466.994],[263828.778,470818.969],[263832.836,470861.406],[263833.487,470909.611],[263823.767,471191.812],[263880.764,471309.146],[263912.762,471482.971],[263995.663,471617.181],[264157.305,471758.915],[264212.678,471798.866],[264195.582,471899.992],[264163.33,471974.017],[264290.068,471997.902],[264501.059,472194.271],[264698.86,472220.128],[264825.796,472227.003],[264861.611,472188.397],[265428.692,472385.539],[265630.838,472349.538],[265928.014,472303.095],[265980.619,472282.682],[266016.416,472230.061],[266089.882,472276.06],[266320.4,472158.028],[266408.617,472029.737],[266555.717,472064.1],[266595.591,472125.099],[266826.594,472121.183],[267000.016,472123.265],[267055.667,472145.225],[267839.396,472347.219],[267861.748,472353.127],[269059.731,473024.835],[269332.976,473177.387],[269347.517,473213.506],[269636.287,473917.932],[269576.368,473973.921],[269434.503,474106.427],[269064.105,474479.418],[268024.061,475525.603],[267542.924,476650.736],[267484.216,476788.025],[267462.205,476834.104],[267362.273,477041.468],[267248.131,477266.096],[267076.199,477400.543],[267033.879,477431.695],[266936.094,477883.307],[266967.066,478013.895],[267038.057,478103.097],[267062.37,478286.403],[267026.989,478433.408],[266952.367,478596.72],[266840.582,478889.858],[266831.139,478981.467],[266834.705,479217.504],[266845.26,479511.13],[267257.235,480541.425],[267301.277,480649.607],[267353.576,480736.664],[267596.897,481141.77],[267712.275,481411.966],[267738.251,481541.221],[267794.78,481643.906],[267620.194,481771.813],[267914.444,481891.166],[267909.403,481937.129],[267964.743,481970.616],[268202.926,482112.856],[268121.27,482303.758],[268190.516,482451.982],[268231.747,482636.405],[268167.689,482778.403],[268146.638,482942.589],[268156.763,483070.705],[268524.332,483687.176],[268711.708,484001.516],[268673.506,484095.576],[268748.508,484313.171],[268762.929,484501.045],[268756.192,484658.771],[268784.121,484718.96],[268908.449,484906.198],[269792.545,486264.2],[269781.53,486693.795],[269798.567,487926.871],[269753.621,488024.05],[269756.57,488584.029],[269522.377,489302.112],[269463.564,489482.449],[269421.145,489612.468],[269158.786,490417.12],[269137.325,490469.047],[269106.846,490542.859],[268757.713,491102.269],[268770.696,491404.146],[268760.565,491478.764],[268631.854,491573.295],[268570.791,491611.456],[268530.67,491653.773],[268466.306,491625.41],[268339.967,491534.294],[268271.315,491529.488],[268233.879,491609.099],[268197.687,491633.144],[268128.642,491633.617],[268044.317,491625.059],[267943.205,491628.584],[267690.959,491743.627],[267618.583,491791.669],[267515.648,491821.595],[267401.32,491824.217],[267189.918,491798.306],[267159.816,491860.173],[267111.658,491960.14],[266960.146,492294.776],[266814.936,492616.482],[266658.711,492976.064],[266462.303,493429.681],[266207.101,494020.494],[266030.982,494176.685],[265426.295,494713.198],[265377.109,494911.883],[265233.302,495493.166],[265186.435,495675.488],[265181.258,495706.202],[265027.147,496374.577],[264859.505,496828.23],[264628.644,497453.165],[264527.345,497696.833],[264239.181,498373.88],[264236.136,498394.681],[264185.607,498741.548],[264033.793,498953.885],[263766.328,499180.418],[263660.783,499141.188],[263071.148,498712.703],[262870.079,498056.338],[262820.317,497964.591],[262578.247,497510.302],[262359.094,496915.118],[262137.194,496459.235],[262101.025,496274.245],[261953.403,496261.797],[261669.714,495986.127],[261132.354,495494.086],[261074.791,495456.951],[260704.922,495323.728],[259791.355,495581.334],[258320.926,495990.551],[258249.042,496014.586],[257303.863,496401.034],[257071.949,496483.532],[256605.745,496609.948],[256279.0,496698.54],[255761.896,496838.79],[255645.789,496870.249],[255599.733,496882.885],[255241.163,496981.858],[254616.133,496805.396],[254647.534,497167.076],[254680.084,497542.248],[254709.541,497881.909],[254607.675,497867.993],[254424.847,497853.667],[254300.121,497843.914],[253597.072,497871.847],[253477.29,497876.627],[253179.308,497905.953],[252691.88,497876.163],[252386.221,497857.472],[252111.133,497841.574],[251959.6,497832.798],[251889.655,497828.805],[249294.241,497776.659],[248954.996,497880.405],[248688.417,497961.964],[248045.098,498151.919],[247823.128,498214.446],[247250.771,498652.911],[246611.897,499090.367],[245809.699,499636.51],[245580.679,499655.546],[245395.73,499772.504],[244903.732,500083.723],[244024.266,500647.041],[244014.265,500653.426],[244049.042,501010.131],[244085.856,501379.673],[244112.561,501600.235],[244136.633,501806.672],[244146.449,501890.875],[244192.403,502281.674],[244274.802,502966.778],[244301.468,503216.39],[244384.251,504040.676],[244464.894,504436.564],[244398.814,504635.575],[243810.37,505786.563],[243679.721,506070.223],[243380.295,506724.451],[242736.494,508086.025],[242907.054,508066.096],[245134.134,507599.123],[245146.676,507799.071],[245259.375,507857.346],[245349.676,507932.685],[245368.519,507981.445],[245455.022,508133.787],[245789.023,509240.658],[246285.196,509108.69],[246360.424,509095.4],[246442.654,509095.82],[246597.002,509127.859],[246668.328,509132.864],[246759.038,509125.935],[246832.182,509104.488],[247483.109,508828.908],[247571.403,508819.166],[247650.254,508830.003],[247832.269,508902.003],[248358.4,509102.47],[248415.926,509114.472],[248534.465,509103.097],[248536.583,509324.617],[247970.828,509786.645],[245230.532,512065.307],[245317.566,512596.842],[245412.0,512753.618],[245348.056,512906.137],[245334.279,513017.513],[245348.361,513102.802],[245503.362,513654.293],[245521.438,513768.872],[245548.201,513888.119],[245546.757,513966.277],[245608.124,514450.992],[245636.115,514536.484],[245699.286,514725.186],[245745.589,514981.245],[245747.203,515009.322],[245739.126,515048.571],[245574.287,515432.495],[245463.023,515581.301],[245411.171,515601.545],[245351.832,515653.149],[245302.679,515710.728],[245247.27,515743.986],[245190.511,515758.633],[245150.046,515806.19],[245142.035,515882.614],[245105.191,515954.334],[245049.814,516024.767],[244969.775,516106.768],[244908.975,516179.496],[244875.109,516246.097],[244852.931,516297.609],[244809.738,516307.891],[244760.136,516296.464],[244704.121,516300.502],[244553.492,516347.327],[244544.138,516397.74],[244542.381,516408.67],[244418.893,516413.981],[244388.072,516332.73],[244265.07,516367.046],[243991.393,516354.386],[243927.442,516487.835],[243926.226,516565.998],[244055.363,516690.993],[244161.804,516955.698],[244185.099,517035.532],[244093.131,517116.216],[244105.921,517324.905],[244213.462,517452.126],[244301.699,517709.325],[244231.441,517869.756],[244101.326,517906.451],[243995.325,517886.715],[243948.164,517950.354],[243983.733,518015.997],[244247.314,518155.797],[244225.128,518401.634],[244396.979,518621.741],[244426.975,518730.525],[242611.672,519315.429],[239025.827,520966.832],[238013.447,521445.017],[233847.831,520435.698],[233405.02,520174.278],[232285.736,519175.325],[231249.175,518242.475],[231620.955,514665.213],[231183.367,514603.633],[231114.285,514692.147],[230880.035,514797.631],[230656.643,514981.362],[230326.676,515080.275],[230024.689,515073.524],[229801.148,515201.313],[229716.109,515208.084],[229510.231,515146.354],[229458.677,515089.091],[229427.032,515105.581],[229449.372,515159.84],[229261.848,515178.248],[229215.609,515123.183],[229028.59,515079.12],[228968.867,515163.186],[228860.236,515169.17],[228780.812,515243.982],[228767.167,515380.882],[228709.896,515410.568],[228618.837,515351.941],[228541.899,515405.928],[228512.007,515488.722],[228546.531,515595.798],[228499.767,515742.385],[228453.713,515785.429],[228315.069,515820.354],[228088.639,515725.212],[227901.851,515696.108],[227871.422,515663.382],[227860.686,515501.911],[227915.187,515450.919],[227815.997,515375.993],[227790.787,515169.737],[227695.853,514976.413],[227710.742,514851.826],[227641.014,514787.525],[227492.419,514802.35],[227263.42,514714.053],[227214.599,514579.623],[227017.313,514717.606],[226858.599,514667.311],[226714.883,514695.808],[226533.471,514810.283],[226359.942,514802.688],[226259.977,514857.71],[226166.522,514926.35],[226152.241,514974.552],[226056.367,515021.124],[226022.735,515140.38],[225949.619,515156.792],[225919.683,515275.991],[225992.143,515323.336],[225996.73,515408.703],[225777.986,515841.109],[225779.779,515876.357],[225863.049,515922.577],[225806.98,516088.584],[225698.712,516155.793],[225647.201,516130.845],[225483.069,516136.992],[225424.218,516012.618],[225370.164,515978.288],[225338.197,515877.226],[225394.311,515730.69],[225272.22,515703.897],[225215.979,515647.058],[225008.833,515548.608],[224879.551,515299.262],[224864.088,515103.736],[224771.913,515115.164],[224708.238,515058.67],[224452.753,515161.595],[224385.882,515213.285],[224317.751,515354.097],[224233.653,515398.311],[224161.673,515330.245],[224014.614,515281.486],[223990.676,515062.473],[224045.591,514984.291],[224009.994,514898.044],[223846.001,514783.227],[223677.518,514777.912],[223550.23,514873.336],[223434.413,514860.699],[223411.944,514924.874],[223318.416,514943.544],[223178.214,514880.05],[223156.228,514788.045],[223032.694,514643.271],[223018.482,514578.974],[222860.582,514550.02],[222531.767,514320.458],[222475.7,514328.644],[222449.866,514404.239],[222477.349,514585.121],[222427.165,514695.157],[222311.439,514665.577],[222269.277,514613.585],[222161.837,514737.805],[221999.115,514833.617],[221967.252,514937.177],[222018.556,514991.795],[222036.33,515212.381],[221971.866,515342.647],[221914.507,515339.804],[221897.99,515403.622],[221795.528,515502.435],[221766.19,515592.842],[221858.83,515665.05],[221903.144,515777.273],[221895.648,515845.11],[221837.043,515874.412],[221895.28,515985.991],[221826.016,516166.326],[221693.02,516233.731],[221637.848,516478.807],[221588.335,516455.208],[221481.227,516506.779],[221504.826,516578.878],[221438.203,516673.455],[221512.428,516834.1],[221497.073,516890.368],[221401.693,516919.176],[221284.03,517106.096],[221137.896,517126.153],[221049.473,517282.036],[221047.978,517315.123],[221136.512,517336.295],[221137.22,517446.698],[221103.032,517431.769],[221063.455,517500.008],[221160.369,517569.646],[221122.951,517746.194],[221061.227,517770.399],[221000.791,517839.637],[221015.405,517867.822],[220826.952,518008.784],[220617.098,518012.753],[220485.669,518071.698],[220414.196,518030.846],[220388.145,518052.977],[220408.813,518127.146],[220383.432,518251.111],[220282.058,518333.443],[220162.042,518321.66],[220063.352,518401.028],[219986.59,518399.173],[219964.067,518492.241],[219719.386,518615.917],[219568.282,518944.656],[219470.277,518989.212],[219341.192,518942.498],[219237.801,518964.453],[219164.909,519029.321],[219119.395,518996.062],[219057.914,519003.714],[218991.307,519041.068],[218955.088,519109.368],[218968.233,519224.551],[218865.874,519269.062],[218798.498,519251.657],[218744.201,519360.008],[218638.305,519440.144],[218543.075,519467.784],[218511.33,519551.836],[218598.276,519625.133],[218501.701,519725.369],[218505.774,519885.893],[218547.946,519957.329],[218619.823,519994.765],[218672.857,520094.387],[218677.751,520183.589],[218727.302,520181.675],[218680.585,520285.506],[218692.739,520331.514],[218636.183,520375.347],[218642.193,520462.004],[218561.117,520539.516],[218537.434,520607.537],[218281.591,520744.714],[218234.826,520717.401],[218049.129,520730.249],[218037.412,520663.049],[217876.812,520673.278],[217785.309,520613.121],[217753.045,520552.001],[217684.227,520540.046],[217700.71,520470.649],[217647.514,520443.203],[217560.21,520466.735],[217539.635,520395.973],[217413.341,520323.082],[217258.1,520307.526],[217135.308,520256.721],[217099.477,520302.504],[216925.65,520378.865],[216830.919,520286.358],[216720.35,520279.898],[216727.201,520206.092],[216582.677,520265.865],[216425.36,519946.729],[216461.991,519850.428],[216446.439,519806.499],[216192.332,519830.91],[216087.595,519898.373],[215995.35,519913.747],[215966.644,519983.052],[215900.559,519938.049],[215886.624,520013.882],[215736.702,520154.626],[215765.402,520327.805],[215638.848,520374.586],[215585.988,520460.954],[215333.513,520548.249],[215249.994,520490.799],[215221.84,520532.906],[215177.845,520509.83],[215140.074,520349.34],[215049.082,520343.548],[214952.976,520092.762],[214905.151,520067.137],[214705.246,520081.718],[214614.879,520182.439],[214445.258,520283.087],[214412.982,520419.851],[214408.051,520550.102],[214189.099,520608.597],[214075.869,520691.245],[214023.703,520677.873],[214007.229,520627.597],[213912.856,520619.226],[213865.246,520685.31],[213821.033,520635.091],[213688.005,520600.775],[213624.652,520651.427],[213481.936,520643.765],[213376.655,520752.898],[213423.45,520788.289],[213398.48,520842.741],[213387.812,520809.897],[213313.004,520783.576],[213238.233,520850.567],[213210.851,520977.158],[213285.794,521068.523],[213244.864,521154.168],[213243.628,521252.248],[212927.706,521597.865],[212780.651,521553.225],[212705.909,521481.901],[212599.543,521482.371],[212550.427,521443.122],[212469.06,521465.924],[212455.848,521519.685],[212374.434,521529.356],[212189.747,521633.744],[212193.773,521720.369],[212271.109,521758.22],[212182.11,521893.443],[212055.718,521857.58],[211966.595,521908.398],[211823.961,521885.038],[211557.017,522028.333],[211428.59,522060.401],[211398.804,522024.836],[211388.9,522097.779],[211254.136,522225.258],[211302.006,522349.332],[211213.391,522383.978],[211142.328,522374.259],[211080.095,522437.643],[211035.671,522395.959],[210975.263,522441.949],[210917.371,522424.706],[210888.905,522344.591],[210821.621,522344.267],[210779.686,522309.403],[210809.392,522230.787],[210649.143,522296.842],[210570.924,522250.104],[210336.739,522231.757],[210292.045,522171.382],[210226.507,522231.79],[210068.798,522223.223],[209610.514,521637.361],[209537.489,521317.336],[209438.9,521299.656],[209389.624,521618.763],[209247.714,521613.792],[209237.598,521659.917],[209141.502,521658.852],[209009.522,521973.264],[208648.095,521869.911],[208751.437,521629.956],[208791.929,521638.024],[208902.324,521382.014],[208748.883,521342.545],[208835.535,521142.303],[208603.354,521204.24],[207531.439,521618.812],[207464.763,521683.919],[207907.303,522363.215],[207808.814,522587.994],[207682.515,522677.437],[207580.245,522673.832],[207429.489,522900.561],[207240.156,523018.272],[207172.378,523020.942],[207157.159,523065.737],[207058.052,523029.46],[206987.079,523087.74],[206654.613,524047.795],[206690.875,524064.315],[206453.382,524739.343],[206289.872,525155.317],[206249.731,525177.374],[205938.502,525987.417],[205877.608,526076.03],[205090.581,528102.115],[204481.485,529549.35],[204581.431,529906.969],[204939.965,530215.876],[205315.384,530401.852],[205716.428,530448.408],[206937.009,530872.679],[207433.034,531297.42],[207728.997,531368.498],[208020.049,532039.419],[208515.975,532515.244],[209395.472,533539.131],[209939.304,534353.95],[208255.442,536587.322],[207925.511,536783.701],[207872.997,536730.046],[206939.753,537802.962],[206355.96,538179.247],[206544.586,538227.482],[205519.474,539322.171],[205386.489,539536.461],[205079.44,539884.336],[204962.663,540314.92],[204347.518,541037.496],[202518.947,539914.27],[202176.683,539772.943],[201928.178,539462.336],[201936.702,539406.387],[201871.518,539338.709],[201749.162,539284.059],[201383.974,539274.998],[200877.502,539348.76],[200461.259,539337.618],[199847.259,539104.454],[200020.634,538391.948],[200339.716,537865.535],[199879.362,537646.045],[199478.72,537239.077],[199247.223,537141.876],[198416.938,536614.376],[198078.11,537337.709],[197956.304,537447.414],[197567.613,537385.021],[196830.476,537166.807],[196288.678,536822.551],[196075.647,536776.626],[195926.987,537041.116],[195676.336,537323.008],[195557.89,537371.708],[195403.858,537330.477],[195238.991,537788.428],[195065.103,538150.385],[194714.538,538729.963],[194420.087,539596.516],[194512.671,539646.119],[194285.89,539634.936],[193755.79,539459.144],[193517.779,539346.029],[193316.176,539074.913],[193383.579,538726.91],[193331.241,538603.81],[193247.788,538610.387],[193118.882,538754.153],[192654.887,539067.193],[192570.56,539039.778],[192381.642,538898.666],[192209.274,538839.201],[191813.111,538839.583],[191606.651,538791.343],[191342.769,538594.067],[191375.574,538542.122],[191577.723,538506.691],[191613.587,538469.626],[191603.406,538393.99],[191529.617,538370.066],[191198.867,538392.245],[191120.058,538340.692],[191087.027,538273.401],[191130.504,538154.82],[191337.737,538040.519],[191323.994,538003.471],[191153.125,537994.966],[191098.481,537924.12],[191200.156,537557.648],[191189.978,537498.594],[190894.257,537338.053],[190617.374,537088.088],[190462.02,536884.035],[190350.183,536599.68],[190202.224,536441.537],[190030.263,536338.031],[189718.587,536253.452],[189628.507,536196.337],[189565.704,536110.15],[189493.111,535825.649],[189439.126,535740.751],[189286.509,535680.64],[189101.278,535544.414],[188421.167,535311.745],[188342.044,535240.318],[188204.147,534990.612],[188058.866,534942.052],[187756.546,535082.669],[187483.049,535156.396],[187265.498,535373.112],[186992.713,535336.983],[186859.65,535358.589],[186803.186,535407.85],[186678.553,535657.916],[186539.047,535463.052],[186215.997,535536.027],[185818.213,535453.373],[185776.293,535401.252],[185691.029,535709.79],[185589.251,535659.464],[185451.885,535514.719],[185283.647,535490.747],[185257.163,535547.445],[185353.865,535725.926],[185349.325,535772.579],[185195.95,535930.365],[185112.182,536124.305],[184759.989,536337.352],[184528.994,536304.064],[184455.73,536321.87],[184331.782,536532.551],[184184.227,536634.374],[184165.557,536762.845],[184005.095,536701.684],[183487.748,536357.725],[182508.675,535549.386],[183101.563,534444.832],[183254.836,534248.368],[183963.487,533625.981],[184101.699,533465.063],[184076.872,533385.963],[184114.659,533136.593],[184807.212,533237.538],[185285.488,533248.111],[185372.025,533176.097],[185657.239,533188.065],[185722.571,533120.152],[185780.514,533111.56],[186202.651,533145.681],[186913.867,532827.247],[187479.94,532426.434],[187954.6,532035.25],[188240.752,531874.225],[188437.381,531676.493],[188605.592,531442.462],[189228.745,530986.659],[189349.018,530729.394],[189616.619,530550.458],[190020.262,530569.863],[191141.365,529401.377],[191661.022,528194.987],[192039.603,527149.38],[192527.236,525438.586],[193153.489,525072.437],[193397.64,524567.925],[193361.573,524164.372],[193636.822,524193.692],[194051.74,523560.261],[194079.739,523068.472],[193881.358,522700.566],[193698.797,522657.944],[193230.879,522120.244],[193160.975,522104.843],[193018.005,522189.523],[192706.996,521845.383],[192742.667,521806.155],[191960.596,521023.417],[191890.985,520778.362],[191906.927,520584.083],[192077.544,520331.497],[192380.284,520280.334],[192401.354,520466.437],[192523.872,520473.718],[193345.866,520171.526],[193645.689,520180.173],[193853.179,520119.447],[193949.866,520037.037],[194082.837,520011.392],[194213.114,520060.395],[194291.523,519984.578],[194477.349,519919.475],[194759.076,519630.102],[195066.391,519401.267],[195363.279,519037.387],[196434.013,518747.507],[196935.997,518379.953],[197485.045,517753.029],[197539.958,517587.092],[197647.141,517489.99],[197190.947,516890.484],[195720.013,515925.894],[195207.502,515808.769],[193465.024,515410.148],[193489.974,515195.138],[192457.493,514651.901],[191942.549,514291.41],[190792.573,514130.927],[190446.064,514588.08],[190097.958,514757.491],[185704.981,513749.982],[185484.99,513404.382],[181470.031,513403.5],[181483.363,510434.812],[183253.25,510433.243],[183511.997,510388.453],[183775.778,510271.992],[184022.758,510070.154],[186733.952,507124.554],[186824.633,506571.227],[186909.057,506550.133],[186928.129,506433.978],[186858.894,506361.701],[187028.149,505442.637],[187159.58,504929.865],[187125.582,504618.916],[187266.102,504070.6],[187228.705,503874.238],[187374.967,503674.41],[187384.191,503495.379],[188192.072,503929.062],[188295.648,503833.847],[188376.969,503892.539],[188477.128,503811.269],[188628.053,503592.483],[188674.709,503623.736],[188787.343,503521.361],[189831.098,502242.128],[190448.656,501282.542],[191065.903,500000.067],[191568.069,498616.167],[192241.96,498993.925],[192304.953,498907.444],[192350.67,498899.612],[192757.863,499269.972],[193027.513,499563.636],[193223.579,499711.144],[193436.418,499784.128],[193485.707,499753.135],[193816.02,499728.134],[194280.096,498904.066],[195432.469,500261.128],[196057.039,500863.112],[196660.972,501558.362],[197085.447,501992.382],[197455.934,502210.77],[197594.023,502177.581],[197635.814,502208.933],[197935.062,502086.743],[198184.482,502184.901],[198323.453,502283.322],[198491.455,502633.65],[199500.988,502174.11],[200280.736,501568.277],[200519.191,501272.098],[200978.842,500159.574],[201300.571,499749.991],[201750.659,499436.73],[202372.655,499205.838],[202581.27,499097.08],[202907.988,498869.303],[203125.681,498637.587],[203420.387,498243.511],[203538.218,497933.996],[203688.504,496499.104],[203667.044,496139.368],[203601.832,495827.547],[203624.629,495519.211],[203723.484,495320.676],[203829.026,495199.488],[204132.519,494999.991]]]}},{"type":"Feature","properties":{"name":"Drenthe"},"geometry":{"type":"Polygon","coordinates":[[[223909.71,555885.074],[224892.958,554369.444],[222662.611,550000.151],[221032.814,548770.617],[218720.794,547020.82],[218652.577,547004.623],[216561.451,549057.925],[213463.413,549306.195],[212864.681,548867.715],[212837.135,548817.251],[212704.101,548545.289],[212683.857,548395.142],[211837.168,547696.551],[210172.027,545165.008],[207406.793,543358.128],[204347.518,541037.496],[204962.663,540314.92],[205079.44,539884.336],[205386.489,539536.461],[205519.474,539322.171],[206544.586,538227.482],[206355.96,538179.247],[206939.753,537802.962],[207872.997,536730.046],[207925.511,536783.701],[208255.442,536587.322],[209939.304,534353.95],[209395.472,533539.131],[208515.975,532515.244],[208020.049,532039.419],[207728.997,531368.498],[207433.034,531297.42],[206937.009,530872.679],[205716.428,530448.408],[205315.384,530401.852],[204939.965,530215.876],[204581.431,529906.969],[204481.485,529549.35],[205090.581,528102.115],[205877.608,526076.03],[205938.502,525987.417],[206249.731,525177.374],[206289.872,525155.317],[206453.382,524739.343],[206690.875,524064.315],[206654.613,524047.795],[206987.079,523087.74],[207058.052,523029.46],[207157.159,523065.737],[207172.378,523020.942],[207240.156,523018.272],[207429.489,522900.561],[207580.245,522673.832],[207682.515,522677.437],[207808.814,522587.994],[207907.303,522363.215],[207464.763,521683.919],[207531.439,521618.812],[208603.354,521204.24],[208835.535,521142.303],[208748.883,521342.545],[208902.324,521382.014],[208791.929,521638.024],[208751.437,521629.956],[208648.095,521869.911],[209009.522,521973.264],[209141.502,521658.852],[209237.598,521659.917],[209247.714,521613.792],[209389.624,521618.763],[209438.9,521299.656],[209537.489,521317.336],[209610.514,521637.361],[210068.798,522223.223],[210226.507,522231.79],[210292.045,522171.382],[210336.739,522231.757],[210570.924,522250.104],[210649.143,522296.842],[210809.392,522230.787],[210779.686,522309.403],[210821.621,522344.267],[210888.905,522344.591],[210917.371,522424.706],[210975.263,522441.949],[211035.671,522395.959],[211080.095,522437.643],[211142.328,522374.259],[211213.391,522383.978],[211302.006,522349.332],[211254.136,522225.258],[211388.9,522097.779],[211398.804,522024.836],[211428.59,522060.401],[211557.017,522028.333],[211823.961,521885.038],[211966.595,521908.398],[212055.718,521857.58],[212182.11,521893.443],[212271.109,521758.22],[212193.773,521720.369],[212189.747,521633.744],[212374.434,521529.356],[212455.848,521519.685],[212469.06,521465.924],[212550.427,521443.122],[212599.543,521482.371],[212705.909,521481.901],[212780.651,521553.225],[212927.706,521597.865],[213243.628,521252.248],[213244.864,521154.168],[213285.794,521068.523],[213210.851,520977.158],[213238.233,520850.567],[213313.004,520783.576],[213387.812,520809.897],[213398.48,520842.741],[213423.45,520788.289],[213376.655,520752.898],[213481.936,520643.765],[213624.652,520651.427],[213688.005,520600.775],[213821.033,520635.091],[213865.246,520685.31],[213912.856,520619.226],[214007.229,520627.597],[214023.703,520677.873],[214075.869,520691.245],[214189.099,520608.597],[214408.051,520550.102],[214412.982,520419.851],[214445.258,520283.087],[214614.879,520182.439],[214705.246,520081.718],[214905.151,520067.137],[214952.976,520092.762],[215049.082,520343.548],[215140.074,520349.34],[215177.845,520509.83],[215221.84,520532.906],[215249.994,520490.799],[215333.513,520548.249],[215585.988,520460.954],[215638.848,520374.586],[215765.402,520327.805],[215736.702,520154.626],[215886.624,520013.882],[215900.559,519938.049],[215966.644,519983.052],[215995.35,519913.747],[216087.595,519898.373],[216192.332,519830.91],[216446.439,519806.499],[216461.991,519850.428],[216425.36,519946.729],[216582.677,520265.865],[216727.201,520206.092],[216720.35,520279.898],[216830.919,520286.358],[216925.65,520378.865],[217099.477,520302.504],[217135.308,520256.721],[217258.1,520307.526],[217413.341,520323.082],[217539.635,520395.973],[217560.21,520466.735],[217647.514,520443.203],[217700.71,520470.649],[217684.227,520540.046],[217753.045,520552.001],[217785.309,520613.121],[217876.812,520673.278],[218037.412,520663.049],[218049.129,520730.249],[218234.826,520717.401],[218281.591,520744.714],[218537.434,520607.537],[218561.117,520539.516],[218642.193,520462.004],[218636.183,520375.347],[218692.739,520331.514],[218680.585,520285.506],[218727.302,520181.675],[218677.751,520183.589],[218672.857,520094.387],[218619.823,519994.765],[218547.946,519957.329],[218505.774,519885.893],[218501.701,519725.369],[218598.276,519625.133],[218511.33,519551.836],[218543.075,519467.784],[218638.305,519440.144],[218744.201,519360.008],[218798.498,519251.657],[218865.874,519269.062],[218968.233,519224.551],[218955.088,519109.368],[218991.307,519041.068],[219057.914,519003.714],[219119.395,518996.062],[219164.909,519029.321],[219237.801,518964.453],[219341.192,518942.498],[219470.277,518989.212],[219568.282,518944.656],[219719.386,518615.917],[219964.067,518492.241],[219986.59,518399.173],[220063.352,518401.028],[220162.042,518321.66],[220282.058,518333.443],[220383.432,518251.111],[220408.813,518127.146],[220388.145,518052.977],[220414.196,518030.846],[220485.669,518071.698],[220617.098,518012.753],[220826.952,518008.784],[221015.405,517867.822],[221000.791,517839.637],[221061.227,517770.399],[221122.951,517746.194],[221160.369,517569.646],[221063.455,517500.008],[221103.032,517431.769],[221137.22,517446.698],[221136.512,517336.295],[221047.978,517315.123],[221049.473,517282.036],[221137.896,517126.153],[221284.03,517106.096],[221401.693,516919.176],[221497.073,516890.368],[221512.428,516834.1],[221438.203,516673.455],[221504.826,516578.878],[221481.227,516506.779],[221588.335,516455.208],[221637.848,516478.807],[221693.02,516233.731],[221826.016,516166.326],[221895.28,515985.991],[221837.043,515874.412],[221895.648,515845.11],[221903.144,515777.273],[221858.83,515665.05],[221766.19,515592.842],[221795.528,515502.435],[221897.99,515403.622],[221914.507,515339.804],[221971.866,515342.647],[222036.33,515212.381],[222018.556,514991.795],[221967.252,514937.177],[221999.115,514833.617],[222161.837,514737.805],[222269.277,514613.585],[222311.439,514665.577],[222427.165,514695.157],[222477.349,514585.121],[222449.866,514404.239],[222475.7,514328.644],[222531.767,514320.458],[222860.582,514550.02],[223018.482,514578.974],[223032.694,514643.271],[223156.228,514788.045],[223178.214,514880.05],[223318.416,514943.544],[223411.944,514924.874],[223434.413,514860.699],[223550.23,514873.336],[223677.518,514777.912],[223846.001,514783.227],[224009.994,514898.044],[224045.591,514984.291],[223990.676,515062.473],[224014.614,515281.486],[224161.673,515330.245],[224233.653,515398.311],[224317.751,515354.097],[224385.882,515213.285],[224452.753,515161.595],[224708.238,515058.67],[224771.913,515115.164],[224864.088,515103.736],[224879.551,515299.262],[225008.833,515548.608],[225215.979,515647.058],[225272.22,515703.897],[225394.311,515730.69],[225338.197,515877.226],[225370.164,515978.288],[225424.218,516012.618],[225483.069,516136.992],[225647.201,516130.845],[225698.712,516155.793],[225806.98,516088.584],[225863.049,515922.577],[225779.779,515876.357],[225777.986,515841.109],[225996.73,515408.703],[225992.143,515323.336],[225919.683,515275.991],[225949.619,515156.792],[226022.735,515140.38],[226056.367,515021.124],[226152.241,514974.552],[226166.522,514926.35],[226259.977,514857.71],[226359.942,514802.688],[226533.471,514810.283],[226714.883,514695.808],[226858.599,514667.311],[227017.313,514717.606],[227214.599,514579.623],[227263.42,514714.053],[227492.419,514802.35],[227641.014,514787.525],[227710.742,514851.826],[227695.853,514976.413],[227790.787,515169.737],[227815.997,515375.993],[227915.187,515450.919],[227860.686,515501.911],[227871.422,515663.382],[227901.851,515696.108],[228088.639,515725.212],[228315.069,515820.354],[228453.713,515785.429],[228499.767,515742.385],[228546.531,515595.798],[228512.007,515488.722],[228541.899,515405.928],[228618.837,515351.941],[228709.896,515410.568],[228767.167,515380.882],[228780.812,515243.982],[228860.236,515169.17],[228968.867,515163.186],[229028.59,515079.12],[229215.609,515123.183],[229261.848,515178.248],[229449.372,515159.84],[229427.032,515105.581],[229458.677,515089.091],[229510.231,515146.354],[229716.109,515208.084],[229801.148,515201.313],[230024.689,515073.524],[230326.676,515080.275],[230656.643,514981.362],[230880.035,514797.631],[231114.285,514692.147],[231183.367,514603.633],[231620.955,514665.213],[231249.175,518242.475],[232285.736,519175.325],[233405.02,520174.278],[233847.831,520435.698],[238013.447,521445.017],[239025.827,520966.832],[242611.672,519315.429],[244426.975,518730.525],[244396.979,518621.741],[244225.128,518401.634],[244247.314,518155.797],[243983.733,518015.997],[243948.164,517950.354],[243995.325,517886.715],[244101.326,517906.451],[244231.441,517869.756],[244301.699,517709.325],[244213.462,517452.126],[244105.921,517324.905],[244093.131,517116.216],[244185.099,517035.532],[244161.804,516955.698],[244055.363,516690.993],[243926.226,516565.998],[243927.442,516487.835],[243991.393,516354.386],[244265.07,516367.046],[244388.072,516332.73],[244418.893,516413.981],[244542.381,516408.67],[244737.495,516515.58],[244883.406,516681.304],[245043.42,516773.726],[245200.917,516816.858],[245645.164,517033.465],[245944.674,517516.035],[246133.558,517699.069],[246328.71,517906.49],[246380.83,517957.88],[246689.872,518396.159],[246768.417,518449.44],[247262.639,518592.789],[247307.834,518667.654],[247404.858,518722.184],[247462.89,518722.946],[247484.091,518691.794],[247363.951,518601.322],[247397.775,518527.28],[247468.78,518468.576],[247607.971,518618.399],[247823.962,518808.691],[248443.631,518600.448],[248580.234,518809.572],[248729.826,518970.756],[248812.425,518973.396],[248859.292,518986.204],[248899.181,519008.115],[249074.575,519141.369],[249171.249,519170.441],[249480.788,519252.648],[249544.16,519257.044],[249740.147,519232.564],[249799.716,519246.295],[249858.595,519269.473],[249931.264,519277.783],[249973.353,519267.971],[250010.438,519238.695],[250132.764,519105.621],[250200.99,519064.154],[250273.86,519069.245],[250754.388,519211.182],[250802.139,519211.337],[250965.504,519152.656],[250995.35,519135.656],[251089.707,518970.28],[251124.749,518924.946],[251161.148,518905.238],[251216.579,518886.795],[251711.317,518859.15],[251755.446,518832.142],[251812.865,518785.196],[251839.54,518767.972],[251881.405,518761.344],[252053.432,518760.634],[252107.309,518764.43],[252147.85,518776.81],[252390.383,518883.137],[252456.339,518919.398],[252544.69,518976.586],[252580.956,519004.578],[252621.784,519058.371],[252656.256,519111.76],[252705.683,519178.914],[252739.003,519203.51],[252801.511,519220.619],[253126.594,519262.522],[253193.607,519260.805],[253245.199,519251.713],[253632.721,519108.92],[253989.783,518925.361],[254050.732,518912.459],[254097.679,518915.747],[254207.262,519004.95],[254249.337,519016.433],[254291.734,519023.693],[254789.588,519045.008],[254924.618,519050.825],[254966.724,519062.371],[255016.733,519083.038],[255417.802,519419.929],[255479.919,519430.832],[255545.272,519437.406],[255606.8,519416.022],[255656.462,519380.87],[255824.23,519251.041],[255922.909,519189.356],[256006.42,519160.861],[256092.083,519162.575],[256185.063,519181.972],[256748.886,519277.202],[256829.998,519282.841],[257087.274,519283.697],[257173.845,519272.594],[257248.485,519247.83],[257329.791,519189.149],[257508.829,519021.547],[257554.182,518986.158],[257633.121,518961.657],[257728.51,518946.853],[257919.909,518908.804],[258323.632,518778.355],[258374.201,518730.394],[258394.856,518680.41],[258443.091,518297.712],[258460.662,518230.355],[258502.651,518181.825],[258679.678,518040.88],[258725.387,518026.266],[259284.556,518075.999],[259354.137,518067.632],[259411.459,518045.092],[259748.283,517877.323],[260001.953,517836.96],[260052.313,517837.819],[260107.211,517849.628],[260386.943,517985.984],[260441.488,518003.076],[260499.406,518009.779],[260987.509,517974.975],[261042.053,517992.073],[261085.12,518021.613],[261370.081,518272.45],[261404.546,518289.506],[261466.521,518297.812],[261936.027,518301.487],[261993.554,518313.431],[262036.964,518337.755],[262130.445,518405.305],[262210.267,518499.772],[262432.795,518787.427],[262465.654,518810.967],[262509.993,518822.015],[262561.083,518812.341],[262902.717,518708.84],[262930.629,518689.587],[263097.72,518539.397],[263120.135,518522.362],[263612.733,518310.052],[263658.718,518297.382],[263711.905,518295.781],[263769.108,518313.026],[264084.791,518390.903],[264155.918,518398.5],[264225.505,518390.147],[264306.578,518369.252],[264431.147,518295.736],[264459.424,518271.158],[264477.67,518237.952],[264552.501,518078.621],[264587.491,518034.047],[264643.481,517992.115],[264978.106,517837.73],[265038.029,517815.369],[265617.769,517723.257],[266073.881,517614.546],[266119.362,517609.791],[266538.716,517647.103],[266592.108,517642.866],[266638.823,517619.611],[266693.094,517565.028],[266737.696,517496.479],[266775.721,517446.089],[266822.831,517417.558],[266936.782,517420.218],[267014.853,517411.987],[267915.447,518622.523],[267853.382,518736.017],[267941.206,520488.883],[268068.535,523011.426],[268105.967,523814.057],[268152.321,524808.741],[268202.561,525682.691],[268227.686,526119.723],[268221.904,526405.547],[268238.694,526752.782],[268256.935,527210.695],[268261.111,527310.36],[268272.639,527474.757],[268307.984,528284.258],[268379.946,530793.863],[268389.378,531017.21],[268429.363,532522.603],[268489.948,534693.367],[268595.377,537283.573],[269915.439,540356.46],[268528.778,540358.579],[268535.831,540391.415],[268486.924,540442.092],[268514.884,541111.147],[268781.442,541501.252],[268776.604,541644.627],[268334.979,541386.802],[268277.871,541431.334],[268074.921,541807.927],[267965.971,541739.161],[267924.939,541817.188],[267890.769,541798.528],[267480.461,542336.809],[267138.165,542884.761],[267079.803,542849.019],[266733.393,543362.506],[266533.572,543287.009],[266387.514,543719.351],[266424.511,543746.525],[266294.389,544132.483],[264592.542,544105.72],[266544.559,548926.9],[265276.474,549244.842],[265027.181,549411.558],[264660.695,549724.744],[264542.662,549870.685],[264510.219,549869.953],[258968.204,557381.577],[253866.513,562553.169],[250613.98,565856.745],[248063.151,568446.814],[246393.646,570139.699],[246341.184,570275.063],[246202.281,570285.181],[246095.738,570509.466],[245829.18,570749.494],[245779.621,570840.282],[245728.59,570818.897],[245406.856,571142.786],[244257.081,571206.699],[243642.342,571196.257],[242540.946,571268.703],[241626.967,570967.31],[241225.447,570867.565],[241131.961,570796.272],[240935.727,570737.119],[240953.617,570710.278],[240567.166,570546.299],[240577.165,570520.597],[239999.99,570266.632],[238535.847,569530.317],[238564.656,569599.603],[238625.705,569623.144],[238609.297,569737.062],[238704.033,569803.262],[238676.962,570008.655],[238564.99,570139.283],[238604.387,570252.441],[238659.837,570275.942],[238616.48,570343.088],[238507.602,570388.342],[238463.984,570447.527],[238211.92,570483.468],[238180.047,570508.408],[238192.766,570551.481],[238081.403,570589.911],[238100.208,570687.907],[238045.26,570730.705],[238258.539,570993.392],[238180.299,571049.311],[238119.492,571008.749],[238098.94,571035.61],[238032.642,571208.999],[238062.319,571305.456],[238046.648,571365.905],[237736.572,571638.68],[237645.861,571774.701],[237602.46,571947.653],[237630.624,571958.71],[237445.433,572162.796],[237414.827,572279.035],[237447.914,572315.274],[237421.545,572381.441],[237319.433,572414.092],[237316.107,572516.828],[237143.633,572461.629],[237079.706,572483.08],[237136.037,572783.79],[236773.793,573123.69],[236678.931,573193.82],[236606.161,573194.703],[236153.025,573785.334],[235961.301,573704.864],[235875.555,573755.629],[235880.817,573858.843],[235549.956,573802.438],[235442.487,573807.823],[235342.078,573863.473],[235289.975,574279.561],[235167.662,574578.611],[235200.8,574603.761],[235091.347,574781.981],[235094.552,574828.672],[235258.5,575062.472],[235028.622,575231.01],[235001.827,575420.4],[234895.053,575602.008],[234910.072,575708.834],[234824.78,575710.815],[234862.674,575864.324],[233696.582,575179.808],[233374.981,576478.918],[233064.511,577068.314],[233025.232,577125.447],[232982.696,577125.593],[232630.254,577756.412],[232611.492,577785.829],[232284.591,577518.557],[232187.343,577507.259],[232033.098,577804.54],[231690.464,578086.525],[231347.5,579314.973],[231411.099,579372.025],[230852.975,579493.598],[230415.393,579649.346],[230369.376,579612.951],[230261.826,579512.763],[230231.419,579546.57],[230028.189,579700.955],[230017.694,579735.352],[229951.437,579751.629],[229804.637,579854.253],[229149.418,579630.076],[228999.371,579625.264],[228907.93,579693.036],[228870.885,579866.106],[228885.088,579944.461],[228857.184,579979.318],[228804.872,579960.651],[228664.485,580080.771],[228621.315,580172.273],[228415.423,580197.568],[228402.769,580255.978],[228081.623,580211.578],[226915.425,579811.904],[226078.731,579464.45],[226081.581,579441.174],[225874.929,579385.48],[225756.81,578824.547],[225669.712,578578.23],[225578.655,578432.588],[225443.02,578367.771],[225225.473,578173.039],[225147.816,578157.104],[225095.723,578210.662],[225007.89,578186.456],[224725.558,577908.997],[224526.831,577840.678],[224305.647,577701.644],[224151.098,577642.936],[224082.826,577661.88],[223864.99,577509.335],[223810.395,577488.242],[223742.082,577507.579],[223457.929,577392.73],[223463.244,577362.197],[223249.869,577319.712],[223099.479,577151.965],[223006.873,576810.18],[223010.389,576253.159],[222922.607,576077.398],[222418.084,575680.977],[222343.979,575534.302],[222268.555,575479.323],[222153.028,575222.552],[222074.888,575246.952],[222066.453,575107.93],[221980.397,575056.703],[221924.313,574959.536],[221504.711,574540.187],[221520.111,574100.536],[221584.421,574097.584],[220502.864,571004.144],[220384.388,569410.398],[219922.47,569356.584],[219135.974,567129.401],[217167.199,567870.891],[216521.692,566424.56],[218319.075,565793.575],[220721.578,564943.388],[220552.953,563123.554],[220443.554,561194.521],[223909.71,555885.074]]]}},{"type":"Feature","properties":{"name":"Groningen"},"geometry":{"type":"Polygon","coordinates":[[[208471.415,603036.305],[206942.653,600773.376],[206911.775,600473.297],[206935.316,600106.692],[207068.165,599226.658],[207203.532,598791.262],[207488.022,598193.551],[207682.469,597895.053],[207787.38,597811.728],[208293.276,597596.112],[208879.053,597442.608],[210116.959,597207.033],[210287.186,597149.558],[210527.113,596996.506],[210783.814,596759.571],[210886.758,596534.878],[210984.406,596105.937],[211163.035,595699.54],[211293.816,595555.376],[211372.549,595518.57],[211571.232,595480.619],[211752.622,595516.711],[211923.379,595640.17],[212297.989,596016.558],[212553.866,596126.199],[212727.422,596146.541],[213425.256,595895.157],[214039.367,595792.715],[214464.923,595505.857],[214635.234,595434.957],[214930.669,595370.691],[214538.143,592155.433],[214777.199,592076.487],[214953.336,592104.174],[215192.955,592010.341],[215337.271,591915.375],[215402.823,591757.369],[215464.812,591691.924],[215134.488,591329.815],[214607.214,591201.857],[214401.654,591070.639],[214159.504,590666.841],[214148.596,590364.35],[213936.124,590115.921],[213908.673,589793.304],[213779.586,589611.299],[213732.846,589643.005],[213726.5,589720.227],[213569.444,589771.789],[213201.198,589753.285],[213029.454,589674.351],[212774.386,589419.506],[212762.902,589148.902],[212683.407,588781.481],[212721.453,588493.664],[212650.089,588195.183],[212758.818,587782.945],[212943.334,587519.822],[212936.557,587293.406],[212808.141,587152.174],[212677.242,587106.024],[212528.233,587095.333],[212419.862,587212.908],[212341.612,587200.063],[212260.738,587141.389],[212134.609,586988.293],[212129.047,586875.256],[212095.667,586823.103],[211983.566,586690.158],[211845.758,586614.287],[211813.245,586550.572],[211746.621,586365.97],[211835.867,586189.554],[211766.16,586022.668],[211603.451,585914.177],[211391.145,585907.842],[211381.182,585824.082],[211374.646,585758.226],[211422.955,585662.851],[211571.92,585596.207],[211591.226,585535.33],[211530.01,585277.726],[211409.209,585182.035],[211259.618,585201.54],[211218.76,585130.553],[211260.436,584946.336],[211388.306,584852.728],[211346.123,584632.747],[211276.776,584574.17],[211128.253,584629.365],[211044.256,584567.225],[210896.622,584529.0],[210807.07,584404.416],[210609.222,584383.425],[210510.858,584315.62],[210466.534,584245.49],[210786.247,583980.842],[210908.341,584003.518],[210930.455,583901.936],[210677.066,583780.015],[210299.782,583694.191],[210307.093,583589.82],[210256.99,583585.85],[210260.846,583503.086],[210390.725,583401.85],[210223.777,583381.678],[210281.956,583316.512],[210388.302,583319.46],[210422.321,583290.97],[210485.915,583104.051],[210656.476,583144.642],[210925.005,582929.496],[210947.181,582711.105],[211032.627,582568.633],[210980.233,582413.427],[211072.062,582285.444],[211298.095,582097.037],[211303.144,581868.263],[211226.111,581717.886],[211288.337,581555.17],[211192.556,581427.948],[211077.637,581380.363],[210981.244,581270.501],[210943.664,581187.257],[210990.904,581071.943],[210958.651,580918.253],[210792.161,580753.322],[210760.6,580657.406],[210782.521,580567.674],[210649.795,580436.975],[210573.223,580239.982],[210397.58,580077.52],[210253.175,580007.467],[210102.15,579823.596],[210069.648,579700.127],[209940.249,579561.084],[209859.894,579536.795],[209733.928,579565.078],[209613.314,579551.856],[209428.261,579430.392],[209296.258,579392.508],[209316.91,579232.582],[209272.082,579133.188],[209311.396,579007.53],[209281.51,578818.654],[209174.793,578685.452],[209013.161,578623.313],[208915.508,578416.763],[208845.094,578338.233],[208656.259,577794.383],[208544.113,577640.712],[208283.262,576919.06],[208107.717,576271.708],[207876.484,575989.029],[207836.076,575791.98],[207815.277,575038.16],[207737.468,572409.265],[207769.459,572326.755],[207822.326,572275.637],[207981.122,572223.845],[208328.835,571860.846],[208448.22,571685.597],[208585.095,571461.24],[208731.228,571305.326],[208707.036,571280.461],[209758.41,570172.699],[210936.259,570115.761],[211242.856,570031.846],[211853.827,569958.762],[212313.136,569970.539],[213343.128,570084.384],[213589.512,570068.671],[214384.963,569743.835],[214992.839,569267.377],[215372.397,568750.293],[215518.075,568489.345],[215898.884,568341.711],[217167.199,567870.891],[219135.974,567129.401],[219922.47,569356.584],[220384.388,569410.398],[220502.864,571004.144],[221584.421,574097.584],[221520.111,574100.536],[221504.711,574540.187],[221924.313,574959.536],[221980.397,575056.703],[222066.453,575107.93],[222074.888,575246.952],[222153.028,575222.552],[222268.555,575479.323],[222343.979,575534.302],[222418.084,575680.977],[222922.607,576077.398],[223010.389,576253.159],[223006.873,576810.18],[223099.479,577151.965],[223249.869,577319.712],[223463.244,577362.197],[223457.929,577392.73],[223742.082,577507.579],[223810.395,577488.242],[223864.99,577509.335],[224082.826,577661.88],[224151.098,577642.936],[224305.647,577701.644],[224526.831,577840.678],[224725.558,577908.997],[225007.89,578186.456],[225095.723,578210.662],[225147.816,578157.104],[225225.473,578173.039],[225443.02,578367.771],[225578.655,578432.588],[225669.712,578578.23],[225756.81,578824.547],[225874.929,579385.48],[226081.581,579441.174],[226078.731,579464.45],[226915.425,579811.904],[228081.623,580211.578],[228402.769,580255.978],[228415.423,580197.568],[228621.315,580172.273],[228664.485,580080.771],[228804.872,579960.651],[228857.184,579979.318],[228885.088,579944.461],[228870.885,579866.106],[228907.93,579693.036],[228999.371,579625.264],[229149.418,579630.076],[229804.637,579854.253],[229951.437,579751.629],[230017.694,579735.352],[230028.189,579700.955],[230231.419,579546.57],[230261.826,579512.763],[230369.376,579612.951],[230415.393,579649.346],[230852.975,579493.598],[231411.099,579372.025],[231347.5,579314.973],[231690.464,578086.525],[232033.098,577804.54],[232187.343,577507.259],[232284.591,577518.557],[232611.492,577785.829],[232630.254,577756.412],[232982.696,577125.593],[233025.232,577125.447],[233064.511,577068.314],[233374.981,576478.918],[233696.582,575179.808],[234862.674,575864.324],[234824.78,575710.815],[234910.072,575708.834],[234895.053,575602.008],[235001.827,575420.4],[235028.622,575231.01],[235258.5,575062.472],[235094.552,574828.672],[235091.347,574781.981],[235200.8,574603.761],[235167.662,574578.611],[235289.975,574279.561],[235342.078,573863.473],[235442.487,573807.823],[235549.956,573802.438],[235880.817,573858.843],[235875.555,573755.629],[235961.301,573704.864],[236153.025,573785.334],[236606.161,573194.703],[236678.931,573193.82],[236773.793,573123.69],[237136.037,572783.79],[237079.706,572483.08],[237143.633,572461.629],[237316.107,572516.828],[237319.433,572414.092],[237421.545,572381.441],[237447.914,572315.274],[237414.827,572279.035],[237445.433,572162.796],[237630.624,571958.71],[237602.46,571947.653],[237645.861,571774.701],[237736.572,571638.68],[238046.648,571365.905],[238062.319,571305.456],[238032.642,571208.999],[238098.94,571035.61],[238119.492,571008.749],[238180.299,571049.311],[238258.539,570993.392],[238045.26,570730.705],[238100.208,570687.907],[238081.403,570589.911],[238192.766,570551.481],[238180.047,570508.408],[238211.92,570483.468],[238463.984,570447.527],[238507.602,570388.342],[238616.48,570343.088],[238659.837,570275.942],[238604.387,570252.441],[238564.99,570139.283],[238676.962,570008.655],[238704.033,569803.262],[238609.297,569737.062],[238625.705,569623.144],[238564.656,569599.603],[238535.847,569530.317],[239999.99,570266.632],[240577.165,570520.597],[240567.166,570546.299],[240953.617,570710.278],[240935.727,570737.119],[241131.961,570796.272],[241225.447,570867.565],[241626.967,570967.31],[242540.946,571268.703],[243642.342,571196.257],[244257.081,571206.699],[245406.856,571142.786],[245728.59,570818.897],[245779.621,570840.282],[245829.18,570749.494],[246095.738,570509.466],[246202.281,570285.181],[246341.184,570275.063],[246393.646,570139.699],[248063.151,568446.814],[250613.98,565856.745],[253866.513,562553.169],[258968.204,557381.577],[264510.219,549869.953],[264542.662,549870.685],[264660.695,549724.744],[265027.181,549411.558],[265276.474,549244.842],[266544.559,548926.9],[264592.542,544105.72],[266294.389,544132.483],[266424.511,543746.525],[266387.514,543719.351],[266533.572,543287.009],[266733.393,543362.506],[267079.803,542849.019],[267138.165,542884.761],[267480.461,542336.809],[267890.769,541798.528],[267924.939,541817.188],[267965.971,541739.161],[268074.921,541807.927],[268277.871,541431.334],[268334.979,541386.802],[268776.604,541644.627],[268781.442,541501.252],[268514.884,541111.147],[268486.924,540442.092],[268535.831,540391.415],[268528.778,540358.579],[269915.439,540356.46],[269586.788,541442.126],[269523.062,541652.685],[270652.681,543266.097],[270807.208,543533.992],[271132.572,544134.752],[271348.563,544512.615],[271592.576,544937.916],[272289.311,546159.281],[272550.896,546630.422],[273760.582,548807.964],[274004.527,549248.315],[274897.314,550720.093],[275593.149,551925.322],[275617.942,551972.194],[275619.178,551982.021],[275665.125,552189.557],[275684.845,552276.769],[276104.436,553859.737],[276803.342,556617.132],[277315.72,558576.316],[277757.168,559211.093],[277832.743,559339.702],[277794.998,559403.426],[277520.968,559774.276],[277458.766,560244.902],[276965.4,563760.867],[276826.353,564720.648],[276574.315,566461.36],[276415.994,567546.195],[276447.363,568935.061],[276507.534,570178.866],[276562.708,571141.771],[275205.195,572046.005],[275389.796,572326.987],[275241.939,572403.012],[275120.234,572576.05],[275058.342,572709.832],[274983.097,573124.782],[274896.892,573867.888],[274895.675,573915.507],[274978.188,573854.936],[275159.903,574082.625],[275192.274,574169.825],[275203.127,574260.775],[275229.018,574364.792],[275339.176,574609.965],[275584.433,574984.824],[275584.819,574985.446],[275567.434,575233.616],[275535.702,575723.63],[275535.417,575753.738],[275532.993,576027.277],[275654.848,576275.981],[275617.405,576431.188],[275602.257,576515.087],[276168.705,577626.988],[276170.521,577630.596],[276448.847,578177.128],[276580.221,578177.047],[276762.573,578187.221],[276946.594,578212.083],[277125.236,578256.412],[277996.858,578597.512],[277997.628,578626.312],[277998.557,578660.627],[277797.939,578775.972],[276856.331,579410.484],[276697.037,579517.734],[276886.584,579909.974],[276894.557,579919.917],[276956.844,579997.704],[277178.949,580226.396],[277182.534,580230.049],[277242.17,580332.934],[277299.488,580559.844],[277311.884,580700.832],[277282.308,581379.339],[277222.859,582423.552],[277217.435,582450.302],[277181.74,582626.865],[277034.648,583065.582],[276860.486,583534.625],[276783.318,583844.524],[276770.82,583894.81],[276753.792,583963.074],[276793.727,583965.087],[276847.313,583949.076],[276881.273,583944.314],[276888.782,583943.28],[276888.077,583947.381],[276895.311,583950.626],[276811.11,584503.953],[276621.188,585524.728],[276620.997,585525.669],[276608.628,585592.214],[276609.807,585591.799],[276606.784,585609.648],[276603.523,585628.994],[276598.929,585656.155],[276597.007,585667.463],[276596.576,585669.957],[276595.045,585678.992],[276510.205,586180.538],[276286.917,587499.985],[276030.315,589015.896],[274936.656,595472.495],[273876.011,595560.146],[271269.159,595434.37],[270000.012,595320.982],[269846.952,595307.293],[269356.768,595166.093],[269189.992,595118.029],[266574.126,594364.224],[263742.447,594329.895],[262848.736,594557.308],[262132.486,595128.518],[261991.953,595620.244],[262048.661,596394.425],[261979.379,597011.657],[260283.472,600096.871],[259614.224,601102.721],[259095.838,601987.972],[258435.449,604323.921],[257976.337,605850.785],[257659.568,606904.634],[257117.08,608098.74],[257021.029,608247.265],[256822.495,608553.869],[256544.486,608983.538],[256264.636,609207.832],[255981.321,609435.409],[254866.201,609813.814],[253760.885,609728.986],[252644.787,610169.894],[252641.833,610173.062],[251598.66,611310.897],[250947.111,612021.62],[250486.302,612500.001],[250103.413,612897.481],[250099.648,612901.525],[248136.602,614285.078],[245332.308,616364.723],[242533.876,618260.437],[239736.586,620219.446],[238429.428,621278.889],[237796.739,621876.291],[236670.557,620908.404],[236641.464,620883.358],[236426.562,620698.721],[236195.381,620500.011],[234137.437,620497.814],[224000.017,620499.999],[218999.972,617500.178],[219009.835,615498.469],[220009.84,615748.441],[221009.87,615498.482],[221803.676,615526.408],[222412.438,615462.124],[222928.482,615050.512],[223271.951,614563.679],[223447.059,613710.11],[223389.767,613162.836],[223230.798,612887.389],[222823.081,612535.492],[222346.048,612474.076],[221203.806,612603.795],[221009.847,612498.474],[220009.857,612748.443],[219009.848,612748.441],[219000.047,607098.442],[208649.32,603299.867],[208479.723,603048.642],[208471.415,603036.305]]]}}]}
